CODIGO;FROTA
1200013;5565
1200054;1652
1200104;8845
1200138;1986
1200179;2017
1200203;31135
1200252;5870
1200302;3543
1200328;111
1200336;3420
1200344;1070
1200351;321
1200385;4474
1200807;3544
1200393;275
1200401;179395
1200427;1424
1200435;162
1200500;7958
1200450;6501
1200609;4624
1200708;3939
2700102;4102
2700201;2670
2700300;104908
2700409;6305
2700508;1921
2700607;1683
2700706;3591
2700805;1133
2700904;724
2701001;5436
2701100;1370
2701209;2032
2701308;2843
2701357;606
2701407;4584
2701506;2368
2701605;2514
2701704;1966
2701803;1139
2701902;1230
2702009;2615
2702108;1605
2702207;981
2702306;12688
2702355;5330
2702405;18949
2702504;2574
2702553;3323
2702603;4554
2702702;611
2702801;1392
2702900;8253
2703007;2034
2703106;5184
2703205;4324
2703304;3995
2703403;884
2703502;572
2703601;1259
2703700;809
2703759;1283
2703809;2357
2703908;597
2704005;5338
2704104;4617
2704203;4804
2704302;333759
2704401;3259
2704906;903
2704500;3764
2704609;2053
2704708;10292
2704807;2605
2705002;4007
2705101;3709
2705200;2282
2705309;1253
2705408;1010
2705507;3982
2705606;1620
2705705;5102
2705804;1492
2705903;975
2706000;2405
2706109;2566
2706208;495
2706307;24137
2706406;2945
2706422;2089
2706448;1875
2706505;1537
2706604;1262
2706703;16898
2706802;2056
2706901;6602
2707008;401
2707107;5050
2707206;2549
2707305;4929
2707404;1151
2707503;2117
2707602;2023
2707701;15043
2707800;898
2707909;1128
2708006;15527
2708105;2438
2708204;512
2708303;3566
2708402;5048
2708501;4635
2708600;14462
2708709;1354
2708808;7436
2708907;3019
2708956;1980
2709004;1213
2709103;4379
2709152;7705
2709202;3341
2709301;16212
2709400;5720
1300029;648
1300060;292
1300086;163
1300102;470
1300144;3559
1300201;453
1300300;1958
1300409;1007
1300508;594
1300607;1530
1300631;401
1300680;411
1300706;3117
1300805;879
1300839;276
1300904;222
1301001;2509
1301100;2123
1301159;438
1301209;10256
1301308;612
1301407;1799
1301506;446
1301605;1449
1301654;276
1301704;7564
1301803;36
1301852;6539
1301902;23368
1301951;282
1302009;741
1302108;284
1302207;450
1302306;583
1302405;2109
1302504;16175
1302553;627
1302603;718205
1302702;2068
1302801;509
1302900;4955
1303007;557
1303106;1104
1303205;1274
1303304;820
1303403;18090
1303502;197
1303536;6787
1303569;4259
1303601;382
1303700;835
1303809;3682
1303908;1102
1303957;272
1304005;372
1304062;8705
1304104;520
1304203;11432
1304237;476
1304260;514
1304302;738
1304401;582
1600105;632
1600204;740
1600212;165
1600238;561
1600253;161
1600279;5188
1600303;152475
1600402;1016
1600501;3289
1600154;691
1600535;2233
1600550;125
1600600;26337
1600055;508
1600709;561
1600808;357
2900108;2007
2900207;2543
2900306;2632
2900355;1560
2900405;2169
2900603;521
2900702;55987
2900801;3983
2900900;682
2901007;11273
2901106;6147
2901155;2158
2901205;2837
2901304;1552
2901353;3068
2901403;2104
2901502;1330
2901601;2111
2901700;1458
2901809;1599
2901908;2874
2901957;1085
2902054;2164
2902005;2744
2902104;8424
2902203;1384
2902252;1036
2902302;1373
2902401;1471
2902500;2334
2902609;3533
2902658;1744
2902708;6672
2902807;7603
2902906;4971
2903003;2011
2903102;679
2903201;78853
2903235;2078
2903300;567
2903276;4710
2903409;2631
2903508;2589
2903607;2524
2903706;1338
2903805;2447
2903904;22590
2903953;1058
2904001;2917
2904050;2104
2904100;4674
2904209;2315
2904308;2343
2904407;1998
2904506;1785
2904605;37600
2904704;3339
2904753;1500
2904803;947
2904852;2554
2904902;5357
2905008;8067
2905107;1726
2905156;1362
2905206;17370
2905305;3152
2905404;838
2905503;2007
2905602;5761
2905701;91506
2905800;5207
2905909;2056
2906006;15761
2906105;1840
2906204;5155
2906303;5035
2906402;1009
2906501;25932
2906600;3047
2906709;5164
2906808;6831
2906824;2512
2906857;2553
2906873;13884
2906899;1188
2906907;3042
2907004;1211
2907103;5406
2907202;13300
2907301;5601
2907400;481
2907509;16071
2907558;1789
2907608;3033
2907707;1193
2907806;8140
2907905;4703
2908002;3747
2908101;4302
2908200;4875
2908309;3334
2908408;22979
2908507;11170
2908606;3299
2908705;3697
2908804;840
2908903;5611
2909000;1564
2909109;2850
2909208;1568
2909307;8525
2909406;1976
2909505;652
2909604;3488
2909703;2519
2909802;29982
2909901;3594
2910008;1104
2910057;22100
2910107;4275
2910206;1009
2910305;1775
2910404;2252
2910503;8801
2900504;2082
2910602;6419
2910701;13271
2910727;46789
2910750;1963
2910776;1109
2910800;277893
2910859;3409
2910909;674
2911006;1311
2911105;4903
2911204;9910
2911253;831
2911303;1500
2911402;3487
2911501;613
2911600;6543
2911659;1146
2911709;46643
2911808;3531
2911857;1452
2911907;5190
2912004;2731
2912103;4668
2912202;5154
2912301;2546
2912400;2268
2912509;4238
2912608;462
2912707;2389
2912806;1754
2912905;4037
2913002;3644
2913101;2614
2913200;9708
2913309;1784
2913408;3111
2913457;1646
2913507;3443
2913606;42463
2913705;8441
2913804;1684
2913903;14314
2914000;16740
2914109;2408
2914208;1108
2914307;1285
2914406;4271
2914505;6801
2914604;32555
2914653;8038
2914703;22751
2914802;76478
2914901;2571
2915007;2438
2915106;1828
2915205;1976
2915304;1338
2915353;1397
2915403;837
2915502;3915
2915601;21268
2915700;1410
2915809;3170
2915908;633
2916005;4517
2916104;2946
2916203;1475
2916302;1282
2916401;19693
2916500;2057
2916609;914
2916708;1048
2916807;3248
2916856;4502
2916906;2853
2917003;6238
2917102;3397
2917201;4378
2917300;5645
2917334;2106
2917359;2028
2917409;2294
2917508;30500
2917607;13193
2917706;7623
2917805;1877
2917904;802
2918001;65703
2918100;7167
2918209;3345
2918308;1973
2918357;5041
2918407;99511
2918456;1316
2918506;3107
2918555;844
2918605;2189
2918704;624
2919058;1310
2918753;2242
2918803;4895
2918902;792
2919009;493
2919108;1011
2919157;4603
2919207;78273
2919306;2828
2919405;2952
2919504;17323
2919553;49177
2919603;1541
2919702;3346
2919801;11815
2919900;753
2919926;3250
2919959;975
2920007;1577
2920106;3117
2920205;2399
2920304;2207
2920403;1671
2920452;627
2920502;6334
2920601;5730
2920700;1316
2920809;1487
2920908;1445
2921005;10512
2921054;1767
2921104;5933
2921203;5376
2921302;2499
2921401;2183
2921450;1073
2921500;7584
2921609;684
2921708;5960
2921807;2714
2921906;3208
2922003;7676
2922052;1760
2922102;2986
2922201;1565
2922250;1036
2922300;6689
2922409;8183
2922508;7464
2922607;1873
2922656;1831
2922706;1652
2922730;2016
2922755;871
2922805;892
2922854;983
2922904;4066
2923001;7546
2923035;3593
2923050;1318
2923100;4316
2923209;4344
2923308;783
2923357;3169
2923407;4092
2923506;2255
2923605;6929
2923704;3720
2923803;6180
2923902;1768
2924009;53049
2924058;2744
2924108;674
2924207;793
2924306;3879
2924405;2172
2924504;3099
2924603;3515
2924652;2344
2924678;2195
2924702;2059
2924801;3484
2924900;1383
2925006;3893
2925105;13010
2925204;10315
2925253;3107
2925303;47950
2925402;1364
2925501;4972
2925600;3392
2925709;1455
2925758;6369
2925808;4850
2925907;2697
2925931;2037
2925956;3264
2926004;8672
2926103;4026
2926202;2751
2926301;9669
2926400;6748
2926509;1857
2926608;15241
2926657;822
2926707;3589
2926806;2782
2926905;3328
2927002;9652
2927101;2119
2927200;6616
2927309;1185
2927408;915186
2927507;4137
2927606;2121
2927705;6111
2927804;573
2927903;1629
2928059;1347
2928109;13222
2928406;3781
2928505;1533
2928000;7832
2928208;6909
2928307;1532
2928604;10553
2928703;51823
2928802;17346
2928901;6508
2928950;2045
2929107;6056
2929008;2305
2929057;5503
2929206;7395
2929255;3329
2929305;7394
2929354;842
2929370;2219
2929404;2088
2929503;9234
2929602;4676
2929701;2114
2929750;1380
2929800;2281
2929909;18890
2930006;1503
2930105;24806
2930204;3012
2930154;6129
2930303;3437
2930402;2678
2930501;30603
2930600;3298
2930709;39434
2930758;1433
2930766;1658
2930774;5383
2930808;2910
2930907;1919
2931004;5694
2931053;4716
2931103;1410
2931202;3300
2931301;1763
2931350;63240
2931400;829
2931509;5296
2931608;2929
2931707;1327
2931806;2593
2931905;10197
2932002;4406
2932101;4254
2932200;5196
2932309;4161
2932408;2698
2932457;1724
2932507;3119
2932606;4948
2932705;3625
2932804;3036
2932903;26111
2933000;6596
2933059;2602
2933109;2127
2933158;2417
2933174;1962
2933208;6169
2933257;1185
2933307;140126
2933406;1080
2933455;2275
2933505;3656
2933604;8701
2300101;2534
2300150;2755
2300200;15949
2300309;16026
2300408;2906
2300507;3961
2300606;1702
2300705;4374
2300754;8615
2300804;2330
2300903;4032
2301000;22104
2301109;23293
2301208;6124
2301257;3244
2301307;6116
2301406;3039
2301505;1853
2301604;5963
2301703;5594
2301802;1546
2301851;4035
2301901;20368
2301950;6685
2302008;4980
2302057;2982
2302107;10319
2302206;12496
2302305;8083
2302404;19544
2302503;20028
2302602;18361
2302701;11146
2302800;26457
2302909;4004
2303006;4519
2303105;5052
2303204;7794
2303303;4457
2303402;4402
2303501;20554
2303600;3582
2303659;2198
2303709;93002
2303808;8543
2303907;2506
2303931;2861
2303956;5910
2304004;5520
2304103;31973
2304202;51821
2304236;5110
2304251;9835
2304269;2895
2304277;1161
2304285;24724
2304301;4445
2304350;7136
2304400;1098652
2304459;3613
2304509;5622
2304608;1629
2304657;4111
2304707;10181
2304806;531
2304905;4944
2304954;4172
2305001;16063
2305100;1794
2305209;5720
2305233;21687
2305266;2934
2305308;7277
2305332;3278
2305357;6620
2305407;23780
2305506;49704
2305605;10243
2305654;3792
2305704;9574
2305803;14366
2305902;11268
2306009;5341
2306108;4931
2306207;2851
2306256;12084
2306306;15782
2306405;37960
2306504;3834
2306553;9174
2306603;4711
2306702;5578
2306801;4495
2306900;14011
2307007;11714
2307106;8559
2307205;2385
2307254;8789
2307304;119898
2307403;6760
2307502;6792
2307601;31269
2307635;4379
2307650;71906
2307700;26547
2307809;7624
2307908;2303
2308005;9471
2308104;12042
2308203;4086
2308302;6698
2308351;5189
2308377;2316
2308401;11384
2308500;12015
2308609;5511
2308708;23844
2308807;2119
2308906;5240
2309003;4769
2309102;2366
2309201;4231
2309300;12005
2309409;11482
2309458;6880
2309508;6325
2309607;23490
2309706;16161
2309805;3066
2309904;2004
2310001;3747
2310100;2109
2310209;9243
2310258;8814
2310308;10671
2310407;2899
2310506;14454
2310605;3549
2310704;12069
2310803;10570
2310852;5348
2310902;4048
2310951;2374
2311009;3491
2311108;4404
2311207;2390
2311231;1819
2311264;6900
2311306;31650
2311355;5272
2311405;25586
2311504;9123
2311603;7703
2311702;5661
2311801;36360
2311900;3698
2311959;2691
2312205;13687
2312007;7193
2312106;3592
2312304;17526
2312403;14987
2312502;3398
2312601;2886
2312700;8537
2312809;1563
2312908;94001
2313005;6117
2313104;18281
2313203;7985
2313252;2074
2313302;23790
2313351;3632
2313401;36414
2313500;11267
2313559;3750
2313609;11515
2313708;1181
2313757;3409
2313807;4937
2313906;3323
2313955;7517
2314003;15033
2314102;16657
5300108;1812473
3200102;19372
3200169;5240
3200136;5369
3200201;13556
3200300;9944
3200359;3369
3200409;11871
3200508;4748
3200607;42829
3200706;5261
3200805;17074
3200904;23006
3201001;6133
3201100;12986
3201159;6471
3201209;113523
3201308;158533
3201407;25967
3201506;62650
3201605;7028
3201704;7406
3201803;2239
3201902;24702
3202009;3761
3202108;8960
3202207;7620
3202256;6353
3202306;18014
3202405;70317
3202454;15558
3202504;5726
3202553;4568
3202603;12494
3202652;7242
3202702;7527
3202801;15339
3202900;7177
3203007;15360
3203056;13774
3203106;5626
3203130;7710
3203163;7604
3203205;74665
3203304;5683
3203320;21231
3203346;11940
3203353;7652
3203403;13048
3203502;6834
3203601;1945
3203700;9323
3203809;7068
3203908;25236
3204005;8325
3204054;9787
3204104;8358
3204203;10662
3204252;2334
3204302;7722
3204351;13478
3204401;6889
3204500;6945
3204559;33710
3204609;15524
3204658;5034
3204708;21011
3204807;5246
3204906;49997
3204955;6604
3205002;202827
3205010;8943
3205036;11506
3205069;17713
3205101;31311
3205150;5340
3205176;9305
3205200;224025
3205309;199634
5200050;4426
5200100;5761
5200134;11493
5200159;1279
5200175;1200
5200209;841
5200258;33150
5200308;12530
5200506;1102
5200555;2446
5200605;2580
5200803;3855
5200829;674
5200852;2875
5200902;1566
5201108;267068
5201207;532
5201306;11670
5201405;289567
5201454;1292
5201504;1879
5201603;1995
5201702;16071
5201801;4346
5202155;3401
5202353;1134
5202502;2648
5202601;1467
5202809;1254
5203104;444
5203203;4598
5203302;17632
5203401;4067
5203500;14190
5203559;3046
5203575;850
5203609;1411
5203807;2758
5203906;5690
5203939;1659
5203962;932
5204003;2868
5204102;5060
5204201;575
5204250;3816
5204300;7758
5204409;7734
5204508;63160
5204557;1914
5204607;1564
5204656;1315
5204706;6027
5204805;3117
5204854;2670
5204904;10649
5204953;1631
5205000;4911
5205059;1390
5205109;79625
5205208;2361
5205307;1670
5205406;19740
5205455;4312
5205471;6553
5205497;11524
5205513;5381
5205521;795
5205703;1161
5205802;4149
5205901;4435
5206206;30242
5206305;1884
5206404;8549
5206503;2078
5206602;1533
5206701;991
5206800;1673
5206909;891
5207105;1003
5208301;842
5207253;4520
5207352;1972
5207402;7130
5207501;1585
5207535;2330
5207600;3064
5207808;5446
5207907;1324
5208004;72479
5208103;2469
5208152;1044
5208400;6017
5208509;2705
5208608;42728
5208707;1172648
5208806;20728
5208905;12479
5209101;25569
5209150;1727
5209200;7277
5209291;1023
5209408;1017
5209457;540
5209606;1685
5209705;10592
5209804;1508
5209903;3501
5209937;2192
5209952;6842
5210000;36929
5210109;13714
5210158;1291
5210208;27074
5210307;1084
5210406;26636
5210562;2841
5210604;3302
5210802;2793
5210901;10581
5211008;3870
5211206;19671
5211305;2480
5211404;3860
5211503;83179
5211602;717
5211701;3121
5211800;24753
5211909;74837
5212006;1335
5212055;700
5212105;4524
5212204;15447
5212253;550
5212303;3416
5212501;64686
5212600;1230
5212709;2404
5212808;5109
5212907;1123
5212956;1833
5213004;6074
5213053;348
5213087;19310
5213103;42958
5213400;638
5213509;1178
5213707;4070
5213756;6778
5213772;1243
5213806;31538
5213855;1306
5213905;2215
5214002;8203
5214051;2348
5214101;1785
5214408;3286
5214507;16255
5214606;20802
5214705;1316
5214804;1220
5214838;5043
5214861;4263
5214879;1061
5214903;681
5215009;3883
5215207;1861
5215231;13714
5215256;1431
5215306;9615
5215405;1804
5215504;3088
5215603;7481
5215652;1224
5215702;15681
5215801;1051
5215900;2287
5216007;1061
5216304;4557
5216403;6944
5216452;1159
5216809;4180
5216908;814
5217104;16469
5217203;6990
5217302;12485
5217401;21057
5217609;22941
5217708;11284
5218003;32401
5218052;1644
5218102;1414
5218300;17247
5218391;1125
5218508;34622
5218607;8138
5218706;2660
5218789;2009
5218805;139977
5218904;13125
5219001;5390
5219100;2752
5219209;783
5219258;2272
5219308;25349
5219357;1279
5219407;4612
5219456;574
5219506;1538
5219605;1766
5219704;4516
5219712;1356
5219738;2873
5219753;11697
5219803;2275
5219902;2443
5220058;1018
5220009;2936
5220108;23137
5220157;1916
5220207;13264
5220264;1627
5220280;884
5220405;9227
5220454;53190
5220504;3062
5220603;12120
5220686;2589
5220702;518
5221007;1685
5221080;560
5221197;2736
5221304;1497
5221403;61816
5221452;1451
5221502;2475
5221551;1689
5221577;946
5221601;27507
5221700;8771
5221809;1491
5221858;36044
5221908;2076
5222005;9559
5222054;4988
5222203;766
5222302;906
2100055;41258
2100105;635
2100154;633
2100204;1923
2100303;2825
2100402;1298
2100436;4016
2100477;3271
2100501;2148
2100550;718
2100600;7740
2100709;3490
2100808;2061
2100832;969
2100873;1321
2100907;1776
2100956;5315
2101004;6553
2101103;2110
2101202;39642
2101251;2948
2101301;989
2101350;718
2101400;53994
2101509;2766
2101608;29735
2101707;7559
2101772;2346
2101731;404
2101806;216
2101905;2914
2101939;1505
2101970;494
2102002;6355
2102036;4560
2102077;2124
2102101;3509
2102150;1249
2102200;3528
2102309;3107
2102325;16164
2102358;2362
2102374;653
2102408;1044
2102507;1505
2102556;2873
2102606;1105
2102705;2028
2102754;2399
2102804;6530
2102903;2138
2103000;54069
2103109;989
2103125;585
2103158;958
2103174;1698
2103208;21463
2103257;3261
2103307;34358
2103406;10748
2103505;9001
2103554;1129
2103604;10644
2103703;2864
2103752;2810
2103802;8779
2103901;880
2104008;5202
2104057;9976
2104073;1195
2104081;964
2104099;3693
2104107;4067
2104206;2890
2104305;905
2104404;2855
2104503;1699
2104552;3256
2104602;2400
2104628;1144
2104651;1532
2104677;3872
2104701;1355
2104800;19587
2104909;1022
2105005;1341
2105104;1595
2105153;2225
2105203;2761
2105302;152881
2105351;1065
2105401;13807
2105427;7637
2105450;824
2105476;1653
2105500;6165
2105609;3388
2105658;744
2105708;15980
2105807;1592
2105948;2958
2105906;2440
2105922;1758
2105963;1393
2105989;1255
2106003;3448
2106102;1637
2106201;628
2106300;1081
2106326;4072
2106359;677
2106375;1355
2106409;2492
2106508;3605
2106607;2630
2106631;668
2106672;327
2106706;2118
2106755;3472
2106805;2232
2106904;2591
2107001;1856
2107100;2149
2107209;993
2107258;900
2107308;515
2107357;2489
2107407;5587
2107456;1605
2107506;25924
2107605;2304
2107704;5366
2107803;2256
2107902;3233
2108009;4054
2108058;583
2108108;4784
2108207;18669
2108256;2064
2108306;3098
2108405;1831
2108454;3846
2108504;6212
2108603;24460
2108702;5468
2108801;1507
2108900;4896
2109007;6324
2109056;584
2109106;18554
2109205;991
2109239;836
2109270;1743
2109304;1393
2109403;202
2109452;5075
2109502;4478
2109551;1373
2109601;7269
2109700;681
2109759;1049
2109809;4963
2109908;32934
2110005;12896
2110039;5297
2110104;2873
2110203;7788
2110237;576
2110278;347
2110302;3620
2110401;1653
2110500;7045
2110609;3469
2110658;1074
2110708;8711
2110807;324
2110856;1799
2110906;297
2111003;2605
2111029;1365
2111052;2012
2111078;1488
2111102;10180
2111201;39101
2111250;1261
2111300;402961
2111409;3360
2111508;9196
2111532;2200
2111573;909
2111607;4644
2111631;742
2111672;992
2111706;2293
2111722;989
2111748;1426
2111763;5070
2111789;357
2111805;3565
2111904;1400
2111953;902
2112001;1764
2112100;3411
2112209;46351
2112233;7842
2112274;787
2112308;7182
2112407;2982
2112456;1809
2112506;4210
2112605;3282
2112704;6960
2112803;10789
2112852;1972
2112902;5023
2113009;8753
2114007;13813
3100104;4257
3100203;12579
3100302;5962
3100401;1749
3100500;3325
3100609;3715
3100708;895
3100807;1687
3100906;5498
3101003;2246
3101102;9690
3101201;3174
3101300;1028
3101409;1683
3101508;26008
3101607;46295
3101631;3211
3101706;14051
3101805;1877
3101904;11811
3102001;8538
3102050;3246
3153509;5036
3102100;5015
3102209;1982
3102308;5941
3102407;1221
3102506;1932
3102605;27668
3102803;4963
3102852;2603
3102902;4681
3103009;3070
3103108;891
3103207;643
3103306;661
3103405;12857
3103504;82666
3103603;1267
3103702;3355
3103751;3035
3103801;1511
3103900;4452
3104007;68390
3104106;5074
3104205;28850
3104304;7627
3104403;870
3104452;1327
3104502;6213
3104601;6362
3104700;3106
3104809;1259
3104908;10059
3105004;3170
3105103;13957
3105202;857
3105301;2841
3105509;1701
3105400;15041
3105608;67622
3105707;2005
3105905;10474
3106002;4267
3106101;1159
3106200;2075823
3106309;9037
3106408;4216
3106507;3503
3106655;1414
3106606;653
3106705;190454
3106804;1050
3106903;7685
3107000;1433
3107109;21826
3107208;3072
3107307;20391
3107406;30171
3107505;3703
3107604;3039
3107703;2455
3107802;4825
3107901;6603
3108008;7255
3108107;4012
3108206;2391
3108255;1318
3108305;9549
3108404;8674
3108503;1176
3108701;2071
3108552;6455
3108602;11290
3108909;7220
3108800;1451
3109006;19048
3109105;7305
3109204;3484
3109253;1180
3109303;8439
3109402;8561
3109451;1037
3109501;5661
3109600;1496
3109709;4691
3102704;1773
3109808;975
3109907;4693
3110004;19759
3110103;1936
3110202;1708
3110301;7213
3110400;1527
3110509;13334
3110608;18238
3110707;6013
3110806;927
3110905;8605
3111002;14329
3111101;9045
3111150;673
3111200;31098
3111309;4867
3111408;3756
3111507;7138
3111606;11509
3111903;2588
3111705;2532
3111804;4945
3112000;8064
3112059;1415
3112109;2565
3112208;2221
3112307;20774
3112406;3175
3112505;3892
3112604;7679
3112653;1835
3112703;3403
3112802;6578
3112901;5113
3113008;3519
3113107;1012
3113206;13531
3113305;14703
3113404;42003
3113503;4710
3113602;2479
3113701;5723
3113800;2528
3113909;4375
3114006;5306
3114105;4288
3114204;12640
3114303;19993
3114402;11173
3114501;10403
3114550;5179
3114600;1534
3114709;1897
3114808;2044
3114907;1029
3115003;1130
3115102;9654
3115300;36746
3115359;2501
3115409;1350
3115458;1622
3115474;1631
3115508;11164
3115607;437
3115706;3053
3115805;2951
3115904;1086
3116001;3230
3116100;2220
3116159;3394
3116209;1948
3116308;3016
3116407;2163
3116506;2345
3116605;17231
3116704;3824
3116803;3502
3116902;1137
3117009;1713
3117108;5828
3115201;1685
3117306;12500
3117207;1521
3117405;1972
3117504;6861
3117603;2764
3117702;4890
3117801;4941
3117836;1355
3117876;4444
3117900;6352
3118007;27937
3118106;1368
3118205;3209
3118304;73375
3118403;8366
3118502;546
3118601;334359
3118700;4314
3118809;6939
3118908;2937
3119005;1251
3119104;10652
3119203;2814
3119302;16854
3119401;48887
3119500;2401
3119609;759
3119708;1340
3119807;1333
3119906;2023
3119955;3346
3120003;896
3120102;1456
3120151;859
3120201;5890
3120300;1472
3120409;2821
3120508;3672
3120607;3248
3120706;1796
3120805;8378
3120839;1673
3120870;2018
3120904;43319
3121001;1603
3121100;2773
3121209;2996
3121258;5450
3121308;2068
3121407;4111
3121506;1783
3121605;21931
3121704;1250
3121803;2195
3121902;1393
3122009;10547
3122108;1372
3122207;2920
3122306;141585
3122355;1158
3122405;2669
3122454;1299
3122470;1395
3122504;2968
3122603;1296
3122702;2365
3122801;1207
3122900;3464
3123007;5571
3123106;1764
3123205;7570
3123304;2918
3123403;657
3123502;850
3123528;3888
3123601;12831
3123700;3512
3123809;1836
3123858;2442
3123908;8795
3124005;10991
3124104;17068
3124203;12911
3124302;15584
3124401;2471
3124500;6518
3124609;838
3124708;1455
3124807;2674
3124906;5057
3125002;1015
3125101;21440
3125200;735
3125309;1089
3125408;1906
3125606;1993
3125705;5647
3125804;1043
3125903;4001
3125952;4312
3126000;3961
3126109;45694
3126208;1285
3126307;2000
3126406;1045
3126505;2575
3126604;1394
3126703;7572
3126752;1066
3126802;1301
3126901;2766
3126950;1255
3127008;7485
3127057;799
3127073;1041
3127107;42728
3127206;1455
3127305;1780
3127339;1387
3127354;307
3127370;1342
3127388;1614
3127404;2533
3127503;2772
3127602;4579
3127701;137171
3127800;3202
3127909;571
3128006;18858
3128105;7014
3128204;3920
3128253;1645
3128303;11472
3128402;2820
3128501;1696
3128600;2950
3128709;33207
3128808;3785
3128907;3883
3129004;5299
3129103;2279
3129202;2538
3129301;4002
3129400;1703
3129509;11783
3129608;1960
3129657;1395
3129707;5986
3129806;64802
3129905;1897
3130002;818
3130051;1892
3130101;19871
3130200;5862
3130309;3708
3130408;3023
3130507;6729
3130556;2367
3130606;3704
3130655;1741
3130705;2716
3130804;801
3130903;12062
3131000;2176
3131109;2249
3131158;3902
3131208;10404
3131307;151199
3131406;1916
3131505;6179
3131604;4088
3131703;60514
3131802;5157
3131901;31163
3132008;336
3132107;5328
3132206;9495
3132305;3135
3132404;48227
3132503;16661
3132602;1598
3132701;6653
3132800;660
3132909;6427
3133006;8313
3133105;8826
3133204;5221
3133303;6243
3133402;7650
3133501;9853
3133600;5961
3133709;5911
3133758;9556
3133808;57803
3133907;1920
3134004;2709
3134103;2256
3134202;67359
3134301;2406
3134400;26860
3134509;1717
3134608;7970
3134707;2315
3134806;5406
3134905;14699
3135001;1082
3135050;14834
3135076;996
3135100;34948
3135209;25450
3135308;2263
3135357;2075
3135407;2676
3135456;2151
3135506;5003
3135605;2341
3135704;1986
3135803;5665
3135902;2071
3136009;3361
3136108;1666
3136207;44308
3136306;24593
3136405;968
3136504;1643
3136520;1787
3136553;1575
3136579;590
3136652;11148
3136702;269176
3136801;542
3136900;6648
3136959;813
3137007;3566
3137106;3578
3137205;34731
3137304;950
3137403;7569
3137502;10460
3137536;3772
3137601;32563
3137700;10023
3137809;12221
3137908;1644
3138005;3311
3138104;1662
3138203;62666
3138302;1641
3138351;1674
3138401;21937
3138500;2874
3138609;6595
3138625;4244
3138658;1891
3138674;3462
3138682;995
3138708;2775
3138807;10241
3138906;1910
3139003;22088
3139102;2430
3139201;5739
3139250;3256
3139300;5137
3139409;41355
3139508;11834
3139607;19018
3139805;6013
3139706;3832
3139904;5342
3140001;27538
3140100;1146
3140159;6493
3140209;1614
3140308;1564
3140407;1297
3140506;7964
3140530;3854
3140555;1833
3140605;1332
3140704;15309
3171501;779
3140803;7713
3140852;1457
3140902;7052
3141009;8164
3141108;17824
3141207;2077
3141306;2022
3141405;5246
3141504;2319
3141603;5326
3141702;1745
3141801;7534
3141900;1623
3142007;4366
3142106;4305
3142205;6648
3142254;819
3142304;3107
3142403;5595
3142502;263
3142601;3919
3142700;4540
3142809;11513
3142908;10326
3143005;8072
3143104;34203
3143153;1323
3143203;14397
3143401;16511
3143302;216885
3143450;2120
3143500;3444
3143609;731
3143708;1017
3143807;4259
3143906;54917
3144003;11077
3144102;15164
3144201;592
3144300;20894
3144359;1789
3144375;1118
3144409;2594
3144508;4173
3144607;13702
3144656;2505
3144672;1144
3144706;8224
3144805;49767
3144904;951
3145000;6786
3145059;2353
3145109;13490
3145208;47578
3136603;3009
3145307;8935
3145356;2134
3145372;1705
3145406;765
3145455;1879
3145505;806
3145604;22237
3145703;615
3145802;947
3145851;1764
3145877;3209
3145901;21586
3146008;20606
3146107;35819
3146206;1986
3146255;973
3146305;6567
3146552;1257
3146404;2499
3146503;4352
3146602;471
3146701;2773
3146750;1470
3146909;7788
3147105;63546
3147006;46355
3147204;11818
3147303;10692
3147402;12557
3147600;8156
3147709;4334
3147808;2592
3147501;588
3147907;73128
3147956;964
3148004;110813
3148103;59223
3148202;2769
3148301;3884
3148400;1501
3148509;1791
3148608;6383
3148707;6109
3148756;3246
3148806;1553
3148905;1956
3149002;868
3149101;5425
3149150;1949
3149200;1582
3149309;32036
3149408;729
3149507;1579
3149606;1919
3149705;5998
3149804;7803
3149903;12778
3149952;1521
3150000;888
3150109;1309
3150158;4056
3150208;1305
3150307;1712
3150406;2716
3150505;5275
3150539;940
3150570;1441
3150604;3705
3150703;2640
3150802;6092
3150901;2134
3151008;4216
3151107;8723
3151206;26380
3151305;4263
3151404;17232
3151503;23041
3151602;5061
3151701;11275
3151800;109488
3151909;3548
3152006;14278
3152105;30862
3152131;655
3152170;1935
3152204;19279
3152303;3147
3152402;4492
3152501;87527
3152600;2841
3152709;4646
3152808;14907
3152907;5264
3153004;2104
3153103;2000
3153202;1161
3153301;1017
3153400;8284
3153608;3538
3153707;1183
3153806;806
3153905;6912
3154002;11017
3154101;3693
3154150;2394
3154200;6703
3154309;7531
3154408;2494
3154457;2428
3154507;2867
3154606;110138
3154705;1347
3154804;4738
3154903;4985
3155108;963
3155009;1000
3155207;2453
3155306;2805
3155405;3912
3155504;7784
3155603;11015
3155702;5736
3155801;9552
3155900;6966
3156007;4016
3156106;1840
3156205;820
3156304;4089
3156403;1525
3156452;2506
3156502;1013
3156601;2029
3156700;49413
3156809;5925
3156908;15628
3157005;18009
3157104;585
3157203;13836
3157252;4258
3157278;4068
3157302;1899
3157336;3737
3157377;1106
3157401;1854
3157500;1702
3157609;445
3157658;1091
3157708;7467
3157807;87943
3157906;8505
3158003;4291
3158102;890
3158201;4277
3159209;6081
3159407;1099
3159308;2682
3159357;2600
3159506;3025
3159605;20961
3159704;1781
3159803;11079
3158300;3283
3158409;1483
3158508;2342
3158607;1732
3158706;723
3158805;1705
3158904;4120
3158953;8143
3159001;1539
3159100;1281
3159902;6789
3160009;1780
3160108;1430
3160207;1145
3160306;3036
3160405;17571
3160454;1884
3160504;579
3160603;798
3160702;18592
3160801;1593
3160900;1934
3160959;3112
3161007;7270
3161056;1192
3161106;16049
3161205;3084
3161304;2845
3161403;1901
3161502;3724
3161601;1366
3161650;805
3161700;2366
3161809;6546
3161908;4542
3125507;1105
3162005;11560
3162104;22986
3162203;4148
3162252;1033
3162302;1793
3162401;6050
3162450;1899
3162500;52693
3162559;5342
3162575;2307
3162609;3012
3162658;804
3162708;8893
3162807;6899
3162906;12998
3162922;12325
3162948;3383
3162955;13420
3163003;862
3163102;1867
3163201;1647
3163300;1176
3163409;1970
3163508;2083
3163607;1218
3163706;26210
3163805;3100
3163904;3333
3164100;1526
3164001;2539
3164209;2195
3164308;4748
3164407;2081
3164431;1422
3164472;2719
3164506;2590
3164605;2808
3164704;46985
3164803;471
3164902;874
3165008;5506
3165107;3421
3165206;1797
3165305;2758
3165404;3789
3165503;3047
3165537;14414
3165560;877
3165578;3155
3165602;791
3165701;5389
3165800;591
3165909;1174
3166006;2289
3166105;1168
3166204;4837
3166303;3920
3166402;765
3166501;1028
3166600;392
3166808;5612
3166709;1939
3166907;3196
3166956;1346
3167004;818
3167103;7062
3167202;128501
3165552;1522
3167301;971
3167400;2903
3167509;2146
3167608;10014
3167707;1904
3167806;2277
3167905;1804
3168002;21212
3168051;1108
3168101;2168
3168200;621
3168309;1416
3168408;5041
3168507;6726
3168606;59972
3168705;43117
3168804;4874
3168903;4368
3169000;9177
3169059;2191
3169109;3129
3169208;4659
3169307;32919
3169356;15286
3169406;28284
3169505;1171
3169604;16303
3169703;10763
3169802;2489
3169901;65883
3170008;2407
3170057;4951
3170107;223344
3170206;460470
3170305;521
3170404;52720
3170438;1724
3170479;828
3170503;3698
3170529;2473
3170578;2208
3170602;890
3170651;1751
3170701;82320
3170750;2906
3170800;13966
3170909;6483
3171006;12205
3171030;1538
3171071;2375
3171105;856
3171154;2710
3171204;44660
3171303;46275
3171402;1884
3171600;3687
3171709;3697
3171808;4879
3171907;1433
3172004;24605
3172103;1613
3172202;946
5000203;8171
5000252;2745
5000609;19595
5000708;12392
5000807;3572
5000856;6703
5000906;3411
5001003;15292
5001102;20095
5001243;2875
5001508;3687
5001904;12823
5002001;5757
5002100;8226
5002159;3725
5002209;12128
5002308;6874
5002407;14392
5002605;7976
5002704;590326
5002803;1864
5002902;15984
5002951;19678
5003108;1716
5003157;3683
5003207;40862
5003256;14449
5003306;21157
5003454;7679
5003488;3857
5003504;4089
5003702;154052
5003751;6416
5003801;13214
5003900;1257
5004007;6445
5004106;5532
5004304;7265
5004403;4774
5004502;10711
5004601;8305
5004700;17801
5004809;1640
5004908;1975
5005004;13869
5005103;2018
5005152;2853
5005202;8026
5005251;3197
5005400;24606
5005608;9902
5005681;10278
5005707;31805
5005806;6064
5006002;9697
5006200;33183
5006259;3050
5006275;1675
5006309;31101
5006358;2298
5006408;3733
5006606;43210
5006903;3026
5007109;9997
5007208;17848
5007307;2667
5007406;10692
5007505;1988
5007554;3179
5007695;19857
5007802;4213
5007703;4594
5007901;18977
5007935;8518
5007950;2674
5007976;1722
5008008;6543
5008305;86832
5008404;4080
5100102;1247
5100201;16632
5100250;44699
5100300;7565
5100359;2223
5100409;6328
5100508;2116
5100607;4264
5100805;4049
5101001;704
5101209;157
5101258;10199
5101308;6411
5101407;10129
5101605;828
5101704;16354
5101803;44322
5101852;2423
5101902;7436
5102504;49271
5102603;4461
5102637;22414
5102678;26186
5102686;3622
5102694;1804
5102702;13093
5102793;5136
5102850;4587
5103007;8092
5103056;6955
5103106;834
5103205;23878
5103254;11617
5103304;10118
5103353;12646
5103361;1793
5103379;4824
5103403;418760
5103437;2484
5103452;3227
5103502;13867
5103601;3874
5103700;4882
5103809;2270
5103858;3042
5103908;852
5103957;1636
5104104;22740
5104203;6054
5104500;894
5104526;3611
5104542;3186
5104559;2835
5104609;4417
5104807;22722
5104906;2666
5105002;6111
5105101;22554
5105150;30121
5105176;5328
5105200;4707
5105234;2457
5105259;47328
5105309;610
5105580;7407
5105606;11156
5105622;19381
5105903;9026
5106000;3068
5106109;3172
5106158;5589
5106208;1925
5106216;7925
5108808;3211
5106182;2495
5108857;1382
5108907;2355
5108956;4468
5106224;28996
5106174;490
5106232;8390
5106190;1811
5106240;4390
5106257;12785
5106273;1595
5106265;3457
5106315;338
5106281;3257
5106299;6669
5106307;11992
5106372;9571
5106422;14741
5106455;960
5106505;13371
5106653;2529
5106703;342
5106752;30721
5106778;3961
5106802;3183
5106828;4028
5106851;963
5107008;6144
5107040;56615
5107065;9889
5107156;990
5107180;4840
5107198;810
5107206;3166
5107578;261
5107602;175969
5107701;5473
5107750;2074
5107248;2820
5107743;646
5107768;1352
5107776;1427
5107263;1021
5107792;1302
5107800;4683
5107859;3404
5107297;847
5107305;8658
5107354;1644
5107107;11882
5107404;1507
5107875;14056
5107883;269
5107909;116569
5107925;69115
5107941;4608
5107958;67814
5108006;7438
5108055;7189
5108105;563
5108204;2140
5108303;1791
5108352;990
5108402;165455
5108501;5821
5105507;5047
5108600;10807
1500107;33084
1500131;1381
1500206;4596
1500305;15
1500347;2925
1500404;9673
1500503;3862
1500602;61868
1500701;295
1500800;138239
1500859;4188
1500909;3267
1500958;2666
1501006;267
1501105;175
1501204;2149
1501253;755
1501303;28828
1501402;451776
1501451;2752
1501501;13831
1501576;2782
1501600;1604
1501709;22219
1501725;5755
1501758;1323
1501782;8413
1501808;7832
1501907;2096
1502004;982
1501956;1582
1502103;12956
1502152;18572
1502202;27723
1502301;8465
1502400;76417
1502509;22
1502608;727
1502707;17641
1502756;5200
1502764;1012
1502772;7164
1502806;415
1502855;654
1502905;3498
1502939;12071
1502954;7527
1503002;120
1503044;4190
1503077;1994
1503093;6243
1503101;649
1503200;6962
1503309;5837
1503408;1405
1503457;2869
1503507;3026
1503606;42003
1503705;9286
1503754;981
1503804;16434
1503903;3000
1504000;331
1504059;8983
1504109;501
1504208;114695
1504307;1605
1504406;2354
1504422;25309
1504455;6276
1504505;205
1504604;1830
1504703;9312
1504752;1538
1504802;13550
1504901;713
1504950;1510
1504976;3233
1505007;2031
1505031;14540
1505064;16711
1505106;7108
1505205;622
1505304;10285
1505403;2093
1505437;12568
1505486;7415
1505494;844
1505502;41564
1505536;91669
1505551;1563
1505601;1371
1505635;1548
1505650;2918
1505700;1188
1505809;1884
1505908;1102
1506005;1337
1506104;1303
1506112;789
1506138;60994
1506161;7930
1506187;15025
1506195;5753
1506203;9658
1506302;2541
1506351;3230
1506401;171
1506500;18438
1506559;2846
1506583;2537
1506609;6441
1506708;12029
1506807;102101
1506906;661
1507003;4330
1507102;1430
1507151;7541
1507201;2016
1507300;17471
1507409;2701
1507458;7988
1507466;423
1507474;1806
1507508;1579
1507607;11403
1507706;409
1507755;1478
1507805;1036
1507904;2921
1507953;21949
1507961;1364
1507979;898
1508001;13880
1508035;2376
1508050;3086
1508084;25450
1508100;32576
1508126;4783
1508159;11118
1508209;7004
1508308;3156
1508357;2459
1508407;28325
2500106;825
2500205;1116
2500304;5837
2500403;4463
2500502;2978
2500536;773
2500577;398
2500601;5373
2500734;352
2500775;1967
2500809;4609
2500908;2013
2501005;3995
2501104;5633
2501153;291
2501203;1216
2501302;2603
2501351;533
2501401;1523
2501500;5067
2501534;553
2501609;2189
2501575;1271
2501708;519
2501807;29252
2501906;4004
2502003;1108
2502052;448
2502102;1106
2502151;1855
2502201;544
2502300;1309
2502409;2288
2502508;4567
2502706;957
2502805;3603
2502904;1579
2503001;3336
2503100;1156
2503209;24615
2503308;2119
2503407;654
2503506;2589
2503555;1140
2503605;1426
2503704;31480
2503753;624
2503803;1553
2503902;789
2504009;182241
2504033;1129
2504074;357
2504108;549
2504157;983
2504207;653
2504306;13503
2504355;1438
2504405;4842
2504504;1468
2504603;6120
2504702;727
2504801;4834
2504850;349
2504900;3912
2505006;1160
2505105;3492
2505238;1377
2505204;1509
2505279;1171
2505303;432
2505352;584
2505402;2003
2505600;1325
2505709;1782
2505808;821
2505907;454
2506004;9688
2506103;2448
2506202;319
2506251;1072
2506301;22345
2506400;2927
2506509;583
2506608;1370
2502607;1464
2506707;1148
2506806;5238
2506905;6882
2507002;8076
2507101;5310
2507200;1967
2507309;3421
2507408;2111
2507507;387392
2507606;1835
2507705;2727
2507804;1029
2507903;1324
2508000;1132
2508109;942
2508208;1933
2508307;7850
2508406;724
2508505;1030
2508554;571
2508604;2911
2508703;563
2508802;1289
2508901;14659
2509008;931
2509057;1264
2509107;5290
2509156;1402
2509206;2813
2509305;1679
2509339;760
2509370;774
2509396;1369
2509404;2764
2509503;1038
2509602;970
2509701;9068
2509800;1928
2509909;590
2510006;1400
2510105;1123
2510204;1284
2510303;665
2510402;1007
2510501;768
2510600;486
2510659;382
2510709;583
2510808;49152
2510907;3238
2511004;725
2511103;1166
2511202;6218
2512721;980
2511301;5105
2511400;3597
2511509;2544
2511608;1481
2511707;1269
2511806;2287
2511905;2397
2512002;2987
2512036;671
2512077;970
2512101;13006
2512200;581
2512309;4096
2512408;2308
2512507;14151
2512606;428
2512705;4654
2512747;517
2512754;1115
2512762;1266
2512788;291
2512804;2036
2512903;6327
2513000;448
2513109;1680
2513158;391
2513208;1177
2513307;1192
2513356;705
2513406;5076
2513703;39109
2513802;1246
2513505;978
2513604;1222
2513653;514
2513851;507
2513927;826
2513901;14082
2513968;633
2513943;493
2513984;925
2514008;1025
2500700;4951
2514107;388
2514206;1151
2514305;1192
2514404;697
2514503;5578
2514552;284
2514602;876
2514651;226
2514701;685
2514800;472
2514453;1141
2514909;1774
2515005;1061
2515104;2805
2515203;387
2515401;1347
2515302;16036
2515500;2688
2515609;455
2515708;562
2515807;1706
2515906;915
2515930;1207
2515971;2595
2516003;7851
2516102;4081
2516151;386
2516201;30459
2516300;3943
2516409;1245
2516508;2335
2516607;1339
2516706;6354
2516755;329
2516805;2433
2516904;5584
2517001;1283
2517100;535
2517209;1170
2505501;1013
2517407;326
2600054;29056
2600104;19059
2600203;5262
2600302;6729
2600401;4882
2600500;8948
2600609;2874
2600708;7213
2600807;4314
2600906;3398
2601003;1925
2601052;3118
2601102;31842
2601201;27691
2601300;2008
2601409;8858
2601508;1953
2601607;4438
2601706;27867
2601805;2770
2601904;23128
2602001;8892
2602100;12340
2602209;9585
2602308;8167
2602407;1718
2602506;1616
2602605;13046
2602704;2482
2602803;8181
2602902;51672
2603009;9626
2603108;6346
2603207;4859
2603306;2814
2603405;1638
2603454;45051
2603504;3652
2603603;2056
2603702;5368
2603801;3820
2603900;5058
2603926;1590
2604007;30192
2604106;167356
2604155;3270
2604205;7905
2604304;2511
2604403;1998
2604502;6032
2604601;6602
2604700;2831
2604809;1945
2604908;3743
2605004;8413
2605103;10977
2605152;5017
2605202;17078
2605301;8625
2605400;6071
2605459;1330
2605509;3045
2605608;5052
2605707;9132
2605806;4144
2605905;3091
2606002;53824
2606101;6344
2606200;27974
2606309;1524
2606408;32427
2606507;2754
2606606;6060
2606705;1453
2606804;28756
2606903;2440
2607604;4482
2607000;2905
2607109;939
2607208;22012
2607307;6649
2607406;724
2607505;5578
2607653;14902
2607703;3514
2607752;4133
2607802;2739
2607901;199879
2607950;1733
2608008;3736
2608057;2186
2608107;7187
2608206;2394
2608255;2525
2608305;4324
2608404;2538
2608453;3292
2608503;5642
2608602;2468
2608701;3207
2608750;4378
2608800;16065
2608909;19175
2609006;7788
2609105;3412
2609154;2297
2609204;2029
2609303;2723
2614303;1881
2609402;17027
2609501;7513
2609600;141788
2609709;6124
2609808;3196
2609907;22605
2610004;21423
2610103;1331
2610202;4052
2610301;2548
2610400;5148
2610509;7022
2610608;13585
2610707;99981
2610806;3687
2610905;19175
2611002;9795
2611101;141392
2611200;3621
2611309;7519
2611408;1816
2611507;2677
2611533;2994
2611606;687793
2611705;6327
2611804;8790
2611903;4187
2612000;2308
2612109;1006
2612208;25144
2612307;2793
2612406;4775
2612455;3085
2612471;3997
2612505;51697
2612554;2601
2612604;9378
2612703;3458
2612802;2538
2612901;1306
2613008;14833
2613107;10766
2613206;4313
2613305;3739
2613404;3409
2613503;9272
2613602;12888
2613701;24375
2613800;4459
2613909;37884
2614006;3144
2614105;15963
2614204;6418
2614402;1104
2614501;25710
2614600;11816
2614709;3023
2614808;3066
2614857;4362
2615003;8616
2615102;1556
2615201;2371
2615300;26288
2615409;15328
2615508;2208
2615607;9823
2615706;7051
2615805;4392
2615904;3587
2616001;3421
2616100;1998
2616183;2770
2616209;5141
2616308;6548
2616407;53502
2616506;2030
2200053;1689
2200103;1593
2200202;11867
2200251;1489
2200277;595
2200301;2712
2200400;14010
2200459;872
2200509;4745
2200608;1945
2200707;1670
2200806;723
2200905;1105
2200954;645
2201002;759
2201051;663
2201101;1713
2201150;2690
2201176;945
2201200;12271
2201309;282
2201408;2287
2201507;4205
2201556;638
2201572;461
2201606;2316
2201705;1282
2201739;1180
2201770;1098
2201804;1376
2201903;11594
2201919;992
2201929;1150
2201945;1347
2201960;2071
2201988;709
2202000;4130
2202026;495
2202059;1785
2202075;532
2202083;1277
2202091;704
2202109;957
2202117;786
2202133;1407
2202174;546
2202208;25410
2202251;240
2202307;5714
2202406;2396
2202455;399
2202505;1561
2202539;1018
2202554;609
2202604;4630
2202653;785
2202703;6252
2202711;1253
2202729;962
2202737;876
2202752;1037
2202778;1492
2202802;681
2202851;935
2202901;8503
2203008;821
2203107;2213
2203206;2219
2203230;631
2203271;488
2203255;339
2203305;4104
2203354;1372
2203404;2109
2203453;1048
2203420;444
2203503;4122
2203602;880
2203701;12561
2203750;634
2203800;612
2203859;543
2203909;39444
2204006;973
2204105;759
2204154;558
2204204;1363
2204303;3602
2204352;1792
2204402;1700
2204501;3616
2204550;737
2204600;1113
2204659;2130
2204709;3837
2204808;1835
2204907;889
2205003;2598
2205102;2658
2205151;1918
2205201;4365
2205250;613
2205276;1126
2205300;822
2205359;487
2205409;1851
2205458;739
2205508;11739
2205516;752
2205524;618
2205532;608
2205557;1332
2205573;1109
2205565;662
2205581;710
2205599;683
2205540;790
2205607;1046
2205706;7008
2205805;8367
2205854;935
2205904;896
2205953;5272
2206001;816
2206050;744
2206100;1273
2206209;3872
2206308;253
2206357;925
2206407;1883
2206506;1425
2206605;1288
2206654;245
2206670;879
2206696;743
2206704;1321
2206720;938
2206753;1001
2206803;1271
2207959;756
2206902;1459
2206951;601
2207009;15073
2207108;733
2207207;1640
2207306;651
2207355;424
2207405;1123
2207504;1658
2207553;661
2207603;1180
2207702;88313
2207751;607
2207777;890
2207793;678
2207801;9597
2207850;543
2207900;10513
2207934;400
2208007;56040
2208106;1281
2208205;2986
2208304;11468
2208403;29829
2208502;1301
2208551;288
2208601;490
2208650;1487
2208700;1626
2208809;4506
2208858;490
2208874;211
2208908;1042
2209005;990
2209104;1177
2209153;592
2209203;798
2209302;989
2209377;929
2209351;1272
2209401;1375
2209450;294
2209500;736
2209559;644
2209609;558
2209658;752
2209708;793
2209757;322
2209807;1487
2209856;1015
2209872;417
2209906;1205
2209955;748
2209971;1061
2210003;6358
2210052;1011
2210102;417
2210201;1542
2210300;1152
2210359;784
2210375;718
2210383;495
2210391;237
2210409;2658
2210508;3364
2210607;17261
2210623;355
2210631;1048
2210656;1505
2210706;2544
2210805;3601
2210904;524
2210938;2550
2210953;246
2210979;538
2211001;492946
2211100;10965
2211209;9665
2211308;8274
2211357;712
2211407;820
2211506;716
2211605;772
2211704;585
4100103;3841
4100202;2980
4100301;5842
4100400;57474
4100459;1882
4128625;1784
4100608;8156
4100707;5474
4100509;13589
4100806;5543
4100905;2458
4101002;13065
4101051;1850
4101101;13748
4101150;1760
4101200;5379
4101309;4087
4101408;84649
4101507;85990
4101606;14491
4101655;2180
4101705;8961
4101804;86538
4101853;1305
4101903;10729
4102000;26056
4102109;18087
4102208;2649
4102307;8521
4102406;20693
4102505;6294
4102703;1615
4102604;8473
4102752;2347
4102802;11128
4102901;9512
4103008;3328
4103024;1684
4103040;3383
4103057;4726
4103107;6724
4103156;2066
4103206;3356
4103222;2159
4103305;5289
4103354;3490
4103370;1995
4103404;1487
4103453;12526
4103479;2478
4103503;5983
4103602;16933
4103701;66773
4103800;5630
4103909;9473
4103958;1770
4104006;24097
4104055;2282
4104105;3693
4104204;80113
4104253;14721
4104303;69769
4104402;7547
4104428;8032
4104451;5623
4104501;13113
4104600;11292
4104659;13615
4104709;9024
4104808;239167
4104907;43062
4105003;5113
4105102;6434
4105201;8195
4105300;8236
4105409;13608
4105508;60877
4105607;7233
4105706;10170
4105805;135983
4105904;17143
4106001;4137
4106100;1796
4106209;10962
4106308;12623
4106407;34528
4106456;2447
4106506;15161
4106555;2111
4106803;10792
4106571;2586
4106605;14296
4106704;3081
4106852;1617
4106902;1551463
4107009;7200
4107108;3636
4107124;1520
4107157;2437
4107207;31178
4107256;5955
4107306;4177
4128633;1577
4107405;4205
4107504;8837
4107538;3203
4107520;1313
4107546;1942
4107553;1732
4107603;10515
4107652;52532
4107702;2640
4107736;2780
4107751;4098
4107850;2504
4107801;3551
4107900;5628
4108007;6026
4108106;1751
4108205;5984
4108304;188007
4108452;2518
4108320;4268
4108403;64434
4108502;6543
4108551;1769
4108601;19279
4108650;2694
4108700;3123
4108809;27850
4108908;3331
4108957;4454
4109005;2168
4109104;1242
4109203;3023
4109302;8669
4109401;111151
4109500;875
4109609;17107
4109658;3000
4109708;16001
4109757;3317
4109807;33628
4109906;5788
4110003;2852
4110052;1184
4110078;5849
4110102;17552
4110201;4099
4110300;1568
4110409;3136
4110508;7999
4110607;10491
4110656;1560
4110706;38174
4110805;5552
4110904;3037
4110953;6801
4111001;3597
4111100;4110
4111209;7419
4111258;13634
4111308;2047
4111407;7927
4111506;23309
4111555;4683
4111605;1491
4111704;2577
4111803;23974
4111902;7975
4112009;17878
4112108;15084
4112207;3607
4112306;2136
4112405;6363
4112504;7541
4112603;1075
4112702;7788
4112751;6534
4112801;6573
4112900;1259
4112959;5630
4113007;4544
4113106;3011
4113205;27752
4113254;2300
4113304;18931
4113403;2022
4113429;2409
4113452;3089
4113502;15529
4113601;2955
4113700;398424
4113734;3338
4113759;2995
4113809;2684
4113908;8156
4114005;10308
4114104;14188
4114203;25212
4114302;15139
4114351;1401
4114401;10030
4114500;8015
4114609;44264
4114708;3295
4114807;26229
4114906;5672
4115002;4553
4115101;5431
4115200;326390
4115309;4066
4115358;4584
4115408;10307
4115457;2107
4115507;2798
4115606;12665
4115705;16428
4115739;1542
4115754;5366
4115804;36652
4115853;5018
4115903;948
4116000;1210
4116059;8433
4116109;6569
4116208;7679
4116307;2233
4116406;1911
4116505;775
4116604;1882
4116703;8906
4116802;3586
4116901;19964
4116950;3338
4117008;4297
4117057;4470
4117107;10718
4117206;3744
4117255;6851
4117214;2459
4117222;6991
4117271;3608
4117297;1927
4117305;10562
4117404;2082
4117453;3279
4117503;25078
4117602;23292
4117701;20983
4117800;7193
4117909;25632
4118006;8212
4118105;6034
4118204;72663
4118303;1497
4118402;66802
4118451;3809
4118501;60666
4118600;3336
4118709;4555
4118808;7848
4118857;3887
4118907;8515
4119004;4509
4119103;8762
4119152;86673
4119251;1390
4119202;3245
4119301;13714
4119400;13510
4119509;45485
4119608;21386
4119657;1708
4119707;2580
4119806;8574
4119905;212059
4119954;11111
4120002;8383
4120101;2148
4120150;1760
4120200;1655
4120309;2320
4120333;1988
4120358;4700
4120408;3107
4120507;7271
4120606;29776
4120655;2597
4120705;5286
4120804;16119
4120853;3752
4120903;18170
4121000;6011
4121109;2675
4121208;10305
4121257;1821
4121307;2312
4121356;1942
4121406;13827
4121505;7644
4121604;4543
4121703;13674
4121752;2633
4121802;7364
4121901;6849
4122008;8975
4122107;2105
4122156;7452
4122172;1992
4122206;17913
4122305;24234
4122404;43079
4122503;6314
4122602;6299
4122651;2918
4122701;4866
4122800;3113
4122909;3083
4123006;8806
4123105;1878
4123204;2202
4123303;5730
4123402;7222
4123501;17864
4123600;860
4123709;5988
4123808;6882
4123824;2454
4123857;5257
4123907;7017
4123956;1681
4124020;6677
4124053;13641
4124004;2711
4124103;28362
4124202;1469
4124301;1351
4124400;12197
4124509;3866
4124608;4214
4124707;5002
4124806;7570
4124905;3133
4125001;7616
4125100;6826
4125308;3981
4125357;4215
4125209;6353
4125407;3198
4125456;2329
4125506;201595
4125555;1227
4125605;26709
4125704;18761
4125753;3539
4125803;6133
4125902;1461
4126009;4518
4126108;3595
4126207;3432
4126256;60953
4126272;3143
4126306;9116
4126355;3402
4126405;3822
4126504;12637
4126603;12643
4126652;2048
4126678;6660
4126702;3242
4126801;9646
4126900;3898
4127007;5351
4127106;45611
4127205;11846
4127304;11114
4127403;12479
4127502;8495
4127601;9035
4127700;105949
4127809;3773
4127858;6918
4127882;3035
4127908;4762
4127957;6106
4127965;7884
4128005;16879
4128104;84733
4128203;34130
4128302;1439
4128401;6900
4128534;4788
4128559;5623
4128609;5230
4128658;2250
4128708;4245
4128500;11062
4128807;3499
3300100;59298
3300159;6343
3300209;63745
3300225;5908
3300233;20803
3300258;11694
3300308;35609
3300407;72955
3300456;112060
3300506;13756
3300605;13260
3300704;106811
3300803;24741
3300902;5398
3301009;219673
3301108;7817
3300936;4941
3301157;4626
3301207;5420
3301306;16219
3300951;2997
3301405;9581
3301504;10357
3301603;4290
3301702;276685
3301801;5242
3301850;16614
3301876;11727
3301900;84888
3302007;49677
3302056;6183
3302106;14275
3302205;45064
3302254;7995
3302270;17892
3302304;2092
3302403;111227
3302452;3535
3302502;72545
3302601;14090
3302700;63814
3302809;7160
3302858;47471
3302908;16119
3303005;11297
#N/D;1
3303104;5614
3303203;54858
3303302;268251
3303401;121631
3303500;255280
3303609;18973
3303708;15737
3303807;10718
3303856;14180
3303906;161741
3303955;7529
3304003;9508
3304102;3691
3304110;9475
3304128;4427
3304144;37705
3304151;8124
3304201;71032
3304300;49798
3304409;5376
3304508;2612
3304524;55323
3304557;2827516
3304607;3450
3304706;20602
3304805;16927
3304755;13762
3304904;311441
3305000;13342
3305109;146661
3305133;2990
3305158;10736
3305208;35804
3305307;3861
3305406;3648
3305505;35926
3305554;26049
3305604;7439
3305703;7751
3305752;9422
3305802;94779
3305901;3542
3306008;34145
3306107;24788
3306156;3016
3306206;15600
3306305;137147
2400109;3571
2400307;1711
2400406;929
2400505;5253
2400604;1422
2400703;4896
2400802;3820
2400901;1609
2401008;15451
2401107;8615
2401206;2649
2400208;23143
2401404;1678
2401453;7616
2401503;797
2401602;1158
2405306;1979
2401651;636
2401701;2425
2401800;3424
2401859;961
2401909;801
2402006;43850
2401305;2270
2402105;2271
2402204;7936
2402303;7076
2402402;3030
2402501;2515
2402600;19134
2402709;3227
2402808;1116
2402907;933
2403004;2530
2403103;21568
2403202;1536
2403301;1585
2403400;1632
2403509;1674
2403608;8680
2403707;2247
2403756;590
2403806;2590
2403905;1000
2404002;1377
2404101;307
2404200;7007
2404309;3995
2404408;2669
2404507;4195
2404606;2023
2404705;3976
2404804;622
2404853;2109
2404903;1771
2405009;5402
2405108;1408
2405207;1218
2405405;1130
2405504;568
2405603;4614
2405702;5300
2405801;11688
2405900;466
2406007;1964
2406106;6345
2406155;866
2406205;1362
2406304;1544
2406403;682
2406502;4353
2406601;2322
2406700;2264
2406809;1294
2406908;1126
2407005;2261
2407104;22378
2407203;8587
2407252;893
2407302;1898
2407401;2591
2407500;1944
2407609;1292
2407708;2929
2407807;4999
2407906;481
2408003;162639
2408102;408177
2408201;6096
2408300;13017
2408409;1081
2408508;1447
2408607;1004
2408706;948
2408805;1006
2408904;9533
2403251;104210
2409100;3589
2409209;763
2409308;5307
2409407;20383
2409506;797
2409605;641
2409704;1223
2409803;3177
2409902;3407
2410009;775
2410108;2535
2410207;2420
2410256;1014
2410405;1974
2410504;2025
2410603;732
2410702;760
2410801;1164
2410900;1460
2408953;1941
2411007;1436
2411106;657
2411205;16720
2409332;1273
2411403;3130
2411429;698
2411502;6744
2411601;722
2411700;850
2411809;866
2411908;1537
2412005;24833
2412104;1839
2412203;12417
2412302;1921
2412401;1407
2412500;8726
2412559;2146
2412609;4738
2412708;1372
2412807;1998
2412906;2054
2413003;1856
2413102;1285
2413201;792
2410306;1854
2413300;1124
2413359;3420
2413409;2171
2413508;1788
2413557;1386
2413607;2243
2413706;831
2413805;707
2413904;2213
2414001;3859
2414100;3320
2414159;1677
2411056;1474
2414209;3817
2414308;604
2414407;7203
2414456;746
2414506;3441
2414605;3556
2414704;1095
2414753;680
2414803;3505
2414902;431
2415008;742
1100015;14149
1100379;4896
1100403;7842
1100346;7997
1100023;72944
1100452;20661
1100031;3367
1100601;2094
1100049;66914
1100700;3049
1100809;6196
1100908;1221
1100056;11605
1100924;3208
1100064;12317
1100072;3861
1100080;4467
1100940;6034
1100098;18321
1101005;4059
1100106;17262
1101104;3068
1100114;37712
1100122;92828
1100130;14274
1101203;4840
1101302;6605
1101401;6995
1100148;9380
1100338;9280
1101435;3288
1100502;4255
1100155;26921
1101450;1770
1100189;23962
1101468;574
1100205;276601
1100254;11101
1101476;1487
1100262;1218
1100288;43025
1100296;4588
1101484;2817
1101492;8308
1100320;10352
1101500;5746
1101559;2404
1101609;3635
1101708;7183
1101757;3203
1101807;3618
1100304;61545
1400050;2132
1400027;734
1400100;190870
1400159;948
1400175;1506
1400209;3309
1400233;2311
1400282;1086
1400308;3984
1400407;683
1400456;1923
1400472;6132
1400506;1924
1400605;1695
1400704;53
4300034;3765
4300059;2693
4300109;10257
4300208;5769
4300307;4059
4300406;38568
4300455;2343
4300471;1555
4300505;4328
4300554;1317
4300570;2298
4300604;86601
4300638;3394
4300646;5016
4300661;787
4300703;4813
4300802;10595
4300851;2263
4300877;3768
4300901;4686
4301008;16579
4301073;2040
4301057;4597
4301206;7472
4301107;7575
4301305;11336
4301404;8044
4301503;5860
4301552;2502
4301602;71952
4301636;4046
4301651;4321
4301701;4497
4301750;3468
4301859;996
4301875;1670
4301909;6552
4301925;1085
4301958;2143
4301800;3147
4302006;5809
4302055;872
4302105;84510
4302154;1588
4302204;5694
4302220;1400
4302238;1425
4302253;2259
4302303;5462
4302352;10194
4302378;1422
4302402;8436
4302451;4625
4302501;3074
4302584;1506
4302600;2098
4302659;4197
4302709;10860
4302808;20379
4302907;5152
4303004;51912
4303103;79894
4303202;2581
4303301;3423
4303400;3312
4303509;42398
4303558;2278
4303608;3116
4303673;2047
4303707;4433
4303806;4019
4303905;43975
4304002;3544
4304101;2632
4304200;17823
4304309;5160
4304358;6004
4304408;29397
4304507;38250
4304606;206690
4304614;963
4304622;792
4304630;32855
4304655;1782
4304663;13699
4304689;4719
4304697;1988
4304671;2725
4304713;3265
4304705;43911
4304804;20574
4304853;823
4304903;7731
4304952;2222
4305009;6631
4305108;323952
4305116;1873
4305124;3604
4305132;2455
4305157;1533
4305173;7443
4305207;10197
4305306;8344
4305355;18543
4305371;1486
4305405;2632
4305439;5812
4305447;3007
4305454;5210
4305504;3693
4305587;1975
4305603;2953
4305702;4801
4305801;7613
4305835;813
4305850;1744
4305871;1845
4305900;4312
4305934;1063
4305959;2858
4305975;2186
4306007;9999
4306056;4553
4306072;1543
4306106;39468
4306130;1363
4306205;9969
4306304;3643
4306320;1625
4306353;1475
4306379;1170
4306403;19649
4306429;1211
4306452;2400
4306502;7902
4306601;24548
4306551;1560
4306700;1780
4306734;3542
4306759;1410
4306767;19480
4306809;17502
4306908;13982
4306924;727
4306932;7116
4306957;1528
4306973;1866
4307005;78418
4307054;2699
4307203;2592
4307302;4143
4307401;1830
4307450;1608
4307500;12705
4307559;4532
4307609;31432
4307708;45961
4307807;25925
4307815;2203
4307831;1859
4307864;1991
4307906;49346
4308003;4335
4308052;1201
4308078;2946
4308102;10511
4308201;24557
4308250;1288
4308300;5862
4308409;3663
4308433;1594
4308458;3373
4308508;22871
4308607;26845
4308656;1136
4308706;4422
4308805;4016
4308854;1235
4308904;12612
4309001;10886
4309050;5014
4309100;29571
4309126;966
4309159;2075
4309209;162366
4309258;1001
4309308;54060
4309407;17536
4309506;5382
4309555;3756
4307104;3754
4309571;1311
4309605;15808
4309654;2581
4309704;3405
4309753;2604
4309803;3615
4309902;5681
4309951;2625
4310009;16637
4310108;23512
4310207;59273
4310306;3101
4310330;13051
4310363;2158
4310405;4534
4310413;1217
4310439;4377
4310462;1702
4310504;4436
4310538;2955
4310553;1399
4310579;1186
4310603;18872
4310652;1446
4310702;1901
4310751;1161
4310801;15930
4310850;2338
4310876;1261
4310900;2636
4311007;18869
4311106;6903
4311122;1971
4311130;1846
4311155;5272
4311205;12058
4311239;1443
4311270;1319
4311304;18688
4311254;2785
4311403;68730
4311429;1153
4311502;3626
4311601;2969
4311627;3479
4311643;1212
4311718;1227
4311700;3339
4311734;789
4311759;3725
4311775;4251
4311791;1947
4311809;31227
4311908;2802
4311981;2643
4312005;1432
4312054;2704
4312104;2778
4312138;1769
4312153;3530
4312179;1318
4312203;3425
4312252;3881
4312302;3228
4312351;1216
4312377;1408
4312385;1993
4312401;46111
4312427;1593
4312443;2170
4312450;5483
4312476;4302
4312500;6268
4312609;3502
4312617;1420
4312625;1191
4312658;13667
4312674;1321
4312708;6561
4312757;2374
4312807;3318
4312906;7720
4312955;1645
4313003;2345
4313011;2334
4313037;2983
4313060;11434
4313086;1956
4313102;4415
4313201;16330
4313300;19557
4313334;1696
4313359;2262
4313375;18079
4313490;2681
4313391;2146
4313409;171101
4313425;2495
4313441;1119
4313466;888
4313508;32998
4313607;2541
4313656;6329
4313706;23805
4313805;5476
4313904;31607
4313953;5407
4314001;5920
4314027;3835
4314035;3564
4314050;32105
4314068;2784
4314076;4060
4314100;133143
4314134;1347
4314159;5316
4314175;1022
4314209;4605
4314308;2814
4314407;216899
4314423;3744
4314456;1634
4314464;1126
4314472;2314
4314498;2193
4314506;7150
4314548;1213
4314555;1361
4314605;10221
4314704;5945
4314753;1645
4314779;2205
4314787;1266
4314803;26533
4314902;880282
4315008;2960
4315057;1456
4315073;895
4315107;6772
4315131;1160
4315149;2114
4315156;3540
4315172;1353
4315206;2814
4315305;19996
4315313;889
4315321;1513
4315354;2905
4315404;2934
4315453;1402
4315503;8655
4315552;1419
4315602;126485
4315701;18672
4315750;2492
4315800;6429
4315909;4838
4315958;1339
4316006;13268
4316105;5991
4316204;3235
4316303;4101
4316402;20459
4316428;1375
4316436;2087
4316451;6193
4316477;2242
4316501;5377
4316600;13386
4316709;6056
4316733;1047
4316758;4691
4316808;94205
4316972;961
4316907;165198
4316956;4498
4317202;55985
4317251;963
4317301;22651
4317004;4883
4317103;66045
4317400;31953
4317509;51192
4317608;27836
4317707;5795
4317558;1379
4317756;1605
4317806;9662
4317905;11755
4317954;1845
4318002;35525
4318051;2228
4318101;9693
4318200;11785
4318309;31650
4318408;10374
4318424;3369
4318432;1732
4318440;2049
4318457;1281
4318465;1316
4318481;3205
4318499;1626
4318507;11307
4318606;5790
4318614;1751
4318622;1440
4318705;123963
4318804;27410
4318903;22613
4319000;17895
4319109;4373
4319125;1638
4319158;5018
4319208;2501
4319307;3864
4319356;2826
4319364;1082
4319372;2295
4319406;9907
4319505;15310
4319604;13791
4319703;2000
4319711;1605
4319737;829
4319752;1846
4319802;4577
4319901;50594
4320008;84815
4320107;14924
4320206;7967
4320230;1830
4320263;4082
4320305;4298
4320321;1898
4320354;3309
4320404;11333
4320453;1277
4320503;4741
4320552;4343
4320578;1137
4320602;2693
4320651;1625
4320677;4824
4320701;8968
4320800;18201
4320859;3394
4320909;17593
4321006;7160
4321105;8590
4321204;35866
4321303;18449
4321329;2104
4321352;3056
4321402;8206
4321436;6863
4321451;23767
4321469;2262
4321477;3124
4321493;1878
4321501;22781
4321600;27554
4321626;1517
4321634;2083
4321667;8094
4321709;15521
4321808;18377
4321832;1768
4321857;2500
4321907;19737
4321956;3456
4322004;15391
4322103;4261
4322152;1960
4322186;1040
4322202;12220
4322251;3691
4322301;7079
4322327;2264
4322343;1509
4322350;954
4322376;1224
4322400;67990
4322509;42590
4322533;5649
4322541;3855
4322525;1785
4322558;1511
4322608;48696
4322707;17236
4322806;18530
4322855;1461
4322905;3266
4323002;129369
4323101;2499
4323200;2539
4323309;2870
4323358;1489
4323408;3412
4323457;2504
4323507;1817
4323606;1093
4323705;1737
4323754;2099
4323770;2327
4323804;10214
4200051;1726
4200101;10730
4200200;7909
4200309;3965
4200408;4987
4200507;3835
4200556;2039
4200606;4911
4200705;7073
4200754;1548
4200804;4223
4200903;4286
4201000;5209
4201109;2481
4201208;7926
4201257;6384
4201273;3071
4201307;17159
4201406;56316
4201505;7358
4201604;3275
4201653;1456
4201703;6411
4201802;2725
4201901;4770
4201950;6770
4202057;5102
4202008;93510
4212809;14274
4202073;7246
4220000;5170
4202081;1927
4202099;1222
4202107;19872
4202131;3613
4202156;1875
4202206;9300
4202305;45094
4202404;272596
4202438;1908
4202503;2292
4202537;1977
4202578;1409
4202602;5462
4202453;13696
4202701;4578
4202800;27464
4202859;2914
4202875;1597
4202909;107369
4203006;52147
4203105;4630
4203154;1499
4203204;58241
4203303;8930
4203402;3866
4203501;6701
4203600;24991
4203709;7449
4203808;38540
4203253;1394
4203907;17810
4203956;18026
4204004;7335
4204103;2871
4204152;2049
4204178;1738
4204194;2133
4204202;174091
4204251;13476
4204301;67538
4204350;3505
4204400;7163
4204459;1488
4204558;10049
4204509;11586
4204608;156278
4204707;8847
4204756;1360
4204806;27950
4204905;6926
4205001;8979
4205100;2891
4205159;2869
4205175;1755
4205191;2452
4205209;3128
4205308;7961
4205357;1090
4205407;353676
4205431;1702
4205456;21198
4205506;23598
4205555;1707
4205605;2044
4205704;17399
4205803;10603
4205902;47673
4206009;8246
4206108;5015
4206207;9190
4206306;17130
4206405;7335
4206504;30031
4206603;3647
4206652;4074
4206702;14954
4206751;1374
4206801;2889
4206900;15550
4207007;46195
4207106;9556
4207205;6970
4207304;33817
4207403;4484
4207502;50353
4207577;2168
4207601;3505
4207650;6945
4207684;3069
4207700;5505
4207759;2734
4207809;6594
4207858;1373
4207908;6448
4208005;4734
4208104;14398
4208203;171460
4208302;42565
4208401;13242
4208450;10699
4208500;20411
4208609;2807
4208708;8456
4208807;14663
4208906;121758
4208955;1156
4209003;24486
4209102;410607
4209151;3308
4209177;1489
4209201;1872
4209458;1014
4209300;113965
4209409;28455
4209508;5600
4209607;13611
4209706;5718
4209805;2353
4209854;3085
4209904;8665
4210001;10261
4210035;4940
4210050;1110
4210100;40259
4210209;2367
4210308;4583
4210407;6023
4210506;20885
4210555;1430
4210605;12476
4210704;1508
4210803;5973
4210852;1876
4210902;2841
4211009;7893
4211058;4657
4211108;4203
4211207;17743
4211256;2317
4211306;46689
4211405;3196
4211454;3113
4211504;10689
4211603;10984
4211652;1567
4211702;19332
4211751;12459
4211801;5487
4211850;1488
4211876;927
4211892;1121
4211900;116738
4212007;4736
4212056;1672
4212106;12659
4212205;11877
4212239;2645
4212254;8521
4212270;2514
4212304;5579
4212403;3843
4212502;18607
4212601;2302
4212650;3997
4212700;4726
4212908;14824
4213005;2693
4213104;3989
4213153;1946
4213203;26525
4213302;2521
4213351;1711
4213401;6951
4213500;14110
4213609;24560
4213708;11687
4213807;7239
4213906;1339
4214003;12972
4214102;1550
4214151;1916
4214201;7599
4214300;2550
4214409;3616
4214508;4717
4214607;5379
4214805;53921
4214706;8659
4214904;4577
4215000;31065
4215059;1428
4215075;3269
4215109;9336
4215208;3303
4215307;6493
4215356;2333
4215406;3265
4215455;9316
4215505;9648
4215554;1835
4215604;2040
4215653;6487
4215679;4647
4215687;1465
4215695;1056
4215703;18979
4215802;60453
4215752;1640
4215901;2542
4216008;7729
4216057;2577
4216107;6824
4216206;30704
4216305;22842
4216354;3214
4216255;5113
4216404;6243
4216503;16792
4216602;166051
4216701;10568
4216800;4217
4216909;19903
4217006;10041
4217105;3051
4217154;1139
4217204;35890
4217253;3009
4217303;6675
4217402;11794
4217501;13199
4217550;2159
4217600;10241
4217709;23403
4217758;1772
4217808;15011
4217907;6295
4217956;1354
4218004;29895
4218103;3977
4218202;32877
4218251;3710
4218301;11233
4218350;2993
4218400;6770
4218509;6450
4218608;5502
4218707;93536
4218756;3443
4218806;10934
4218855;2125
4218905;7026
4218954;1359
4219002;18139
4219101;2514
4219150;1493
4219176;3171
4219200;4752
4219309;43161
4219358;3314
4219408;3003
4219507;37956
4219606;2320
4219705;21344
4219853;1774
2800100;473
2800209;5118
2800308;309002
2800407;2201
2800506;4221
2800605;7334
2800670;8541
2800704;694
2801009;6601
2801108;725
2801207;6477
2801306;6564
2801405;6925
2801504;3988
2801603;1487
2801702;3440
2801900;982
2802007;665
2802106;24128
2802205;1232
2802304;3936
2802403;2014
2802502;741
2802601;1389
2802700;1081
2802809;2344
2802908;55196
2803005;10345
2803104;1375
2803203;7302
2803302;3865
2803401;2381
2803500;44944
2803609;6104
2803708;1948
2803807;812
2803906;3257
2804003;3107
2804102;4166
2804201;3321
2804300;1495
2804409;4094
2804458;2413
2804508;14451
2804607;7987
2804706;1371
2804805;46644
2804904;2726
2805000;542
2805109;2242
2805208;1407
2805307;1671
2805406;5322
2805505;6225
2805604;4920
2805703;10960
2805802;3188
2805901;1392
2806008;6819
2806107;2052
2806206;5431
2806305;1702
2806503;762
2806404;977
2806602;2244
2806701;23886
2806800;2766
2806909;741
2807006;866
2807105;15084
2807204;1457
2807303;832
2807402;17115
2807501;2430
2807600;7740
3500105;26983
3500204;2405
3500303;21103
3500402;4666
3500501;13141
3500550;4069
3500600;2585
3500709;21197
3500758;2418
3500808;2396
3500907;1610
3501004;9748
3501103;2490
3501152;8374
3501202;1967
3501301;15047
3501400;1390
3501509;1413
3501608;179236
3501707;24497
3501806;3673
3501905;53843
3502002;2456
3502101;44862
3502200;13032
3502309;2290
3502408;1976
3502507;22223
3502606;3150
3502705;11125
3502754;10223
3502804;171468
3502903;20698
3503000;3035
3503109;2625
3503158;1130
3503208;179756
3503307;100328
3503356;930
3503406;4301
3503505;1541
3503604;5065
3503703;5852
3503802;36619
3503901;55560
3503950;1078
3504008;78467
3504107;111378
3504206;10640
3504305;1962
3504404;5839
3504503;63487
3504602;12487
3504701;745
3504800;6113
3504909;4524
3505005;1235
3505104;3168
3505203;24504
3505302;28346
3505351;2093
3505401;1743
3505500;93402
3505609;14899
3505708;176427
3505807;16302
3505906;41531
3506003;280928
3506102;63573
3506201;1427
3506300;7003
3506359;24774
3506409;5372
3506508;99741
3506607;12769
3506706;7329
3506805;7165
3506904;5414
3507001;43251
3507100;14949
3507159;1498
3507209;513
3507308;2646
3507407;10341
3507456;1195
3507506;99753
3507605;126904
3507704;2853
3507753;1466
3507803;15452
3507902;16336
3508009;9419
3508108;11222
3508207;2825
3508306;2426
3508405;28607
3508504;56225
3508603;15962
3508702;10026
3508801;10231
3508900;1934
3509007;44840
3509106;1796
3509205;42117
3509254;14097
3509304;5473
3509403;15056
3509452;2693
3509502;896972
3509601;45357
3509700;34269
3509809;2277
3509908;3700
3509957;1814
3510005;19897
3510104;1843
3510153;1864
3510203;25142
3510302;11579
3510401;35683
3510500;66889
3510609;194733
3510708;7175
3510807;18888
3510906;1465
3511003;9273
3511102;106610
3511201;3852
3511300;5898
3511409;11822
3511508;30217
3511607;11618
3511706;9342
3557204;5674
3511904;5141
3512001;11926
3512100;3224
3512209;18109
3512308;10330
3512407;16581
3512506;3025
3512605;1736
3512704;2696
3512803;38890
3512902;5473
3513009;143005
3513108;22389
3513207;4075
3513306;1382
3513405;41491
3513504;56323
3513603;12482
3513702;24008
3513801;211241
3513850;917
3513900;8160
3514007;3736
3514106;16740
3514205;1565
3514304;5713
3514403;36012
3514502;7520
3514601;4937
3514700;3117
3514809;4952
3514908;8225
3514924;1627
3514957;1234
3515004;114715
3515103;39031
3515129;1654
3515152;10064
3515186;29518
3515194;2334
3557303;6943
3515301;1165
3515202;6283
3515350;4424
3515400;9072
3515608;3859
3515509;59057
3515657;841
3515707;70073
3515806;841
3515905;1947
3516002;6429
3516101;1392
3516200;262227
3516309;48938
3516408;55638
3516507;1779
3516606;3619
3516705;28596
3516804;2258
3516853;2088
3516903;7405
3517000;4795
3517109;2261
3517208;5725
3517307;2415
3517406;28727
3517505;12082
3517604;6713
3517703;9669
3517802;5586
3517901;5406
3518008;1099
3518107;3198
3518206;22258
3518305;17987
3518404;72985
3518503;6170
3518602;20835
3518701;139226
3518800;678695
3518859;3445
3518909;2368
3519006;4994
3519055;9754
3519071;115464
3519105;6657
3519204;3296
3519253;2054
3519303;18210
3519402;6735
3519501;3593
3519600;40928
3519709;47430
3519808;4462
3519907;4500
3520004;12756
3520103;14944
3520202;5830
3520301;10457
3520426;5673
3520442;18641
3520400;20360
3520509;187494
3520608;3050
3520707;2692
3520806;2060
3520905;6579
3521002;10419
3521101;4182
3521150;1863
3521200;1080
3521309;7677
3521408;16009
3521507;3909
3521606;3285
3521705;8085
3521804;13211
3521903;11525
3522000;1498
3522109;43825
3522158;988
3522208;77022
3522307;98978
3522406;60359
3522505;97106
3522604;56383
3522653;1320
3522703;32024
3522802;7483
3522901;6853
3523008;1557
3523107;122484
3523206;24281
3523305;4438
3523404;81237
3523503;8975
3523602;8532
3523701;2861
3523800;4244
3523909;123322
3524006;37402
3524105;26856
3524204;3748
3524303;57171
3524402;136609
3524501;4105
3524600;8571
3524709;40289
3524808;44990
3524907;2816
3525003;56504
3525102;24329
3525201;19160
3525300;103768
3525409;1675
3525508;9593
3525607;1881
3525706;28688
3525805;1657
3525854;1635
3525904;324547
3526001;12651
3526100;7451
3526209;15980
3526308;3662
3526407;17629
3526506;2658
3526605;3131
3526704;70813
3526803;46474
3526902;216775
3527009;5097
3527108;59276
3527207;46202
3527256;1106
3527306;30657
3527405;12488
3527504;1228
3527603;6788
3527702;2173
3527801;1862
3527900;1381
3528007;10376
3528106;5312
3528205;2076
3528304;2214
3528403;28562
3528502;52010
3528601;6271
3528700;1622
3528809;8592
3528858;2398
3528908;1724
3529005;167018
3529104;1240
3529203;13903
3529302;66316
3529401;224919
3529500;3300
3529609;3197
3529658;1019
3529708;11304
3529807;6681
3530003;1769
3529906;8930
3530102;17976
3530201;8457
3530300;43704
3530409;2342
3530508;43869
3530607;241165
3530706;114094
3530805;71883
3530904;1991
3531001;1767
3531100;22398
3531209;6067
3531308;40364
3531407;16666
3531506;13509
3531605;2311
3531803;30372
3531704;2971
3531902;18062
3532009;9788
3532058;2365
#N/D;2
3532108;2371
3532157;1096
3532207;2281
3532306;2716
3532405;12003
3532504;5701
3532603;7373
3532702;2938
3532801;3650
3532827;2412
3532843;1111
3532868;678
3532900;5468
3533007;13147
3533106;1281
3533205;1929
3533304;1731
3533403;43376
3533254;2274
3533502;29374
3533601;4162
3533700;2424
3533809;1318
3533908;39079
3534005;2092
3534104;3338
3534203;3685
3534302;33640
3534401;427440
3534500;1420
3534609;23240
3534708;76519
3534807;3941
3534757;5935
3534906;7040
3535002;6596
3535101;4464
3535200;7089
3535309;14786
3535408;9093
3535507;29641
3535606;10325
3535705;4119
3535804;10307
3535903;2584
3536000;6190
3536109;3885
3536208;9388
3536257;1398
3536307;7301
3536406;4921
3536505;76832
3536570;910
3536604;3961
3536703;31218
3536802;4020
3536901;1748
3537008;9183
3537107;34883
3537156;2128
3537206;3563
3537305;50568
3537404;16682
3537503;3953
3537602;35022
3537701;3110
3537800;34992
3537909;21173
3538006;92291
3538105;8848
3538204;9468
3538303;1769
3538501;6489
3538600;18229
3538709;306582
3538808;19791
3538907;12337
3539004;7671
3539103;8047
3539202;15898
3539301;57390
3539400;8376
3539509;20328
3539608;2816
3539707;1462
3539806;52956
3539905;3555
3540002;13716
3540101;2258
3540200;20177
3540259;1765
3540309;1746
3540408;2480
3540507;4971
3540606;33363
3540705;41644
3540754;6742
3540804;12642
3540853;734
3540903;9946
3541000;141026
3541059;3303
3541109;2051
3541208;8513
3541307;28117
3541406;171561
3541505;27436
3541604;24666
3541653;1443
3541703;7889
3541802;1262
3541901;3931
3542008;3345
3542107;6046
3542206;19150
3542305;2092
3542404;12319
3542503;3183
3542602;34507
3542701;3351
3542800;900
3542909;6985
3543006;5243
3543105;2443
3543204;2668
3543238;1186
3543253;3355
3543303;68791
3543402;529565
3543600;2312
3543709;5478
3543808;6340
3543907;169639
3544004;20225
3544103;19065
3544202;4002
3543501;2328
3544251;9443
3544301;5514
3544400;1281
3544509;2090
3544608;2946
3544707;1062
3544806;3289
3544905;7034
3545001;11026
3545100;1805
3545159;5630
3545209;75158
3545308;23770
3545407;4098
3545506;1986
3545605;10877
3545704;4110
3545803;141899
3546009;6792
3546108;1268
3546207;2828
3546256;893
3546306;18067
3546405;33379
3546504;3102
3546603;26190
3546702;16082
3546801;28927
3546900;4162
3547007;3619
3547106;1496
3547502;18888
3547403;1639
3547601;16117
3547650;1114
3547205;1038
3547304;83081
3547700;13750
3547809;527602
3547908;3238
3548005;15219
3548054;4026
3548104;3569
3548203;4601
3548302;1404
3548401;1939
3548500;275300
3548609;6186
3548708;594863
3548807;142658
3548906;183646
3549003;1668
3549102;70569
3549201;1303
3549250;986
3549300;1412
3549409;35272
3549508;2871
3549607;1565
3549706;37535
3549805;389908
3549904;435309
3549953;8552
3550001;6144
3550100;26796
3550209;16821
3550308;8295645
3550407;24979
3550506;3718
3550605;48731
3550704;36459
3550803;6038
3550902;8685
3551009;139978
3551108;5767
3551207;1763
3551306;3078
3551405;4126
3551603;20608
3551504;22608
3551702;90414
3551801;5465
3551900;8493
3552007;2979
3552106;30734
3552205;471187
3552304;4213
3552403;165162
3552551;2116
3552502;137636
3552601;8034
3552700;9864
3552809;131316
3552908;3027
3553005;5011
3553104;3147
3553203;3374
3553302;14814
3553401;17522
3553500;3545
3553609;6649
3553658;1305
3553708;39180
3553807;14836
3553856;2095
3553906;3349
3553955;7807
3554003;84021
3554102;215512
3554201;1412
3554300;12381
3554409;4612
3554508;27655
3554607;1225
3554656;1329
3554706;7526
3554755;840
3554805;20985
3554904;3823
3554953;3364
3555000;54196
3555109;10063
3555208;1135
3555307;1163
3555356;2951
3555406;47248
3555505;2618
3555604;6239
3555703;1109
3555802;6680
3555901;768
3556008;9818
3556107;8769
3556206;99253
3556305;12115
3556354;6317
3556404;27627
3556453;30192
3556503;67307
3556602;6128
3556701;61988
3556800;11749
3556909;5117
3556958;1031
3557006;69375
3557105;84093
3557154;1610
1700251;642
1700301;2023
1700350;2035
1700400;1633
1700707;4190
1701002;2914
1701051;666
1701101;1417
1701309;1012
1701903;1136
1702000;3938
1702109;114896
1702158;1050
1702208;11341
1702307;2523
1702406;1970
1702554;6456
1702703;713
1702901;3039
1703008;1808
1703057;818
1703073;660
1703107;1782
1703206;1529
1703305;928
1703602;575
1703701;1398
1703800;2053
1703826;435
1703842;1724
1703867;1483
1703883;1136
1703891;594
1703909;1071
1704105;412
1705102;684
1704600;239
1705508;17573
1716703;4687
1705557;1576
1705607;635
1706001;1137
1706100;2571
1706258;398
1706506;1265
1707009;7145
1707108;2338
1707207;1674
1707306;1136
1707405;1306
1707553;1428
1707652;2216
1707702;1208
1708205;7300
1708254;1089
1708304;1746
1709005;1764
1709302;12296
1709500;60893
1709807;439
1710508;2228
1710706;982
1710904;995
1711100;723
1711506;937
1711803;594
1711902;3699
1711951;658
1712009;940
1712157;348
1712405;396
1712454;612
1712504;1160
1712702;358
1712801;595
1713205;8401
1713304;6326
1713601;1251
1713700;484
1713957;571
1714203;2897
1714302;1026
1714880;3168
1715002;1080
1715101;927
1715150;378
1715259;460
1715507;329
1721000;187029
1715705;754
1713809;1362
1715754;3645
1716109;31478
1716208;1326
1716307;1005
1716505;6453
1716604;2741
1716653;1507
1717008;936
1717206;435
1717503;1631
1717800;860
1717909;1631
1718006;553
1718204;30033
1718303;1091
1718402;939
1718451;704
1718501;610
1718550;1143
1718659;332
1718709;586
1718758;996
1718808;835
1718840;1070
1718865;1647
1718881;699
1718899;377
1718907;1202
1719004;656
1720002;668
1720101;1063
1720150;197
1720200;1857
1720259;600
1720309;557
1720499;1104
1720655;1639
1720804;2362
1720853;478
1720903;4145
1720937;268
1720978;528
1721109;1196
1721208;20343
1721257;493
1721307;377
1722081;1992
1722107;4770
