CODIGO;IDHM2010
5200050;0.708
3100104;0.689
5200100;0.689
3100203;0.698
1500107;0.628
2300101;0.628
2900108;0.603
2900207;0.575
4100103;0.687
4200051;0.694
4200101;0.696
1500131;0.622
3100302;0.654
2600054;0.679
1700251;0.665
3100401;0.63
2100055;0.672
2900306;0.582
1500206;0.506
2300150;0.606
2300200;0.601
2400109;0.679
2200053;0.528
4300034;0.687
2300309;0.595
5100102;0.628
1200013;0.604
5200134;0.686
2400208;0.661
3100500;0.61
3500105;0.79
5200159;0.702
3500204;0.73
4100202;0.667
2900355;0.546
2600104;0.657
2400307;0.585
3200102;0.667
2100105;0.529
2600203;0.588
1500305;0.489
2600302;0.592
2200103;0.599
4200200;0.725
4200309;0.741
1500347;0.564
3100609;0.576
5100201;0.729
2200202;0.639
2500106;0.572
2700102;0.549
5000203;0.67
3100708;0.675
4200408;0.698
2100154;0.5
3200169;0.652
2900405;0.55
5200175;0.671
3500303;0.715
5200209;0.722
3100807;0.663
2400406;0.616
2600401;0.553
4300059;0.75
2600500;0.526
3500402;0.781
4200507;0.713
3500501;0.745
3500550;0.757
3500600;0.854
3100906;0.645
4200556;0.745
5200258;0.686
4200606;0.723
3101003;0.601
4300109;0.694
3500709;0.745
4100301;0.66
3200136;0.678
2500205;0.597
1700301;0.657
3101102;0.684
2900603;0.583
2300408;0.569
3101201;0.668
4300208;0.753
3101300;0.649
2500304;0.582
2500403;0.576
2500502;0.595
2600609;0.599
2200251;0.531
2900702;0.683
3500758;0.712
3101409;0.673
2100204;0.573
2300507;0.6
2500536;0.578
5000252;0.711
2900801;0.608
2100303;0.513
4300307;0.672
3200201;0.721
4300406;0.74
2200277;0.585
4300455;0.695
3101508;0.726
1500404;0.564
2400505;0.606
5200308;0.682
3101607;0.761
3200300;0.71
3500808;0.741
3101631;0.675
4200705;0.668
2500577;0.548
2500601;0.582
2600708;0.604
1700350;0.663
2900900;0.563
1700400;0.636
1500503;0.642
3101706;0.642
2400604;0.624
4100400;0.699
4300471;0.74
5200506;0.697
3101805;0.646
4300505;0.671
3101904;0.725
5100250;0.714
1100015;0.641
3500907;0.687
1500602;0.665
2100402;0.549
4100459;0.667
2300606;0.602
3102001;0.668
2600807;0.598
3501004;0.73
1400050;0.542
3501103;0.7
4300554;0.747
2100436;0.554
2100477;0.558
1100379;0.592
5100300;0.704
4200754;0.755
5100359;0.651
3102050;0.661
2400703;0.672
4300570;0.734
5100409;0.701
5200555;0.719
3153509;0.66
2200301;0.585
4100509;0.721
5100508;0.638
1100403;0.625
4128625;0.678
5200605;0.713
4100608;0.696
2100501;0.633
4100707;0.676
3102100;0.62
3200359;0.664
2200400;0.614
2300705;0.601
5100607;0.705
3501152;0.766
1300029;0.527
3102209;0.592
3501202;0.728
3501301;0.758
3501400;0.688
3501509;0.722
3102308;0.676
1700707;0.708
4300604;0.699
3102407;0.572
1100346;0.643
2200459;0.578
5200803;0.66
4100806;0.708
1400027;0.484
5000609;0.673
1600105;0.642
2100550;0.52
4100905;0.669
2600906;0.58
4300638;0.624
5200829;0.609
2200509;0.598
2100600;0.555
2901007;0.625
1300060;0.56
2901106;0.666
2901155;0.561
3501608;0.811
5200852;0.7
3501707;0.751
3501806;0.745
4300646;0.682
2300754;0.606
5200902;0.681
2500734;0.606
3501905;0.785
2800100;0.611
3102506;0.641
4101002;0.709
2700201;0.568
2901205;0.54
4101051;0.695
1500701;0.484
2100709;0.581
3502002;0.754
1300086;0.594
1701002;0.671
1500800;0.718
5201108;0.737
1500859;0.548
2100808;0.581
5000708;0.663
5000807;0.67
3200409;0.73
4200804;0.699
2901304;0.555
4101101;0.725
2901353;0.588
3102605;0.734
3502101;0.779
4300661;0.72
3102803;0.7
3502200;0.719
3102852;0.597
5000856;0.697
2601003;0.572
4200903;0.687
2901403;0.625
2200608;0.63
1701051;0.648
2400802;0.624
3300100;0.724
2901502;0.589
4101150;0.721
5201207;0.725
3502309;0.721
3502408;0.741
5201306;0.714
2200707;0.594
4201000;0.688
4201109;0.674
1300102;0.561
4300703;0.74
2901601;0.592
4101200;0.687
2300804;0.599
2200806;0.62
2901700;0.561
3102902;0.683
4201208;0.749
3103009;0.645
2901809;0.598
5000906;0.643
2400901;0.578
4101309;0.656
4300802;0.758
3103108;0.684
2500775;0.578
3502507;0.755
5201405;0.718
3502606;0.721
5201454;0.693
1701101;0.651
5001003;0.697
3300159;0.692
3200508;0.673
5100805;0.675
3502705;0.71
2100832;0.568
4201257;0.708
2401008;0.639
2901908;0.548
5201504;0.693
2901957;0.552
4101408;0.748
1300144;0.637
2300903;0.618
2800209;0.578
5001102;0.688
2301000;0.641
4201273;0.733
2500809;0.549
3103207;0.695
2800308;0.77
3502754;0.704
2902054;0.57
2301109;0.655
2902005;0.581
3502804;0.788
2902104;0.534
3103306;0.661
2301208;0.615
2601052;0.592
3502903;0.776
3200607;0.752
5201603;0.693
3103405;0.663
5201702;0.732
5201801;0.684
1701309;0.593
1701903;0.639
1702000;0.675
5101001;0.687
1702109;0.752
5101209;0.701
1702158;0.604
2100873;0.533
5202155;0.674
3103504;0.773
1702208;0.631
2100907;0.521
5001243;0.633
2902203;0.588
4300851;0.691
2100956;0.512
3503000;0.74
3503109;0.685
3103603;0.697
3503158;0.68
2700300;0.649
1702307;0.68
3103702;0.536
4101507;0.748
3103751;0.708
4101606;0.723
3103801;0.724
4101655;0.676
5101258;0.725
4201307;0.703
2500908;0.548
4201406;0.76
3503208;0.815
3503307;0.781
2301257;0.59
2101004;0.626
4300877;0.679
2301307;0.564
2601102;0.602
3300209;0.718
2501005;0.567
4101705;0.704
2902252;0.559
4300901;0.772
2301406;0.622
2902302;0.575
2800407;0.595
4101804;0.74
3103900;0.698
3104007;0.772
3104106;0.683
3503356;0.722
3104205;0.749
2601201;0.667
3104304;0.727
3300225;0.684
3503406;0.744
2501104;0.594
2401107;0.682
2800506;0.579
2501153;0.562
2501203;0.608
3503505;0.697
3503604;0.695
5101308;0.704
5202353;0.687
2401206;0.606
3104403;0.643
3104452;0.582
3104502;0.656
5101407;0.675
1100023;0.702
3503703;0.733
4101853;0.67
3300233;0.728
4201505;0.77
2301505;0.618
2200905;0.583
2501302;0.548
2200954;0.519
2201002;0.56
3300258;0.733
1702406;0.651
4301008;0.769
4301073;0.669
4301057;0.74
4301107;0.698
4301206;0.707
4301305;0.657
4201604;0.764
3503802;0.749
5202502;0.675
3503901;0.784
4201653;0.715
4301404;0.694
4201703;0.742
3503950;0.735
4101903;0.728
2301604;0.6
3504008;0.805
1200054;0.588
4102000;0.729
2501351;0.609
2201051;0.499
3104601;0.694
4102109;0.747
2700409;0.561
4102208;0.736
1300201;0.45
4201802;0.733
3104700;0.588
3504107;0.765
3200706;0.708
1702554;0.67
1500909;0.52
3104809;0.656
4301503;0.743
2401305;0.621
4301552;0.707
2902401;0.568
3504206;0.773
5202601;0.7
2301703;0.605
4201901;0.733
1500958;0.519
1702703;0.677
1300300;0.577
3504305;0.714
3504404;0.705
3504503;0.767
1501006;0.541
2201101;0.554
5202809;0.66
2101103;0.641
1702901;0.627
1703008;0.642
2101202;0.651
2101251;0.629
2101301;0.578
2101350;0.537
3504602;0.746
3104908;0.681
4301602;0.74
1501105;0.471
2501401;0.581
2401404;0.609
2902500;0.589
1501204;0.578
2902609;0.585
2201150;0.564
2301802;0.627
3200805;0.702
3504701;0.669
3105004;0.671
5203104;0.655
4201950;0.746
4202057;0.716
4202008;0.845
4202073;0.728
4212809;0.756
4301636;0.696
3504800;0.756
4102307;0.696
2101400;0.687
3105103;0.741
2301851;0.606
3504909;0.733
2501500;0.568
3105202;0.599
3105301;0.692
4202081;0.672
4102406;0.727
5001508;0.681
1703057;0.638
1501253;0.594
2902658;0.579
4301651;0.748
3505005;0.711
3105400;0.722
4301701;0.719
2101509;0.592
5101605;0.6
3105509;0.649
4301750;0.61
2401453;0.574
2501534;0.558
3105608;0.769
2301901;0.683
3505104;0.699
4102505;0.696
1501303;0.662
2401503;0.566
1300409;0.5
3505203;0.75
2902708;0.557
3505302;0.788
4202099;0.701
4102604;0.706
4301800;0.71
2902807;0.575
2201176;0.577
2601300;0.577
2501575;0.567
2501609;0.562
2700508;0.557
3200904;0.683
2501708;0.572
2700607;0.615
5101704;0.693
3505351;0.66
2902906;0.551
2101608;0.606
5101803;0.748
4301859;0.734
4102703;0.744
2903003;0.63
1703073;0.603
3300308;0.733
4301875;0.662
4301909;0.67
4301925;0.723
2903102;0.577
2800605;0.649
3505401;0.641
4301958;0.763
3105707;0.624
3300407;0.729
2201200;0.595
4202107;0.738
2301950;0.616
2903201;0.721
2201309;0.557
1300508;0.574
2101707;0.57
2601409;0.586
3505500;0.789
3505609;0.725
2302008;0.599
2903235;0.607
5203203;0.742
2903276;0.61
2201408;0.612
1703107;0.642
2903300;0.602
2302057;0.571
4302006;0.65
3105905;0.734
3505708;0.786
3505807;0.751
5001904;0.71
2201507;0.545
2700706;0.594
3505906;0.761
5002001;0.684
2302107;0.619
3506003;0.801
2501807;0.649
3506102;0.78
2302206;0.638
2302305;0.623
2101731;0.512
5002100;0.698
4102752;0.681
5203302;0.716
3106002;0.674
2101772;0.554
4102802;0.716
2201556;0.576
4202131;0.675
1501402;0.746
2501906;0.592
2700805;0.593
2601508;0.578
2502003;0.578
2201572;0.551
2601607;0.642
3300456;0.684
3106101;0.66
2903409;0.598
4202156;0.705
2903508;0.575
3106200;0.81
2601706;0.629
2700904;0.517
3106309;0.686
3106408;0.655
1501451;0.588
2201606;0.557
2101806;0.546
4202206;0.74
1501501;0.665
1300607;0.574
4302055;0.619
3506201;0.744
2401602;0.582
4302105;0.778
2101905;0.601
3106507;0.628
3106655;0.604
2502052;0.558
3506300;0.734
2101939;0.604
1703206;0.638
3506359;0.73
2201705;0.612
3106606;0.594
1300631;0.506
2601805;0.559
2201739;0.489
3106705;0.749
2601904;0.606
3106804;0.62
3106903;0.744
4202305;0.739
3506409;0.768
3107000;0.688
3506508;0.78
3506607;0.712
2903607;0.538
4102901;0.667
4202404;0.806
3107109;0.704
3201001;0.679
4103008;0.72
4103024;0.7
3506706;0.681
2201770;0.575
2903706;0.567
2502102;0.599
4103040;0.655
2302404;0.598
1400100;0.752
2502151;0.649
4103057;0.67
4302154;0.676
4302204;0.762
4302220;0.703
2101970;0.545
4302238;0.731
1300680;0.565
4302253;0.728
2903805;0.551
2701001;0.604
1300706;0.588
2201804;0.632
3506805;0.742
3107208;0.645
4202438;0.647
3107307;0.7
4103107;0.64
2401651;0.629
2602001;0.565
5002159;0.666
3506904;0.705
3507001;0.78
4202453;0.781
2602100;0.563
3107406;0.75
2102002;0.538
2602209;0.602
3300506;0.66
4202503;0.696
5203401;0.67
3107505;0.673
2201903;0.668
2401701;0.584
2502201;0.597
4202537;0.718
4302303;0.666
2903904;0.633
3107604;0.735
2903953;0.546
2102036;0.558
5203500;0.701
3107703;0.683
5101852;0.661
3107802;0.623
3300605;0.732
3201100;0.734
4202578;0.712
3507100;0.713
4103156;0.697
1501576;0.589
1703305;0.66
2102077;0.562
4302352;0.746
2201919;0.532
4302378;0.723
3107901;0.653
4202602;0.699
4302402;0.739
2502300;0.592
3108008;0.692
4103206;0.686
3507159;0.66
4103222;0.742
1400159;0.626
3108107;0.637
2201929;0.542
5203559;0.683
3108206;0.678
2904001;0.612
1501600;0.546
2602308;0.561
2904050;0.561
5002209;0.67
3108255;0.537
2502409;0.574
5203575;0.63
2502508;0.607
4302451;0.7
2201945;0.56
2800670;0.604
2904100;0.603
3507209;0.746
3507308;0.754
1300805;0.56
2502706;0.558
3507407;0.73
3108305;0.73
3507456;0.705
4103305;0.717
4302501;0.692
3108404;0.702
3507506;0.8
3108503;0.602
2904209;0.575
4202701;0.724
4302584;0.745
4202800;0.778
4202859;0.78
4302600;0.674
1501709;0.6
3507605;0.776
4103354;0.701
2701100;0.513
5002308;0.701
3108552;0.674
4103370;0.681
1703602;0.684
1200104;0.614
2201960;0.577
5300108;0.824
3108602;0.656
1501725;0.613
5101902;0.696
3108909;0.692
3108701;0.625
3507704;0.737
3108800;0.624
5203609;0.701
2602407;0.547
3201159;0.656
2401800;0.592
2602506;0.574
1703701;0.686
2102101;0.562
3507753;0.71
2602605;0.562
2102150;0.519
2502805;0.597
2201988;0.515
2502904;0.619
2904308;0.597
2800704;0.54
1501758;0.591
2904407;0.592
2302503;0.647
1501782;0.568
1501808;0.503
5203807;0.672
4302659;0.699
3507803;0.755
3507902;0.74
2904506;0.57
3109006;0.747
2904605;0.656
4202875;0.661
4202909;0.795
3109105;0.658
3109204;0.669
2602704;0.593
2904704;0.613
3109253;0.627
2602803;0.527
1200138;0.589
1501907;0.552
3508009;0.667
3508108;0.763
2102200;0.548
5203906;0.71
2102309;0.59
2102325;0.556
5203939;0.687
2202000;0.565
2202026;0.574
1703800;0.627
5203962;0.704
2904753;0.565
2102358;0.583
1100452;0.616
3109303;0.672
3508207;0.735
3109402;0.624
4302709;0.689
1300839;0.569
2503001;0.602
5002407;0.692
2904803;0.561
2503100;0.611
2904852;0.581
3109451;0.648
5204003;0.668
2202059;0.583
2503209;0.748
1100031;0.65
2602902;0.686
3300704;0.735
3109501;0.674
3508306;0.694
3508405;0.738
2603009;0.623
4203006;0.735
3508504;0.788
4302808;0.704
1100601;0.646
4302907;0.7
5102504;0.708
2904902;0.647
5204102;0.71
3109600;0.741
5204201;0.727
3109709;0.706
3102704;0.578
1502004;0.546
1501956;0.473
2503308;0.587
4303004;0.742
3109808;0.726
5204250;0.698
2102374;0.537
3508603;0.764
3300803;0.7
1703826;0.627
2603108;0.579
4303103;0.757
3201209;0.746
2503407;0.596
2503506;0.564
2503555;0.523
2701209;0.531
4303202;0.662
1100049;0.718
3508702;0.72
5204300;0.73
2905008;0.637
2905107;0.546
3109907;0.706
2905156;0.542
3110004;0.728
2603207;0.522
2905206;0.625
2905305;0.584
4103404;0.693
3508801;0.742
4103453;0.748
4103479;0.692
3508900;0.729
3110103;0.633
5204409;0.693
4303301;0.719
4203105;0.728
2503605;0.592
4303400;0.699
2401859;0.574
2401909;0.587
2402006;0.71
3509007;0.781
2905404;0.627
3509106;0.697
3509205;0.728
2102408;0.553
2102507;0.523
3509254;0.694
2503704;0.679
2202075;0.562
2503753;0.55
3509304;0.734
2701308;0.562
2202083;0.546
3110202;0.617
3509403;0.713
2603306;0.566
1600204;0.643
3110301;0.687
2503803;0.568
5204508;0.733
5204557;0.685
2905503;0.573
2202091;0.588
4103503;0.722
4203154;0.622
2603405;0.571
2905602;0.581
2905701;0.694
3110400;0.69
2503902;0.567
2905800;0.565
3110509;0.689
5002605;0.703
4303509;0.697
2603454;0.692
4303558;0.736
4103602;0.721
4303608;0.697
4103701;0.734
4103800;0.725
4203204;0.726
3300902;0.691
3110608;0.751
3110707;0.699
1502103;0.577
2302602;0.62
2603504;0.588
3110806;0.616
3110905;0.709
2701357;0.559
3111002;0.698
4303673;0.706
5204607;0.653
2102556;0.652
5204656;0.631
4103909;0.704
4303707;0.738
3509452;0.717
4103958;0.63
2504009;0.72
4104006;0.718
5102603;0.538
3509502;0.805
2202109;0.544
4303806;0.76
3111101;0.704
5204706;0.688
2701407;0.57
4203303;0.714
5204805;0.694
2905909;0.557
2202117;0.537
3111150;0.621
3111200;0.711
4203402;0.641
4303905;0.745
4104055;0.681
2801009;0.621
3111309;0.683
4104105;0.686
4203501;0.69
3111408;0.706
2906006;0.586
2701506;0.524
5002704;0.784
2202133;0.56
4104204;0.745
2202174;0.528
5204854;0.661
3509601;0.769
4104253;0.701
2202208;0.656
4104303;0.757
4304002;0.703
1100700;0.593
5102637;0.734
2402105;0.626
3111507;0.702
5204904;0.692
4304101;0.708
5102686;0.744
3509700;0.749
3301009;0.716
3111606;0.682
1703842;0.544
4203600;0.742
3509809;0.706
2302701;0.63
5204953;0.654
5102678;0.75
2603603;0.606
3111705;0.649
1502152;0.673
5102694;0.667
3509908;0.72
2701605;0.506
2906105;0.565
3111804;0.722
2906204;0.587
5102702;0.693
3509957;0.704
3111903;0.65
2202251;0.583
2906303;0.59
2906402;0.587
2906501;0.691
3112000;0.678
1100809;0.649
4304200;0.674
2906600;0.591
4104402;0.629
4304309;0.728
2102606;0.561
3510005;0.747
3510104;0.789
2906709;0.601
4304358;0.698
4104428;0.635
4304408;0.748
4203709;0.697
2402204;0.579
4304507;0.65
2801108;0.569
2603702;0.541
2302800;0.612
2801207;0.567
3510153;0.68
4304606;0.75
4203808;0.757
2906808;0.557
1400175;0.619
3112059;0.631
3301108;0.709
4104451;0.635
2102705;0.565
2202307;0.576
2906824;0.562
4304614;0.713
1300904;0.53
1502202;0.655
4104501;0.706
4203253;0.654
3510203;0.721
4304622;0.637
4304630;0.743
4304655;0.672
4304663;0.637
3112109;0.624
2701704;0.573
2801306;0.615
4304689;0.661
3510302;0.699
2906857;0.599
3112208;0.648
3112307;0.653
3112406;0.675
2504033;0.533
3112505;0.695
2906873;0.621
3112604;0.723
4203907;0.752
2102754;0.537
2302909;0.611
4304697;0.746
3112653;0.624
2202406;0.583
3112703;0.639
2202455;0.553
4104600;0.716
1502301;0.548
3112802;0.71
3510401;0.75
4203956;0.767
4304671;0.766
1200179;0.575
2603801;0.549
3112901;0.615
4304713;0.652
1400209;0.624
2202505;0.552
5002803;0.647
3510500;0.759
3113008;0.558
2906899;0.555
4104659;0.728
3113107;0.634
3113206;0.697
3113305;0.695
3300936;0.713
3510609;0.749
3113404;0.706
1301001;0.549
2402303;0.638
2504074;0.585
2202539;0.505
2906907;0.616
4304705;0.766
3113503;0.638
2907004;0.552
3510708;0.722
3301157;0.648
3113602;0.683
1301100;0.557
1301159;0.568
3201308;0.718
2303006;0.592
2202554;0.541
2907103;0.576
2801405;0.588
2303105;0.596
2303204;0.578
1703867;0.662
2303303;0.597
5102793;0.665
4104709;0.713
4304804;0.796
3113701;0.648
4304853;0.739
3113800;0.65
3301207;0.696
3113909;0.655
3114006;0.689
3114105;0.682
3114204;0.71
3114303;0.705
3114402;0.733
5205000;0.713
1703883;0.64
2801504;0.643
3114501;0.7
2603900;0.583
2402402;0.659
2402501;0.589
2303402;0.593
2603926;0.573
3114550;0.741
2701803;0.526
1400233;0.639
2102804;0.634
2604007;0.68
3114600;0.725
2504108;0.603
1703891;0.594
2604106;0.677
2102903;0.574
3114709;0.724
3114808;0.646
3510807;0.73
3114907;0.652
2907202;0.57
4304903;0.785
3115003;0.721
2303501;0.646
4104808;0.782
1703909;0.658
4304952;0.703
3301306;0.726
2604155;0.567
2504157;0.514
3115102;0.704
3510906;0.734
5002902;0.727
1502400;0.673
5102850;0.665
1100908;0.658
5205059;0.701
3201407;0.726
2202604;0.587
3511003;0.731
4104907;0.703
2907301;0.613
3115300;0.751
5205109;0.766
3511102;0.785
4105003;0.678
4204004;0.714
2303600;0.618
3115359;0.684
3115409;0.6
2604205;0.609
3511201;0.751
2504207;0.574
2907400;0.582
2504306;0.64
2907509;0.677
4305009;0.739
3115458;0.54
2303659;0.609
5205208;0.664
2907558;0.571
2504355;0.623
3115474;0.621
2303709;0.682
5205307;0.584
3115508;0.743
4204103;0.691
2103000;0.624
4305108;0.782
2202653;0.488
2402600;0.616
2103109;0.605
3511300;0.766
2303808;0.627
2604304;0.615
2801603;0.623
3115607;0.678
4204152;0.719
1704105;0.569
4305116;0.701
4105102;0.668
2907608;0.596
3115706;0.665
2103125;0.585
3115805;0.678
2103158;0.542
2103174;0.518
1100056;0.692
5205406;0.775
3511409;0.729
3511508;0.782
4305124;0.649
4105201;0.573
4305132;0.661
2402709;0.607
4305157;0.674
4305173;0.66
4305207;0.764
4204178;0.621
3511607;0.706
4105300;0.732
5205455;0.711
3115904;0.664
2604403;0.604
2604502;0.599
3116001;0.655
4305306;0.757
1705102;0.62
1704600;0.619
3116100;0.598
5103007;0.688
3116159;0.635
5205471;0.742
4204194;0.704
5002951;0.754
2103208;0.604
4204202;0.79
2701902;0.575
3511706;0.736
4305355;0.747
4305371;0.62
2303907;0.586
3557204;0.729
1502509;0.453
3116209;0.711
4305405;0.732
4105409;0.74
2303931;0.585
2303956;0.604
2907707;0.6
4305439;0.706
1100924;0.652
4305447;0.616
4105508;0.755
2907806;0.585
4105607;0.718
5205497;0.717
2103257;0.6
4305454;0.729
2907905;0.601
3116308;0.579
4305504;0.719
3116407;0.698
3116506;0.67
5103056;0.699
3116605;0.709
3511904;0.725
4105706;0.694
2908002;0.613
1301209;0.586
2202703;0.497
2202711;0.555
2202729;0.498
4204251;0.78
5103106;0.66
5205513;0.657
2908101;0.596
1301308;0.563
2103307;0.595
2103406;0.564
3116704;0.669
2702009;0.533
2202737;0.565
1502608;0.602
3201506;0.746
5103205;0.713
3512001;0.757
2103505;0.596
4305587;0.765
5205521;0.658
1705508;0.701
1716703;0.671
5103254;0.611
3512100;0.71
4105805;0.733
2202752;0.628
2202778;0.588
2702108;0.517
4105904;0.73
4305603;0.758
1100064;0.685
3116803;0.583
1705557;0.697
3116902;0.697
3300951;0.685
3117009;0.593
5103304;0.689
2504405;0.592
3117108;0.691
3201605;0.681
3115201;0.685
2908200;0.634
3117306;0.712
3117207;0.668
3117405;0.676
3301405;0.712
2908309;0.606
1502707;0.64
2202802;0.589
3201704;0.67
2908408;0.611
2908507;0.663
2103554;0.512
3117504;0.634
3117603;0.7
3117702;0.665
3117801;0.703
1705607;0.592
3512209;0.708
3512308;0.736
4204301;0.8
1502756;0.566
2504504;0.594
2604601;0.602
2504603;0.618
2908606;0.56
2908705;0.582
4305702;0.747
3117836;0.621
3117876;0.747
5103353;0.668
2504702;0.581
3117900;0.712
3118007;0.753
3118106;0.568
4106001;0.668
3118205;0.729
5103361;0.718
3118304;0.761
4106100;0.707
3118403;0.662
3118502;0.673
4305801;0.754
3118601;0.756
4106209;0.681
2908804;0.577
3118700;0.694
4305835;0.692
4305850;0.746
2702207;0.586
3118809;0.642
2908903;0.592
4106308;0.738
3301504;0.729
3512407;0.758
2909000;0.579
4204350;0.747
3118908;0.656
3119005;0.66
2304004;0.61
2504801;0.592
5003108;0.671
2909109;0.6
3119104;0.68
4106407;0.759
3119203;0.626
3512506;0.719
2103604;0.576
3119302;0.708
4305871;0.744
4305900;0.665
4106456;0.6
2402808;0.587
3119401;0.755
4204400;0.744
2402907;0.578
2909208;0.535
2202851;0.546
3512605;0.69
4204459;0.696
3119500;0.627
3119609;0.669
4305934;0.727
5003157;0.589
4106506;0.723
3119708;0.677
3119807;0.692
3119906;0.692
5205703;0.686
3119955;0.678
3120003;0.632
4204558;0.702
2202901;0.642
2604700;0.536
2909307;0.603
2604809;0.568
5003207;0.7
5205802;0.68
5205901;0.698
3512704;0.754
4106555;0.638
1100072;0.613
4204509;0.78
2702306;0.626
3512803;0.769
3512902;0.722
1100080;0.611
5003256;0.706
2909406;0.59
3513009;0.78
4305959;0.741
5103379;0.601
3120102;0.659
1706001;0.605
4305975;0.706
5003306;0.703
2504850;0.641
2702355;0.525
2304103;0.644
2304202;0.713
3513108;0.756
2909505;0.599
4204608;0.788
3120151;0.585
2909604;0.543
4306007;0.712
3120201;0.692
3513207;0.734
4306056;0.644
1706100;0.673
2203008;0.573
4306072;0.66
3120300;0.583
5206206;0.699
3120409;0.695
5206305;0.688
3120508;0.668
2801702;0.553
2203107;0.566
2909703;0.614
5206404;0.708
1706258;0.644
2304236;0.59
5206503;0.706
3120607;0.651
2304251;0.632
3513306;0.774
4306106;0.75
4306130;0.719
2909802;0.699
2504900;0.552
3513405;0.788
3120706;0.696
4106571;0.709
4106605;0.717
1200203;0.664
4106704;0.713
4306205;0.723
2403004;0.654
3120805;0.695
4106803;0.664
4106852;0.666
3513504;0.737
2505006;0.566
5103403;0.785
2505105;0.591
2505238;0.524
2505204;0.57
1100940;0.612
5206602;0.737
2604908;0.572
1502764;0.55
2801900;0.604
3513603;0.684
4204707;0.742
4204756;0.754
3120839;0.627
2605004;0.592
2909901;0.581
2203206;0.607
1502772;0.636
4106902;0.823
4204806;0.721
4107009;0.656
2203230;0.542
2403103;0.691
2505279;0.529
3120870;0.585
1502806;0.502
2203255;0.555
2203271;0.527
2505303;0.606
1502855;0.578
1502905;0.582
2103703;0.612
5103437;0.69
3120904;0.713
2605103;0.594
1600212;0.628
5206701;0.654
2505352;0.521
5206800;0.697
1706506;0.581
2910008;0.54
3121001;0.616
4306304;0.762
2103752;0.607
5206909;0.716
3121100;0.669
3121209;0.74
2702405;0.612
3121258;0.639
2203305;0.618
5103452;0.683
5003454;0.694
2304269;0.609
4306320;0.707
3513702;0.76
4204905;0.743
3121308;0.68
2505402;0.58
3121407;0.639
3121506;0.631
4306353;0.654
3513801;0.757
2505600;0.593
4107157;0.644
4107108;0.723
4107124;0.608
3121605;0.716
5103502;0.718
1707009;0.701
2910057;0.676
4306379;0.648
3121704;0.601
3121803;0.702
4205001;0.706
5207105;0.729
3513850;0.741
2203354;0.561
2802007;0.61
3121902;0.657
3122009;0.605
3122108;0.661
3201803;0.632
3513900;0.734
3122207;0.623
3122306;0.764
5208301;0.653
1707108;0.683
3122355;0.608
3122405;0.67
3122454;0.609
3514007;0.718
3514106;0.725
4306403;0.743
4306429;0.67
5003488;0.639
1707207;0.583
4306452;0.757
2702504;0.532
4107207;0.767
3514205;0.742
5103601;0.69
2910107;0.591
3122470;0.673
3122504;0.688
1502939;0.615
2203404;0.601
4306502;0.587
3201902;0.669
2203420;0.55
2203453;0.549
3122603;0.622
2910206;0.632
4306601;0.708
2103802;0.622
4306551;0.691
3122702;0.709
3122801;0.687
4205100;0.742
3122900;0.701
4306700;0.697
2505709;0.545
3123007;0.686
3123106;0.636
3123205;0.719
3202009;0.654
3123304;0.629
3123403;0.692
2605152;0.589
4107256;0.724
5003504;0.699
3514304;0.738
3123502;0.706
5003702;0.747
4107306;0.746
4306734;0.706
4205159;0.716
4306759;0.724
2403202;0.621
4128633;0.546
5207253;0.668
3514403;0.776
3514502;0.748
3301603;0.659
2505808;0.603
1707306;0.679
3514601;0.744
2103901;0.533
3301702;0.711
3123528;0.645
3514700;0.745
3202108;0.662
5207352;0.702
5207402;0.739
1301407;0.563
3514809;0.691
5003751;0.684
1502954;0.56
4306767;0.717
2203503;0.58
3514908;0.695
2203602;0.595
3514924;0.747
2910305;0.623
3123601;0.685
2505907;0.595
3514957;0.73
3515004;0.735
3515103;0.749
3515129;0.727
4306809;0.767
2403301;0.629
2910404;0.544
4306908;0.657
4107405;0.752
4107504;0.73
3123700;0.644
3515152;0.732
3123809;0.655
3301801;0.722
4306924;0.717
3123858;0.634
4306932;0.68
2910503;0.615
4205175;0.657
3123908;0.672
4107538;0.761
4306957;0.703
1301506;0.509
1200252;0.653
2403400;0.623
4306973;0.712
4307005;0.776
2304277;0.61
2900504;0.584
4205191;0.726
4307054;0.716
4307203;0.681
3124005;0.625
4307302;0.685
4205209;0.723
2605202;0.632
4307401;0.68
3124104;0.671
3124203;0.663
2506004;0.623
4307450;0.661
4107520;0.689
1707405;0.57
2203701;0.605
2104008;0.586
4107546;0.636
1100098;0.672
3124302;0.627
2403509;0.558
3124401;0.685
3515186;0.787
3515194;0.696
2910602;0.589
4307500;0.765
4307559;0.753
2802106;0.647
4307609;0.757
4307708;0.754
3124500;0.691
3557303;0.74
2104057;0.659
4307807;0.767
3124609;0.71
2702553;0.534
3515202;0.76
3124708;0.676
3515301;0.74
5207501;0.707
3124807;0.696
4307815;0.679
2910701;0.567
3515350;0.704
4307831;0.712
3124906;0.675
2910727;0.677
2304285;0.701
3125002;0.676
3125101;0.732
2403608;0.66
2605301;0.576
2506103;0.56
4307864;0.763
5207535;0.65
3125200;0.717
3125309;0.687
2304301;0.633
1503002;0.563
4107553;0.715
4307906;0.777
3515400;0.732
2203750;0.548
1707553;0.697
2910750;0.559
5003801;0.714
4107603;0.687
4205308;0.758
4308003;0.72
4308052;0.666
5207600;0.685
4107652;0.72
4308078;0.698
1200302;0.539
2910776;0.588
2910800;0.712
2702603;0.533
2605400;0.6
2802205;0.584
2104073;0.532
3125408;0.606
2403707;0.636
3125606;0.583
3125705;0.648
4308102;0.75
2702702;0.565
5103700;0.692
4107702;0.716
4107736;0.645
3125804;0.646
2605459;0.788
2104081;0.443
2403756;0.597
3515509;0.797
3515608;0.758
3515657;0.703
3515707;0.738
1600238;0.656
2605509;0.622
3125903;0.603
3125952;0.58
4107751;0.677
5003900;0.66
1707652;0.689
5103809;0.679
1707702;0.621
2910859;0.565
2910909;0.578
5207808;0.732
2702801;0.527
4107801;0.745
2403806;0.642
3515806;0.727
4107850;0.682
4205357;0.708
3515905;0.747
2605608;0.556
4308201;0.754
5207907;0.597
2203800;0.547
2605707;0.626
4107900;0.736
2911006;0.557
1503044;0.583
2203859;0.538
3126000;0.724
4108007;0.701
2203909;0.7
4308250;0.663
4205407;0.847
4108106;0.732
3516002;0.715
3516101;0.713
1301605;0.53
4308300;0.661
3126109;0.755
4308409;0.682
5208004;0.744
2104099;0.556
4108205;0.723
2911105;0.618
4205431;0.715
3126208;0.64
5208103;0.715
1708205;0.67
4308433;0.683
2304350;0.644
4205456;0.753
2304400;0.754
3126307;0.67
2104107;0.616
4308458;0.756
1708254;0.659
2304459;0.624
2104206;0.58
3126406;0.696
4108304;0.751
4108452;0.645
4205506;0.731
3516200;0.78
2204006;0.564
4108320;0.669
2204105;0.577
3126505;0.622
4108403;0.774
2403905;0.606
3126604;0.625
2204154;0.553
3516309;0.703
3126752;0.603
3126703;0.654
2204204;0.608
3516408;0.731
2304509;0.604
4308508;0.76
3126802;0.59
3126901;0.648
3126950;0.543
2506202;0.641
2605806;0.576
2802304;0.589
4205555;0.682
3127008;0.684
3127057;0.592
2204303;0.619
3127073;0.544
3127107;0.73
2404002;0.597
3202207;0.718
3127206;0.655
3516507;0.763
2506251;0.513
3516606;0.709
3127305;0.654
2404101;0.564
4205605;0.708
2605905;0.602
5208152;0.659
3127339;0.65
2911204;0.632
2606002;0.664
2802403;0.564
3516705;0.769
4308607;0.786
4205704;0.753
1503077;0.526
4308656;0.671
4205803;0.725
4205902;0.765
3516804;0.723
5103858;0.615
4308706;0.738
2911253;0.599
3516853;0.719
2204352;0.561
4308805;0.686
4108502;0.652
5103908;0.67
2802502;0.645
3516903;0.747
2304608;0.568
4308854;0.733
2911303;0.559
3517000;0.717
4308904;0.746
2204402;0.548
2702900;0.536
4309001;0.721
3127354;0.679
3517109;0.735
2911402;0.593
5004007;0.721
5103957;0.71
2606101;0.604
4309050;0.714
2104305;0.604
4108551;0.675
3127370;0.647
2606200;0.651
3127388;0.716
5208400;0.703
5208509;0.76
5208608;0.727
1503093;0.56
5208707;0.799
2404200;0.638
5208806;0.694
1708304;0.621
5208905;0.709
1709005;0.576
5209101;0.725
4108601;0.731
4108650;0.641
3127404;0.683
2104404;0.568
2911501;0.576
3127503;0.606
3127602;0.681
5209150;0.674
2104503;0.565
4206009;0.747
2404309;0.592
2104552;0.629
2104602;0.572
1101005;0.596
3202256;0.694
2104628;0.544
2911600;0.643
2104651;0.521
2104677;0.569
3127701;0.727
2304657;0.57
2104701;0.57
2802601;0.577
2104800;0.609
4309100;0.764
4309126;0.685
4309159;0.634
4108700;0.658
2606309;0.595
2304707;0.559
2304806;0.585
3127800;0.604
4206108;0.736
2606408;0.634
4309209;0.736
4206207;0.757
2304905;0.633
2404408;0.664
3127909;0.731
4309258;0.758
4206306;0.754
3202306;0.703
2204501;0.65
4309308;0.73
3517208;0.739
3517307;0.728
3517406;0.753
4108809;0.724
4108908;0.693
2304954;0.617
1301654;0.532
1100106;0.657
2911659;0.569
2404507;0.626
4108957;0.669
2911709;0.673
3128006;0.686
3128105;0.679
3517505;0.725
3517604;0.675
3301850;0.698
4109005;0.702
5209200;0.697
4309407;0.765
4109104;0.719
3517703;0.718
2506301;0.673
3517802;0.719
3517901;0.737
4109203;0.698
3128204;0.623
4206405;0.751
2305001;0.609
3128253;0.677
1709302;0.741
5209291;0.687
2305100;0.637
4206504;0.751
3128303;0.701
3128402;0.677
4109302;0.677
4309506;0.737
5209408;0.637
3518008;0.732
3518107;0.713
5104104;0.703
3202405;0.731
4109401;0.731
4109500;0.587
3128501;0.652
3518206;0.763
3518305;0.731
2911808;0.558
3518404;0.798
4109609;0.717
3128600;0.69
3518503;0.687
3518602;0.719
2204550;0.508
5209457;0.652
3518701;0.751
4206603;0.73
3518800;0.763
4206652;0.717
3518859;0.743
3128709;0.751
5004106;0.675
3128808;0.683
2104909;0.625
3128907;0.693
5104203;0.705
3129004;0.674
3129103;0.68
2506400;0.556
2506509;0.625
1503101;0.509
1709500;0.759
3518909;0.697
4309555;0.749
5209606;0.694
3129202;0.657
2911857;0.563
3519006;0.727
4307104;0.687
4206702;0.758
4309571;0.616
2305209;0.597
5209705;0.706
5209804;0.677
3519055;0.793
4109658;0.683
2305233;0.658
4309605;0.783
3519071;0.756
2204600;0.599
4309654;0.643
1301704;0.605
4309704;0.738
2105005;0.535
3519105;0.745
5209903;0.644
3519204;0.733
2911907;0.574
3129301;0.654
3519253;0.674
2606507;0.528
4109708;0.71
4309753;0.652
2305266;0.577
3519303;0.703
2703007;0.518
3202454;0.647
4109757;0.685
3129400;0.657
3129509;0.718
4309803;0.739
3129608;0.614
4206751;0.725
2305308;0.608
2506608;0.586
2912004;0.611
2912103;0.625
4206801;0.708
2912202;0.591
2912301;0.584
2305332;0.606
2606606;0.552
2912400;0.616
2912509;0.584
4109807;0.726
2912608;0.511
3519402;0.74
3129657;0.591
3129707;0.706
3202504;0.726
4309902;0.724
2606705;0.58
4206900;0.737
2912707;0.558
2912806;0.614
4309951;0.638
3519501;0.708
2912905;0.576
3129806;0.704
4310009;0.765
2913002;0.585
3519600;0.747
3202553;0.622
2913101;0.602
3129905;0.674
3130002;0.675
3519709;0.71
2913200;0.636
2305357;0.616
4207007;0.741
3130051;0.624
4109906;0.666
2105104;0.546
3519808;0.72
2913309;0.631
2305407;0.606
3202603;0.729
2404606;0.55
3519907;0.736
2703106;0.564
2913408;0.614
3520004;0.727
2502607;0.61
3520103;0.768
3130101;0.698
1503200;0.595
2105153;0.569
2105203;0.614
1503309;0.547
2606804;0.665
3520202;0.711
3130200;0.651
2913457;0.574
2703205;0.568
4310108;0.721
3301876;0.761
2913507;0.552
3520301;0.726
2606903;0.598
4110003;0.758
3130309;0.707
5004304;0.662
2305506;0.677
4110052;0.703
3130408;0.714
4310207;0.781
3520400;0.756
3520426;0.725
2802700;0.562
2607604;0.653
2204659;0.563
3520442;0.812
2913606;0.69
4207106;0.738
3130507;0.68
4310306;0.73
2506707;0.557
4207205;0.667
4110078;0.622
4310330;0.764
3130556;0.553
4207304;0.765
4110102;0.66
4207403;0.713
4310363;0.743
2105302;0.731
5209937;0.692
4110201;0.6
2607000;0.523
4110300;0.705
3130606;0.692
3130655;0.61
4207502;0.777
3520509;0.788
2305605;0.632
4310405;0.693
3520608;0.761
3130705;0.674
4110409;0.724
3520707;0.751
5209952;0.701
2802809;0.58
5104500;0.661
2506806;0.592
3130804;0.697
2607109;0.608
4310413;0.673
2913705;0.565
1503408;0.572
2703304;0.484
3130903;0.658
3131000;0.702
2204709;0.624
5210000;0.72
3131109;0.664
5004403;0.681
3520806;0.759
4207577;0.795
3131158;0.665
5210109;0.701
3131208;0.693
2404705;0.603
2305654;0.579
3131307;0.771
2305704;0.606
3520905;0.727
4310439;0.728
2913804;0.55
3521002;0.719
3521101;0.753
3131406;0.696
2913903;0.67
3521150;0.73
2914000;0.549
4207601;0.736
4110508;0.652
5210158;0.696
5104526;0.727
2204808;0.63
4310462;0.791
1301803;0.481
1503457;0.489
2607208;0.619
4110607;0.706
5210208;0.743
4207650;0.759
3521200;0.703
2305803;0.618
3521309;0.749
4207684;0.66
2607307;0.55
2404804;0.679
1709807;0.62
2305902;0.573
3131505;0.686
4207700;0.738
2914109;0.59
1400282;0.582
2306009;0.652
4110656;0.707
3521408;0.776
4207759;0.722
4310504;0.691
3131604;0.695
2914208;0.576
2914307;0.571
1301852;0.613
4207809;0.742
3521507;0.713
3521606;0.712
2914406;0.599
2914505;0.62
4110706;0.726
4207858;0.707
2306108;0.605
2914604;0.691
4110805;0.665
4207908;0.699
1503507;0.559
3202652;0.637
2204907;0.582
5210307;0.711
4208005;0.771
4310538;0.76
2506905;0.613
2802908;0.642
2803005;0.556
2914653;0.599
3521705;0.693
2914703;0.62
5210406;0.719
2803104;0.602
3131703;0.756
3131802;0.653
3131901;0.73
3301900;0.693
2914802;0.712
1710508;0.612
3132008;0.628
3132107;0.641
2914901;0.583
1301902;0.644
2607406;0.595
4310553;0.657
2915007;0.572
2915106;0.543
2915205;0.589
2915304;0.634
3202702;0.702
2915353;0.562
3302007;0.715
4110904;0.707
3132206;0.691
5210562;0.693
5210604;0.718
1710706;0.616
3521804;0.713
2607505;0.51
2306207;0.656
2205003;0.541
4208104;0.708
2105351;0.518
3132305;0.552
4110953;0.738
2306256;0.626
1503606;0.64
2404853;0.624
5210802;0.691
4208203;0.795
3521903;0.73
3522000;0.705
3132404;0.787
2915403;0.592
2915502;0.599
3302056;0.688
2915601;0.627
3132503;0.646
1301951;0.477
3132602;0.688
2915700;0.578
3132701;0.634
4111001;0.694
2607653;0.575
2915809;0.578
4111100;0.746
3132800;0.634
3132909;0.674
3133006;0.705
2915908;0.584
3522109;0.745
3133105;0.739
5104542;0.71
2916005;0.637
3133204;0.65
3133303;0.629
3522158;0.68
3302106;0.713
5210901;0.725
2306306;0.623
3133402;0.723
2916104;0.67
2916203;0.599
2916302;0.572
3133501;0.713
3522208;0.742
2105401;0.599
4111209;0.731
4208302;0.796
3202801;0.654
4111258;0.637
3302205;0.73
2607703;0.592
2916401;0.667
3522307;0.763
3133600;0.72
3522406;0.732
3522505;0.735
2916500;0.486
2306405;0.64
3522604;0.762
1302009;0.654
4208401;0.775
5211008;0.677
3522653;0.661
1710904;0.601
2607752;0.633
2916609;0.571
2306504;0.604
4208450;0.761
3522703;0.744
5004502;0.654
1711100;0.65
2507002;0.615
3522802;0.719
2803203;0.561
2507101;0.564
1101104;0.614
4310579;0.664
3522901;0.725
3523008;0.72
5211206;0.726
3523107;0.714
2916708;0.553
4310603;0.713
5004601;0.62
2607802;0.586
3202900;0.684
2916807;0.61
3523206;0.703
2306553;0.606
3523305;0.677
5211305;0.693
4310652;0.669
3302254;0.737
3133709;0.677
3523404;0.778
4310702;0.681
2916856;0.582
3523503;0.706
2306603;0.562
2507200;0.562
2404903;0.614
5104559;0.69
1600253;0.576
5211404;0.718
3133758;0.776
2205102;0.583
3133808;0.758
4111308;0.656
3133907;0.627
3134004;0.6
2105427;0.63
5104609;0.693
3523602;0.724
3523701;0.707
2916906;0.6
2917003;0.544
3523800;0.717
2917102;0.594
3523909;0.773
2917201;0.57
2917300;0.606
3134103;0.635
3134202;0.739
5211503;0.752
3134301;0.726
3524006;0.762
1503705;0.528
4208500;0.748
3134400;0.747
3134509;0.727
3524105;0.765
2917334;0.591
3203007;0.666
4111407;0.651
4111506;0.73
4111555;0.706
4111605;0.766
5004700;0.72
5211602;0.704
4310751;0.724
4310801;0.784
2607901;0.717
4208609;0.732
2917359;0.613
3524204;0.711
4111704;0.718
4310850;0.658
3524303;0.778
3134608;0.681
2405009;0.604
2917409;0.593
2507309;0.558
1503754;0.505
2703403;0.583
3524402;0.777
4111803;0.743
3524501;0.723
5104807;0.735
3134707;0.62
4208708;0.716
2917508;0.649
2205151;0.535
3134806;0.668
2703502;0.548
4310876;0.662
1503804;0.622
3524600;0.717
3134905;0.715
4310900;0.726
4111902;0.715
2917607;0.58
3135001;0.679
4311007;0.707
2917706;0.659
3203056;0.678
2306702;0.612
4311106;0.712
4112009;0.743
2306801;0.618
2306900;0.621
2917805;0.556
3524709;0.784
2307007;0.624
4208807;0.721
3135050;0.638
2205201;0.524
3524808;0.776
3524907;0.756
3135076;0.609
3135100;0.696
5211701;0.707
4112108;0.747
2405108;0.569
2917904;0.55
3525003;0.76
2405207;0.615
5104906;0.63
4112207;0.696
3135209;0.658
2405306;0.574
3135308;0.721
2703601;0.57
2803302;0.621
3302270;0.659
2405405;0.569
4112306;0.696
2803401;0.56
3135357;0.608
5004809;0.526
1302108;0.522
4112405;0.712
2607950;0.575
4311122;0.614
5211800;0.699
4208906;0.803
5004908;0.664
2703700;0.552
2307106;0.614
5005004;0.712
4112504;0.689
2405504;0.565
2405603;0.603
2205250;0.593
2405702;0.663
4112603;0.682
3525102;0.735
4208955;0.709
4311130;0.631
3525201;0.733
1100114;0.689
5211909;0.757
4112702;0.687
2608008;0.53
5005103;0.708
2307205;0.651
2105450;0.561
2608057;0.645
2205276;0.566
3525300;0.778
1711506;0.662
5212006;0.689
5105002;0.673
3135407;0.661
3135456;0.624
2105476;0.49
3135506;0.601
2703759;0.556
2918001;0.665
3135605;0.643
3135704;0.689
3135803;0.615
2918100;0.547
2507408;0.603
3525409;0.703
3203106;0.698
2205300;0.591
3135902;0.658
4112751;0.705
5212055;0.649
2307254;0.652
1100122;0.714
2918209;0.553
2918308;0.575
4209003;0.827
3136009;0.587
3136108;0.626
3525508;0.699
2608107;0.576
2405801;0.595
2205359;0.561
2405900;0.53
2918357;0.593
2105500;0.641
3136207;0.758
3203130;0.753
2507507;0.763
3136306;0.697
3525607;0.741
3136405;0.637
2703809;0.531
2608206;0.554
2205409;0.522
4112801;0.7
2205458;0.504
4311155;0.686
4209102;0.809
3136504;0.628
1200328;0.469
4209151;0.694
3525706;0.777
2406007;0.608
2205508;0.618
3136520;0.632
2105609;0.561
3136579;0.564
3136553;0.617
5212105;0.706
5105101;0.682
2507606;0.579
1711803;0.584
3136652;0.717
2507705;0.567
2918407;0.677
2307304;0.694
2205516;0.57
2307403;0.598
2608255;0.55
2918456;0.541
2406106;0.601
5105150;0.716
3136702;0.778
2205524;0.582
4311205;0.716
3525805;0.716
3525854;0.741
2105658;0.552
2507804;0.617
2406155;0.595
2703908;0.562
3525904;0.822
4112900;0.688
2704005;0.575
3526001;0.745
2608305;0.575
4209177;0.719
3526100;0.7
3526209;0.709
3136801;0.669
4112959;0.708
2205532;0.555
2608404;0.509
2507903;0.548
2508000;0.57
1302207;0.522
3136900;0.723
5105176;0.662
1503903;0.592
5105200;0.714
2918506;0.571
4113007;0.718
5212204;0.743
2918555;0.567
2918605;0.602
1302306;0.516
5005152;0.623
3136959;0.592
4113106;0.721
1302405;0.531
4209201;0.781
3137007;0.541
5005202;0.704
2918704;0.599
3137106;0.718
2803500;0.625
4209300;0.77
2508109;0.563
2205557;0.55
4311239;0.67
2704104;0.552
1711902;0.627
2406205;0.601
3137205;0.732
2508208;0.57
2608503;0.602
2406304;0.553
2205573;0.529
2406403;0.589
2205565;0.502
2608453;0.609
2105922;0.566
2608602;0.525
2205581;0.583
2608701;0.551
2205599;0.541
3137304;0.634
4311270;0.789
1711951;0.579
3137403;0.676
3137502;0.703
2608750;0.597
3137536;0.679
2105963;0.502
2406502;0.585
4311254;0.643
2918753;0.545
2406601;0.582
3137601;0.777
5212253;0.74
2508307;0.627
4311304;0.738
2105708;0.589
2105807;0.581
2105948;0.602
3526308;0.693
2205540;0.597
2105906;0.557
4209409;0.752
5005251;0.672
2918803;0.586
1712009;0.675
4311403;0.778
4311429;0.613
4209458;0.771
2105989;0.589
2918902;0.632
2919009;0.546
2608800;0.611
2919058;0.584
3302304;0.668
2406700;0.624
2406809;0.625
3137700;0.661
2919108;0.518
3137809;0.711
5105234;0.627
3137908;0.655
2205607;0.584
4113205;0.706
2919157;0.596
3203163;0.656
3138005;0.714
4113254;0.585
1600279;0.665
3526407;0.729
2803609;0.642
4113304;0.706
3138104;0.629
2508406;0.533
4209508;0.749
2919207;0.754
4209607;0.735
1712157;0.66
3526506;0.721
3138203;0.782
2307502;0.613
4311502;0.699
3526605;0.729
3138302;0.71
4209706;0.649
3526704;0.744
3138351;0.67
2919306;0.623
3526803;0.764
4209805;0.686
3138401;0.726
5212303;0.659
4113403;0.707
4311601;0.685
3138500;0.672
2919405;0.621
4113429;0.68
2106003;0.581
3138609;0.71
3526902;0.775
3138625;0.71
2608909;0.663
2704203;0.58
1504000;0.541
2307601;0.682
4113452;0.666
3527009;0.742
4209854;0.743
4311627;0.712
4311643;0.749
3203205;0.724
3527108;0.786
2508505;0.566
2919504;0.611
1712405;0.57
4113502;0.725
4113601;0.744
2508554;0.583
4113700;0.778
3138658;0.646
4209904;0.704
3527207;0.766
2106102;0.582
3527256;0.742
3527306;0.777
5105259;0.768
3527405;0.752
2508604;0.583
3527504;0.733
5105309;0.676
2406908;0.646
3527603;0.731
3138674;0.608
2205706;0.541
2106201;0.588
2919553;0.716
2407005;0.608
3138682;0.614
4210001;0.737
4113734;0.668
3527702;0.702
3138708;0.678
4113759;0.69
3527801;0.724
4113809;0.71
3527900;0.72
3138807;0.724
4210035;0.789
5212501;0.701
2205805;0.545
1712454;0.639
3302403;0.764
2407104;0.64
2919603;0.524
4311718;0.684
2803708;0.583
1600303;0.733
2609006;0.609
2919702;0.605
3528007;0.77
2407203;0.665
3528106;0.743
2919801;0.609
3528205;0.74
2704302;0.721
3138906;0.64
4311700;0.692
1100130;0.596
3139003;0.715
2609105;0.578
4210050;0.662
3302452;0.703
2919900;0.604
2307635;0.61
2205854;0.563
2919926;0.708
3139102;0.699
2508703;0.542
1504059;0.599
2919959;0.538
4210100;0.777
1504109;0.597
2106300;0.567
3528304;0.753
3302502;0.709
2920007;0.576
2920106;0.572
3528403;0.743
3528502;0.788
5212600;0.745
4210209;0.698
2704401;0.566
2407252;0.617
4210308;0.69
3139201;0.618
2920205;0.562
2920304;0.578
2803807;0.599
2803906;0.587
4113908;0.708
2508802;0.642
2508901;0.585
5212709;0.626
4114005;0.719
3139250;0.618
4311734;0.649
1302504;0.614
2509008;0.543
1302553;0.596
2609154;0.487
1302603;0.737
1200336;0.625
4114104;0.718
4114203;0.751
4114302;0.655
3528601;0.739
4114351;0.645
3139300;0.642
3302601;0.753
4114401;0.688
3139409;0.689
3139508;0.697
1302702;0.582
2205904;0.573
4114500;0.716
1200344;0.551
4311759;0.655
2920403;0.566
2920452;0.599
3139607;0.675
3203304;0.657
4311775;0.682
1302801;0.498
1504208;0.668
3528700;0.677
2106326;0.582
3528809;0.771
4210407;0.768
5005400;0.736
1504307;0.57
2307650;0.686
2920502;0.607
2704500;0.574
2920601;0.621
2609204;0.534
2106359;0.452
2307700;0.659
2106375;0.55
1504406;0.609
3528858;0.752
5212808;0.691
4311791;0.697
3203320;0.696
2920700;0.593
4311809;0.774
2704609;0.569
4210506;0.781
3139706;0.672
2509057;0.529
5105580;0.701
4311908;0.724
2407302;0.609
2920809;0.561
2307809;0.612
2205953;0.562
2206001;0.59
3139805;0.684
4114609;0.774
2704708;0.642
3203346;0.71
1200351;0.501
4210555;0.743
2509107;0.548
3139904;0.702
4114708;0.703
4114807;0.735
3140001;0.742
4311981;0.701
4312005;0.73
1712504;0.631
3528908;0.718
2704807;0.597
3302700;0.765
3140100;0.615
3203353;0.696
4114906;0.691
4115002;0.681
3529005;0.798
4115101;0.639
4115200;0.808
3529104;0.731
3140159;0.699
4115309;0.698
4115358;0.758
3140209;0.68
1504422;0.676
2509156;0.608
3140308;0.657
4115408;0.722
3140407;0.65
4312054;0.687
4115457;0.614
3140506;0.669
2307908;0.599
3529203;0.721
2407401;0.622
3140530;0.635
2804003;0.618
4115507;0.721
2704906;0.577
5212907;0.699
2920908;0.581
2308005;0.616
2206050;0.525
2509206;0.567
4210605;0.774
4312104;0.656
2921005;0.668
2705002;0.504
3529302;0.773
2509305;0.536
2106409;0.57
3140555;0.581
1712702;0.607
4115606;0.725
3140605;0.597
3140704;0.704
3171501;0.612
3140803;0.72
3140852;0.616
2206100;0.562
2921054;0.572
2106508;0.619
2509339;0.541
4115705;0.743
3140902;0.631
4312138;0.727
2106607;0.55
2106631;0.533
2509370;0.565
4312153;0.746
4312179;0.717
4115739;0.632
4210704;0.657
3141009;0.662
3141108;0.731
5212956;0.679
2705101;0.584
5105606;0.716
2509396;0.572
3141207;0.707
3529401;0.766
4115754;0.652
1302900;0.588
5213004;0.677
1712801;0.58
2308104;0.605
2407500;0.608
4312203;0.699
1600402;0.592
3141306;0.711
2921104;0.625
4115804;0.763
1504455;0.582
3141405;0.624
4210803;0.738
1504505;0.418
3302809;0.736
3141504;0.626
3529500;0.744
4115853;0.74
3141603;0.664
3529609;0.731
2308203;0.618
3529658;0.724
3141702;0.656
3302858;0.737
2705200;0.568
2407609;0.644
2206209;0.539
2921203;0.586
2206308;0.623
3529708;0.741
3302908;0.745
2308302;0.628
2921302;0.622
2106672;0.527
2308351;0.626
2206357;0.508
5213053;0.665
3203403;0.67
5213087;0.707
2705309;0.563
4312252;0.681
3141801;0.633
3141900;0.658
5213103;0.718
3529807;0.73
1101203;0.638
3142007;0.665
3529906;0.697
3303005;0.713
1713205;0.684
2106706;0.545
4115903;0.68
3142106;0.663
3530003;0.743
4312302;0.725
3142205;0.68
2308377;0.592
5005608;0.632
2106755;0.61
2609303;0.591
3530102;0.751
2921401;0.542
1713304;0.662
2921450;0.527
1101302;0.643
3530201;0.724
4116000;0.748
3530300;0.762
3530409;0.738
5105622;0.704
3142254;0.593
4210852;0.708
2106805;0.622
4116059;0.711
2308401;0.622
1504604;0.575
3530508;0.762
4210902;0.76
3142304;0.638
3142403;0.721
2509404;0.574
3530607;0.783
3530706;0.774
3530805;0.784
5213400;0.696
2804102;0.587
1504703;0.547
2308500;0.582
3530904;0.719
2106904;0.546
3531001;0.772
4211009;0.748
3531100;0.754
3142502;0.65
2206407;0.615
2206506;0.561
3142601;0.721
2308609;0.61
2509503;0.59
3142700;0.613
3203502;0.667
2407708;0.557
4312351;0.764
1504802;0.589
2407807;0.609
5213509;0.615
3142809;0.674
2804201;0.553
2206605;0.578
4312377;0.65
3531209;0.759
3531308;0.768
3531407;0.785
3142908;0.659
3531506;0.753
3143005;0.688
4312385;0.752
4211058;0.643
3143104;0.728
3531605;0.741
4211108;0.675
2407906;0.598
1713601;0.622
3143153;0.541
2509602;0.587
2509701;0.628
3531704;0.71
2705408;0.539
3531803;0.733
1101401;0.607
4312401;0.755
2107001;0.575
2921500;0.506
3143203;0.71
1713700;0.62
3143302;0.77
5213707;0.707
3143401;0.724
3143450;0.587
5213756;0.733
5213772;0.613
2308708;0.61
3143500;0.696
2308807;0.581
2614303;0.6
4116109;0.675
2609402;0.652
4312427;0.714
2921609;0.558
4116208;0.686
2308906;0.588
5213806;0.734
4312443;0.711
3531902;0.712
5213855;0.695
2206654;0.542
4211207;0.738
3143609;0.648
2921708;0.588
2206670;0.55
3143708;0.597
4211256;0.701
4312450;0.702
4312476;0.743
2107100;0.548
2921807;0.618
3532009;0.715
5213905;0.706
2408003;0.72
4312500;0.664
3532058;0.741
5214002;0.683
1504901;0.547
1400308;0.665
2309003;0.607
2921906;0.606
4312609;0.746
2922003;0.665
3203601;0.666
4312617;0.702
4312625;0.689
2309102;0.607
2509800;0.565
2922052;0.566
2922102;0.59
5005681;0.686
5214051;0.634
3143807;0.647
4116307;0.726
2922201;0.617
3203700;0.645
2922250;0.549
3203809;0.694
3143906;0.734
2804300;0.626
2705507;0.527
2206696;0.53
1713957;0.596
2922300;0.66
3532108;0.726
2922409;0.601
3144003;0.644
5214101;0.68
3144102;0.74
3144201;0.585
3532157;0.714
3144300;0.701
4312658;0.765
3144359;0.675
3532207;0.718
2408102;0.763
3144375;0.671
3144409;0.693
1714203;0.673
3303104;0.73
3532306;0.655
2509909;0.541
4211306;0.736
5005707;0.7
1714302;0.643
2922508;0.641
2609501;0.662
2206704;0.576
3144508;0.69
3532405;0.678
2510006;0.562
2206720;0.602
5214408;0.71
2804409;0.589
3144607;0.667
5214507;0.721
3532504;0.754
1303007;0.586
3532603;0.751
4312674;0.753
2922607;0.547
3303203;0.753
2107209;0.585
3144656;0.556
5005806;0.639
3532702;0.713
5214606;0.715
2408201;0.622
3303302;0.837
5105903;0.699
4312708;0.702
2922656;0.56
1400407;0.594
5106000;0.702
2804458;0.577
2804508;0.587
2804607;0.6
4116406;0.709
2804706;0.598
2206753;0.586
5106109;0.638
2804805;0.664
2206803;0.533
3532801;0.738
4116505;0.717
4312757;0.74
5006002;0.694
5214705;0.678
4116604;0.698
5006200;0.721
4312807;0.785
4116703;0.733
5214804;0.747
5106158;0.65
4312906;0.747
3144672;0.592
4312955;0.768
5106208;0.651
1100148;0.643
4313003;0.778
3532827;0.651
2922706;0.545
5106216;0.686
3532843;0.715
4313011;0.759
4116802;0.658
3532868;0.756
2107258;0.566
5214838;0.643
2408300;0.629
3144706;0.709
4211405;0.765
4116901;0.722
1504950;0.502
4116950;0.714
4313037;0.735
3532900;0.765
2922730;0.597
4117008;0.688
2510105;0.601
3303401;0.745
5214861;0.681
3533007;0.739
5108808;0.688
3533106;0.726
4313060;0.689
2922755;0.57
3303500;0.713
5214879;0.655
3533205;0.735
2107308;0.584
1504976;0.581
3533254;0.719
4211454;0.736
2922805;0.524
5106182;0.636
4117057;0.642
3144805;0.813
4117107;0.758
3533304;0.743
1100338;0.587
5108857;0.704
5108907;0.663
3144904;0.63
5108956;0.691
5106224;0.758
5106174;0.595
3533403;0.791
4117206;0.71
5106232;0.682
1714880;0.631
2309201;0.625
2510204;0.573
2107357;0.581
1303106;0.558
4313086;0.761
4313102;0.744
2510303;0.595
4313201;0.78
3145000;0.701
3145059;0.641
4313300;0.766
4117255;0.716
4313334;0.742
2922854;0.567
3145109;0.671
5214903;0.634
4313359;0.741
1715002;0.661
2309300;0.614
4117214;0.68
5106190;0.714
2207959;0.554
4313375;0.718
4117222;0.731
3145208;0.715
2922904;0.555
4117271;0.651
1505007;0.609
4211504;0.748
5106240;0.669
1101435;0.587
3136603;0.662
3203908;0.712
4211603;0.768
5215009;0.718
2923001;0.654
5106257;0.704
1715101;0.639
1303205;0.57
1715150;0.699
1303304;0.554
4313490;0.706
5215207;0.699
4313391;0.688
3145307;0.571
5215231;0.684
4313409;0.747
2923035;0.597
3533502;0.753
4211652;0.706
5106273;0.664
1100502;0.634
5006259;0.649
4117297;0.71
1715259;0.596
2705606;0.521
4313425;0.663
5106265;0.674
2309409;0.605
3145356;0.555
2206902;0.562
5215256;0.658
1505031;0.673
1505064;0.537
3145372;0.616
2206951;0.528
5106315;0.653
5106281;0.649
4313441;0.676
2923050;0.554
4313466;0.767
3533601;0.746
1505106;0.594
2309458;0.594
3533700;0.717
2207009;0.634
1505205;0.507
1600501;0.658
3145406;0.636
3533809;0.73
2510402;0.572
2107407;0.589
2705705;0.565
2408409;0.585
2705804;0.525
2207108;0.576
2705903;0.503
3145455;0.626
3533908;0.773
3145505;0.674
2609600;0.735
2107456;0.575
2923100;0.559
2510501;0.603
3145604;0.699
1715507;0.675
2923209;0.554
3145703;0.635
2706000;0.493
3145802;0.663
3534005;0.738
3145851;0.637
3534104;0.77
3534203;0.767
1505304;0.623
3145877;0.562
5215306;0.715
3534302;0.78
4211702;0.755
2609709;0.61
2609808;0.61
2309508;0.636
4117305;0.609
3534401;0.776
3534500;0.749
4313508;0.751
3534609;0.762
4211751;0.74
1505403;0.568
2923308;0.607
2609907;0.572
1505437;0.624
3534708;0.778
4117404;0.72
4211801;0.774
2408508;0.645
2706109;0.547
3145901;0.764
3534757;0.77
3146008;0.722
2923357;0.56
3146107;0.741
1100155;0.682
2510600;0.614
3534807;0.692
4211850;0.695
5215405;0.719
3146206;0.595
4117453;0.709
5215504;0.747
3534906;0.725
1505486;0.515
2309607;0.659
1400456;0.65
2309706;0.675
2804904;0.555
2107506;0.724
2309805;0.635
2309904;0.621
5215603;0.651
3146255;0.599
2207207;0.541
3146305;0.596
2207306;0.575
4211876;0.718
4117503;0.716
4313607;0.706
3146404;0.669
4211892;0.664
3146503;0.728
3146552;0.59
3146602;0.72
2207355;0.559
2706208;0.558
3535002;0.732
5215652;0.713
1505494;0.589
2310001;0.638
4211900;0.757
3146701;0.703
2310100;0.622
2610004;0.622
4313656;0.715
3535101;0.722
1721000;0.788
4117602;0.66
2923407;0.586
4212007;0.704
4117701;0.718
4212056;0.671
4313706;0.737
3535200;0.753
2207405;0.557
2706307;0.638
2207504;0.562
2107605;0.556
1715705;0.571
2923506;0.643
5215702;0.698
1713809;0.628
2610103;0.549
1715754;0.673
5215801;0.73
5215900;0.722
3535309;0.746
4117800;0.639
4313805;0.72
4212106;0.737
3146750;0.565
4117909;0.768
5216007;0.686
4313904;0.761
3204005;0.667
2610202;0.569
3535408;0.722
4313953;0.661
2706406;0.593
3146909;0.666
4212205;0.704
2207553;0.509
3303609;0.72
3147006;0.744
2310209;0.637
3147105;0.725
1505502;0.645
3147204;0.715
3535507;0.762
4314001;0.773
3303708;0.702
2107704;0.58
3535606;0.719
2310258;0.634
3535705;0.749
4212239;0.7
4118006;0.746
4314027;0.676
1716109;0.764
3147303;0.729
2310308;0.57
2923605;0.615
2310407;0.583
1716208;0.595
2408607;0.589
4118105;0.717
4118204;0.75
5006309;0.721
5216304;0.711
5106299;0.672
3535804;0.717
4118303;0.709
3535903;0.732
2610301;0.537
5106307;0.667
4118402;0.763
5006358;0.588
3147402;0.694
3536000;0.737
2510659;0.584
2923704;0.59
3303807;0.693
2408706;0.603
1505536;0.715
5216403;0.672
2408805;0.549
3536109;0.727
4314035;0.749
1101450;0.617
2408904;0.676
2706422;0.548
1303403;0.658
2923803;0.577
2706448;0.605
3536208;0.736
3536257;0.721
2207603;0.575
2207702;0.687
2403251;0.766
2610400;0.599
2107803;0.542
4314050;0.704
3147501;0.642
2409100;0.606
2409209;0.589
2510709;0.62
2107902;0.532
2207751;0.561
3147600;0.715
4314068;0.622
3147709;0.687
3147808;0.648
2610509;0.592
2706505;0.533
4212254;0.72
4314076;0.698
4314100;0.776
3147907;0.756
4212270;0.659
2108009;0.61
3147956;0.614
4118451;0.747
4118501;0.782
2510808;0.701
3148004;0.765
2207777;0.563
3148103;0.729
3148202;0.682
3536307;0.73
2409308;0.618
3303856;0.671
2923902;0.583
2610608;0.639
1505551;0.574
1716307;0.661
2207793;0.514
2409407;0.678
1303502;0.496
3148301;0.637
4118600;0.717
3536406;0.711
3536505;0.795
2108058;0.561
2510907;0.587
2610707;0.732
2207801;0.6
3536570;0.718
3148400;0.625
2924009;0.674
4314134;0.71
3536604;0.725
4118709;0.708
2706604;0.589
4212304;0.716
2108108;0.549
3148509;0.627
4314159;0.683
2207850;0.526
4118808;0.723
3148608;0.627
3536703;0.739
2924058;0.587
2610806;0.567
3148707;0.627
3536802;0.677
3148756;0.573
2310506;0.603
2511004;0.599
1600154;0.626
3148806;0.624
3148905;0.708
3149002;0.655
2409506;0.559
2511103;0.574
3149101;0.675
2805000;0.593
3536901;0.742
2924108;0.588
2409605;0.558
5106372;0.679
4314175;0.64
2511202;0.59
3149150;0.614
4212403;0.728
3537008;0.715
3537107;0.769
2108207;0.682
2805109;0.592
3537156;0.774
3149200;0.729
1716505;0.732
2924207;0.513
2409704;0.583
3204054;0.654
3537206;0.696
2108256;0.516
5006408;0.671
2207900;0.571
2207934;0.562
3149309;0.757
4314209;0.678
2512721;0.542
3149408;0.637
2409803;0.568
1716604;0.674
1505601;0.581
5106422;0.649
4314308;0.741
4314407;0.739
2310605;0.646
2108306;0.554
3537305;0.759
2409902;0.631
2706703;0.63
4212502;0.743
2310704;0.629
3149507;0.694
3149606;0.674
1716653;0.627
3149705;0.703
3149804;0.723
3149903;0.744
3537404;0.766
3537503;0.736
2310803;0.601
2108405;0.599
3149952;0.651
4212601;0.766
2108454;0.564
4118857;0.713
4118907;0.7
4119004;0.726
5216452;0.676
3537602;0.749
3150000;0.656
2610905;0.61
2611002;0.623
4212700;0.716
2611101;0.697
5216809;0.712
3303906;0.745
2706802;0.572
3537701;0.732
2511301;0.621
2924306;0.571
3150109;0.629
4314423;0.758
1505635;0.563
2208007;0.698
2511400;0.608
3537800;0.716
3150158;0.612
3150208;0.639
3150307;0.678
3150406;0.626
4119103;0.694
2924405;0.506
2511509;0.579
2706901;0.61
5216908;0.684
3537909;0.69
2410009;0.614
2511608;0.56
2511707;0.564
3150505;0.686
1100189;0.71
2208106;0.566
1101468;0.665
2924504;0.603
3538006;0.773
2108504;0.633
2707008;0.574
2924603;0.577
3538105;0.737
1717008;0.605
2310852;0.636
3150539;0.619
4119152;0.751
4314456;0.72
4119202;0.697
4314464;0.65
4119251;0.695
4314472;0.678
3538204;0.725
4212908;0.783
2805208;0.583
4119301;0.654
3303955;0.715
4314498;0.71
2108603;0.637
4314506;0.661
4213005;0.777
3204104;0.673
2924652;0.612
3150570;0.594
2208205;0.564
2108702;0.541
3538303;0.711
2310902;0.6
3538501;0.757
3538600;0.739
5217104;0.721
3150604;0.646
3538709;0.785
2208304;0.596
3304003;0.708
2924678;0.533
4119400;0.708
3538808;0.758
3150703;0.723
3538907;0.749
2805307;0.603
3150802;0.6
3539004;0.756
3150901;0.685
3151008;0.717
2707107;0.589
5217203;0.721
2108801;0.576
3151107;0.709
4314555;0.669
3151206;0.731
3539103;0.727
3539202;0.776
4119509;0.7
1717206;0.621
3539301;0.801
4314605;0.658
3539400;0.779
4213104;0.758
3151305;0.684
5217302;0.693
5217401;0.744
2310951;0.591
2924702;0.575
2208403;0.635
2924801;0.578
2511806;0.595
4119608;0.702
3539509;0.723
4119657;0.71
3151404;0.725
2511905;0.57
1717503;0.65
3204203;0.727
3151503;0.737
1505650;0.552
1200385;0.622
5217609;0.669
4119707;0.705
2924900;0.572
2925006;0.56
3539608;0.719
4119806;0.706
4314704;0.687
4213153;0.751
5106455;0.656
3151602;0.712
3539707;0.719
3539806;0.771
2611200;0.528
2108900;0.576
2512002;0.591
2410108;0.587
2512036;0.525
4314753;0.744
2707206;0.526
2512077;0.612
2925105;0.604
3151701;0.691
5106505;0.652
2805406;0.529
3151800;0.779
2805505;0.561
3151909;0.626
2925204;0.666
3539905;0.766
2512101;0.634
2611309;0.598
4213203;0.78
3540002;0.786
3152006;0.689
3540101;0.755
1505700;0.562
4119905;0.763
3540200;0.725
5106653;0.734
4119954;0.738
5217708;0.687
3540259;0.702
4314779;0.725
5006606;0.701
4213302;0.673
1717800;0.603
4213351;0.689
1717909;0.624
5106703;0.686
3152105;0.717
4314787;0.725
5106752;0.703
4213401;0.693
3540309;0.732
3204252;0.669
3152131;0.606
3152170;0.595
2925253;0.58
3540408;0.714
2311009;0.581
3540507;0.703
5218003;0.727
3304102;0.697
4120002;0.738
2410207;0.621
4314803;0.713
5218052;0.684
2311108;0.622
3152204;0.651
1505809;0.483
5218102;0.654
2208502;0.549
1200807;0.576
4314902;0.805
5106778;0.673
2208551;0.563
1718006;0.645
4120101;0.7
4120150;0.688
4213500;0.76
2707305;0.586
2805604;0.568
1505908;0.503
2707404;0.541
2410256;0.59
5106802;0.685
5106828;0.652
5106851;0.599
3540606;0.758
3540705;0.751
3152303;0.634
2109007;0.684
1600535;0.64
4315008;0.693
4315057;0.698
5006903;0.666
1718204;0.74
3304110;0.713
2707503;0.551
4120200;0.735
2109056;0.615
2925303;0.676
4213609;0.786
1100205;0.736
4315073;0.69
4120309;0.685
1200393;0.532
4315107;0.723
5218300;0.659
3152402;0.624
2311207;0.562
3540754;0.697
2925402;0.625
3540804;0.747
2311231;0.604
3152501;0.774
3152600;0.71
4315131;0.715
4213708;0.72
5107008;0.678
3540853;0.696
1600550;0.614
2925501;0.621
4120333;0.71
3540903;0.733
3152709;0.689
3541000;0.754
4213807;0.718
1718303;0.583
1506005;0.523
4120358;0.752
2512200;0.608
3152808;0.695
2208601;0.565
3541059;0.701
3152907;0.729
3153004;0.721
3541109;0.735
3153103;0.632
3541208;0.757
4213906;0.77
4120408;0.713
2109106;0.653
2925600;0.614
3541307;0.75
1303536;0.647
4214003;0.759
2925709;0.542
2109205;0.563
2410306;0.563
3153202;0.614
1718402;0.669
3204302;0.657
3153301;0.595
4315149;0.757
1100254;0.664
2109239;0.591
4214102;0.737
3153400;0.701
3541406;0.806
2109270;0.557
2925758;0.559
2109304;0.587
3541505;0.763
1506104;0.577
2611408;0.58
1101476;0.641
5107040;0.752
2109403;0.512
4120507;0.701
4214151;0.706
2512309;0.606
5218391;0.684
4315156;0.683
3541604;0.743
2805703;0.661
4315172;0.733
3153608;0.69
4120606;0.676
1718451;0.669
2410405;0.567
4315206;0.715
2512408;0.617
3541653;0.678
4315305;0.704
3153707;0.683
4120655;0.71
3541703;0.738
4120705;0.714
1506112;0.543
3304128;0.69
4120804;0.742
4315313;0.689
4120853;0.791
2707602;0.559
4120903;0.681
2208650;0.515
2512507;0.608
2925808;0.592
3304144;0.68
3541802;0.715
3541901;0.722
3153806;0.682
5107065;0.692
4121000;0.688
4315321;0.665
2925907;0.544
4214201;0.73
4121109;0.715
3542008;0.732
4315354;0.756
2611507;0.552
5218508;0.74
3304151;0.704
4121208;0.68
2311264;0.594
2512606;0.622
2611533;0.577
2925931;0.578
2311306;0.659
2311355;0.591
2311405;0.642
2311504;0.622
2410504;0.608
2410603;0.654
2925956;0.564
3542107;0.745
4121257;0.63
3542206;0.751
4121307;0.707
4121356;0.704
4214300;0.753
2109452;0.626
3153905;0.73
3154002;0.655
4121406;0.722
4121505;0.672
2611606;0.772
3154101;0.692
1718501;0.5
1506138;0.672
2311603;0.626
3542305;0.657
2208700;0.589
4315404;0.631
3154150;0.629
2208809;0.591
3542404;0.768
3542503;0.728
3542602;0.754
4315453;0.731
2926004;0.579
2512705;0.607
4121604;0.733
2311702;0.601
3304201;0.768
3154200;0.685
4121703;0.618
5107156;0.676
4121752;0.648
3154309;0.67
3154408;0.683
3542701;0.705
4315503;0.683
2926103;0.636
2109502;0.576
2512747;0.574
2926202;0.578
2512754;0.553
2805802;0.539
2926301;0.628
2512762;0.555
1718550;0.572
3154457;0.632
2410702;0.584
2611705;0.57
2410801;0.591
2926400;0.615
2512788;0.594
2512804;0.568
3154507;0.627
2208858;0.541
2410900;0.592
2805901;0.617
5218607;0.727
5218706;0.693
2109551;0.615
5007109;0.664
3542800;0.698
2926509;0.512
2208874;0.52
2926608;0.601
2611804;0.602
3542909;0.712
3543006;0.639
5107180;0.67
4121802;0.716
3543105;0.711
3154606;0.684
2926657;0.54
4121901;0.701
3543238;0.721
3543204;0.747
3543253;0.705
3543303;0.784
3543402;0.8
3154705;0.737
5107198;0.692
2208908;0.601
2806008;0.613
3543600;0.74
3543709;0.734
3543808;0.723
3154804;0.673
4122008;0.687
3204351;0.681
4122107;0.729
3304300;0.71
4122156;0.629
1200401;0.727
5107206;0.707
4122172;0.64
4122206;0.679
5007208;0.715
3154903;0.65
3304409;0.683
3543907;0.803
1100262;0.643
1718659;0.608
4214409;0.697
3304508;0.68
3304524;0.773
3544004;0.759
2926707;0.605
3304557;0.799
2926806;0.576
4214508;0.729
3155009;0.664
2408953;0.569
4214607;0.754
2926905;0.594
3155108;0.605
1718709;0.616
4214706;0.729
4315552;0.656
4214805;0.802
3155207;0.602
2611903;0.613
4214904;0.806
4315602;0.744
3544103;0.749
2209005;0.572
3544202;0.703
2707701;0.643
3155306;0.648
1506161;0.638
4215000;0.738
4122305;0.76
5007307;0.709
3155405;0.707
3204401;0.711
3155504;0.709
4315701;0.693
3155603;0.624
3155702;0.685
3155801;0.714
3155900;0.679
1303569;0.611
5218789;0.731
2927002;0.572
4215059;0.653
1718758;0.6
2512903;0.585
5218805;0.754
5007406;0.673
3156007;0.558
4315750;0.661
4215075;0.714
3156106;0.653
3543501;0.664
4315800;0.729
5007505;0.651
3156205;0.684
4215109;0.754
4315909;0.732
3156304;0.668
2927101;0.632
2411007;0.604
1200427;0.567
4315958;0.689
4122404;0.739
4316006;0.688
1100288;0.7
3156403;0.708
4215208;0.692
4122503;0.681
4316105;0.724
4316204;0.764
5107578;0.64
4122602;0.713
1506187;0.602
5107602;0.755
4316303;0.688
1400472;0.619
3544251;0.764
2109601;0.632
3156452;0.662
2806107;0.631
4122651;0.662
4316402;0.699
5107701;0.65
3544301;0.737
2707800;0.505
3156502;0.582
3544400;0.721
5218904;0.719
3156601;0.609
3544509;0.759
1506195;0.548
2311801;0.674
2411106;0.605
2927200;0.61
3156700;0.731
4122701;0.74
3544608;0.728
3156809;0.638
2311900;0.575
3156908;0.732
4316428;0.678
3544707;0.73
2612000;0.585
4316436;0.762
3544806;0.751
3544905;0.772
3545001;0.732
4215307;0.744
2513000;0.563
2612109;0.534
2806206;0.609
2513109;0.568
4122800;0.7
2612208;0.669
3157005;0.679
2927309;0.617
1506203;0.647
2311959;0.54
3545100;0.719
2612307;0.559
3545159;0.791
4215356;0.654
3545209;0.78
3157104;0.608
3545308;0.729
5107750;0.666
4122909;0.704
4316451;0.687
4123006;0.718
3545407;0.704
4215406;0.784
2927408;0.759
4316477;0.753
4316501;0.74
1506302;0.608
2109700;0.565
1718808;0.606
4316600;0.747
5219001;0.736
1718840;0.659
3545506;0.709
4215455;0.7
2612406;0.603
3545605;0.76
3545704;0.728
4123105;0.653
2927507;0.583
3157203;0.707
5219100;0.706
3545803;0.781
3157252;0.613
3157278;0.606
1506351;0.627
4316709;0.725
3157302;0.637
3546009;0.735
2927606;0.546
5107248;0.715
2513158;0.525
4215505;0.698
4123204;0.723
4316733;0.725
3546108;0.733
4316758;0.74
2411205;0.635
2513208;0.618
2612455;0.549
2927705;0.654
2612471;0.612
3546207;0.79
3546256;0.743
3546306;0.728
2927804;0.61
5219209;0.688
3157336;0.706
4123303;0.71
3157377;0.577
1506401;0.557
2612505;0.648
3157401;0.625
2209104;0.601
3546405;0.762
2209153;0.577
4316808;0.773
5107743;0.684
3157500;0.607
3546504;0.738
4123402;0.705
5219258;0.713
3157609;0.615
1718865;0.616
3546603;0.784
2209203;0.544
2612554;0.533
2109759;0.525
3546702;0.737
2109809;0.571
2513307;0.609
4123501;0.744
4215554;0.727
5219308;0.724
3157658;0.567
2109908;0.674
2513356;0.572
2927903;0.574
4123600;0.717
3546801;0.738
5219357;0.683
4123709;0.72
1506500;0.659
1303601;0.479
4123808;0.696
3157708;0.706
3204500;0.626
3546900;0.737
4123824;0.687
2209302;0.588
2928000;0.598
2110005;0.55
2513406;0.682
2928059;0.556
3157807;0.715
1100296;0.67
2806305;0.545
2707909;0.597
1506559;0.546
2110039;0.599
3157906;0.61
4316972;0.663
2409332;0.59
4316907;0.784
2612604;0.59
1506583;0.544
3547007;0.686
2928109;0.614
3158003;0.648
3204559;0.671
2612703;0.548
4316956;0.676
4123857;0.609
1506609;0.598
3158102;0.613
3158201;0.64
1718881;0.634
3304607;0.668
4123907;0.7
3547106;0.739
4123956;0.704
1600600;0.692
2928208;0.608
4317004;0.633
3547205;0.773
3158300;0.698
3158409;0.694
2513505;0.535
3547304;0.814
3158508;0.628
2312007;0.587
1506708;0.602
2312106;0.612
3158607;0.651
3158706;0.667
2708006;0.591
4124004;0.687
3158805;0.647
4317103;0.727
3158904;0.621
2110237;0.51
2411403;0.591
2708105;0.519
3158953;0.685
2209351;0.574
3159001;0.665
2806404;0.59
2411429;0.642
2513604;0.594
3159100;0.647
2928307;0.592
2312205;0.616
2110104;0.555
1506807;0.691
2513653;0.622
1506906;0.587
2110203;0.609
2513703;0.627
3159209;0.69
2928406;0.605
3159407;0.63
3159308;0.682
3159357;0.613
5219407;0.714
3547403;0.761
3159506;0.607
5219456;0.634
5007554;0.642
3547502;0.775
3159605;0.721
1718899;0.651
5107768;0.735
4317202;0.769
3159704;0.705
5219506;0.701
2806503;0.592
4215604;0.757
3547601;0.77
2209377;0.567
1200435;0.517
4215653;0.705
1718907;0.595
3547650;0.772
3204609;0.714
2513802;0.627
2928505;0.587
4317251;0.746
5219605;0.665
4124020;0.705
1719004;0.662
2612802;0.593
4215679;0.669
5107776;0.609
5219704;0.701
4124053;0.738
4215687;0.682
1720002;0.637
3159803;0.71
4317301;0.712
4317400;0.766
4215695;0.728
5107263;0.689
2928604;0.646
4215703;0.781
2806602;0.637
2110278;0.518
3547700;0.753
2513851;0.6
3547809;0.815
4317509;0.772
2411502;0.62
3547908;0.702
5219712;0.691
4317608;0.717
4124103;0.718
4317707;0.686
5219738;0.723
2928703;0.7
2209401;0.584
3304706;0.718
3548005;0.702
3159902;0.672
3548054;0.757
3160009;0.671
4124202;0.696
5219753;0.665
3160108;0.633
1303700;0.49
3160207;0.558
3160306;0.574
3548104;0.714
5107792;0.655
5107800;0.656
3160405;0.724
4317558;0.764
4124301;0.716
3548203;0.706
4317756;0.759
3160454;0.57
3160504;0.669
2110302;0.566
2209450;0.619
4124400;0.671
1507003;0.632
4317806;0.739
4317905;0.738
2928802;0.626
3548302;0.732
4317954;0.732
3160603;0.657
4124509;0.739
2209500;0.613
3548401;0.74
3548500;0.84
3160702;0.741
2312304;0.611
2110401;0.541
2612901;0.53
2513927;0.606
2110500;0.602
2513901;0.58
3160801;0.672
2411601;0.555
3548609;0.72
4215802;0.782
1720101;0.605
2411700;0.595
2613008;0.593
4215752;0.677
2110609;0.572
3548708;0.805
4215901;0.731
4318002;0.736
2708204;0.572
3160900;0.664
2209559;0.596
1507102;0.585
3548807;0.862
2613107;0.591
3548906;0.805
4216008;0.769
4124608;0.682
2806701;0.662
4216057;0.665
2928901;0.579
2513968;0.548
2806800;0.588
2928950;0.64
4216107;0.765
5219803;0.597
3160959;0.638
1507151;0.594
2110658;0.59
1507201;0.532
2513943;0.589
2110708;0.582
3204658;0.682
3161007;0.69
4318051;0.763
2929107;0.616
1101484;0.649
2929008;0.639
2110807;0.557
3161056;0.62
5107859;0.668
2929057;0.639
2209609;0.61
1720150;0.574
1507300;0.594
2411809;0.608
3304805;0.691
2513984;0.58
2806909;0.587
3161106;0.638
3549003;0.723
4318101;0.675
2209658;0.485
5219902;0.651
3304755;0.639
3161205;0.66
4318200;0.685
3161304;0.688
2110856;0.584
2929206;0.674
3161403;0.663
1101492;0.611
2110906;0.528
2411908;0.628
1507409;0.608
2209708;0.57
4216206;0.762
2929255;0.592
4318309;0.699
1303809;0.609
3204708;0.709
5007695;0.729
3161502;0.651
3161601;0.6
1507458;0.595
3161650;0.63
3304904;0.739
3161700;0.67
2312403;0.665
2412005;0.661
2209757;0.56
3161809;0.689
2209807;0.616
3161908;0.667
3125507;0.64
3162005;0.715
2929305;0.627
3162104;0.736
4318408;0.696
4124707;0.637
2613206;0.57
4124806;0.727
2111003;0.598
4216305;0.74
3162203;0.724
1400506;0.655
3305000;0.671
3549102;0.797
2209856;0.559
2209872;0.515
3162252;0.634
5220009;0.685
3162302;0.653
5220058;0.724
1507466;0.583
3162401;0.569
3549201;0.72
2209906;0.582
3162450;0.529
4318424;0.694
2209955;0.559
3549250;0.748
3162500;0.758
3305109;0.719
1507474;0.539
1507508;0.55
2209971;0.523
4124905;0.664
2514008;0.622
2111029;0.509
4216354;0.738
4125001;0.693
2312502;0.654
3162559;0.65
3162575;0.64
4216255;0.761
3162609;0.648
3162658;0.625
2111052;0.609
3162708;0.615
3549300;0.75
2210003;0.645
4318432;0.748
2500700;0.608
2412104;0.655
2111078;0.517
2111102;0.615
4216404;0.695
2514107;0.552
4125100;0.629
3162807;0.638
3162906;0.708
4216503;0.687
3549409;0.762
3162922;0.662
2613305;0.537
4318440;0.732
4125209;0.722
4125308;0.743
4125357;0.676
4216602;0.809
3162948;0.739
3549508;0.693
4125407;0.671
2613404;0.608
2514206;0.53
2708303;0.573
3162955;0.729
3163003;0.583
4318457;0.651
4125456;0.713
2708402;0.527
3163102;0.704
2929354;0.546
2514305;0.565
2514404;0.577
2412203;0.611
2514503;0.591
2514552;0.565
2111201;0.708
3305133;0.652
3163201;0.717
3549607;0.684
2613503;0.61
2514602;0.578
2514651;0.581
3204807;0.688
2412302;0.615
4216701;0.731
4216800;0.636
2210052;0.565
3163300;0.658
2613602;0.635
3163409;0.666
4318465;0.717
4318481;0.707
4318499;0.747
2929370;0.552
3163508;0.566
3163607;0.657
4318507;0.623
4318606;0.755
2210102;0.573
2210201;0.552
5107297;0.661
5107305;0.682
3549706;0.774
3549805;0.797
2514701;0.617
4318622;0.663
2111250;0.557
3549904;0.807
2514800;0.556
2412401;0.694
4125506;0.758
5107107;0.719
2514453;0.541
4318614;0.725
3305158;0.66
5107354;0.657
2210300;0.594
4318705;0.739
3163706;0.759
2613701;0.653
3549953;0.728
4216909;0.749
2210359;0.595
4318804;0.687
4217006;0.755
2111300;0.768
5220108;0.731
2312601;0.62
3550001;0.697
2210375;0.554
2708501;0.536
2111409;0.54
1400605;0.649
5220157;0.669
4318903;0.741
2514909;0.641
4125555;0.725
3550100;0.744
4319000;0.768
4217105;0.742
4319109;0.726
4319125;0.652
3204906;0.735
2111508;0.616
4125605;0.719
2412500;0.606
3550209;0.71
2210383;0.563
4217154;0.71
2929404;0.593
4319158;0.667
2515005;0.548
2807006;0.567
3163805;0.644
5220207;0.664
2210391;0.535
2412559;0.591
1507607;0.591
1100320;0.646
4125704;0.704
4217204;0.801
5220264;0.697
2708600;0.623
2708709;0.591
2210409;0.556
1720200;0.623
4319208;0.645
5220280;0.693
3550308;0.805
4319307;0.692
1303908;0.521
2412609;0.622
2412708;0.589
3550407;0.755
2111532;0.605
3305208;0.712
5107404;0.66
4319356;0.739
4319364;0.664
3163904;0.674
4217253;0.734
4319372;0.763
4125753;0.683
4125803;0.717
4125902;0.704
2210508;0.595
2111573;0.6
3164001;0.659
3164100;0.622
4319406;0.709
3550506;0.703
2412807;0.611
2111607;0.61
2111631;0.516
2210607;0.661
2111672;0.516
3164209;0.64
3550605;0.768
3164308;0.672
3204955;0.7
1720259;0.605
2708808;0.549
3550704;0.772
4126009;0.715
3164407;0.692
1507706;0.558
3550803;0.701
3164431;0.66
2515104;0.594
3305307;0.646
3164472;0.607
4319505;0.739
3164506;0.581
3164605;0.626
3164704;0.722
2929503;0.657
3164803;0.632
3164902;0.676
1720309;0.573
1303957;0.577
2515203;0.581
4319604;0.708
3550902;0.766
5220405;0.72
3165206;0.667
3165008;0.662
3165107;0.7
2412906;0.585
4126108;0.725
4319703;0.72
4319711;0.764
1720499;0.643
4319737;0.642
4319752;0.754
2413003;0.642
3551009;0.768
3165305;0.715
4319802;0.685
2111706;0.592
2613800;0.549
2515302;0.569
2929602;0.614
5107875;0.732
4319901;0.711
4126207;0.655
1507755;0.59
3305406;0.675
4320008;0.726
3165404;0.68
3305505;0.709
4126256;0.695
4320107;0.777
3551108;0.707
3165503;0.636
3551207;0.688
3165537;0.734
2929701;0.527
2708907;0.66
2111722;0.493
2929750;0.617
4126272;0.699
4217303;0.755
2929800;0.549
4217402;0.769
2929909;0.635
4217501;0.779
3551306;0.773
2210623;0.536
2930006;0.615
2210631;0.562
4320206;0.723
4320230;0.712
4320263;0.659
4320305;0.777
5007802;0.682
3165560;0.654
2111748;0.538
3165578;0.661
5220454;0.701
3165602;0.674
2413102;0.583
3165701;0.644
2413201;0.57
1200450;0.64
3165800;0.684
1507805;0.514
2111763;0.602
3165909;0.62
2312700;0.619
2708956;0.518
2312809;0.603
4320321;0.693
1200500;0.603
4126306;0.663
3166006;0.631
3166105;0.565
3166204;0.626
2930105;0.666
4320354;0.671
2930204;0.585
4320404;0.76
3166303;0.56
2515401;0.555
1101500;0.598
4320453;0.652
3166402;0.66
3305554;0.713
3205002;0.739
4217550;0.773
3551405;0.686
3166501;0.557
2515500;0.628
2515609;0.626
3166600;0.677
2413300;0.582
2413359;0.614
1600055;0.709
2930154;0.595
3166709;0.651
3166808;0.696
2930303;0.608
2515708;0.586
3551504;0.729
3551603;0.767
2413409;0.597
3166907;0.677
2111789;0.519
5220504;0.681
3166956;0.633
4126355;0.762
3167004;0.643
5107883;0.664
2930402;0.566
2515807;0.57
2515906;0.547
2613909;0.661
2413508;0.592
2930501;0.634
2413557;0.598
2614006;0.595
3167103;0.656
2930600;0.59
4126405;0.725
2614105;0.613
4126504;0.723
4320503;0.751
4320552;0.689
2515930;0.621
3551702;0.761
3551801;0.673
4320578;0.683
3167202;0.76
5007703;0.614
3165552;0.542
4320602;0.752
2413607;0.604
3551900;0.715
4217600;0.774
5007901;0.686
2210656;0.581
3305604;0.654
5220603;0.709
1720655;0.675
4320651;0.742
3167301;0.652
3552007;0.678
1304005;0.632
3167400;0.699
2807105;0.604
3167509;0.638
2210706;0.575
2930709;0.675
5220686;0.645
3167608;0.632
2210805;0.627
4320677;0.631
5107909;0.754
4126603;0.704
2614204;0.597
2807204;0.609
5220702;0.617
2930758;0.564
2930766;0.533
2111805;0.564
2413706;0.572
1720804;0.604
2930774;0.631
4320701;0.743
2515971;0.573
2312908;0.714
3167707;0.631
3552106;0.729
2210904;0.561
2516003;0.595
2516102;0.616
4320800;0.731
3167806;0.697
2614402;0.585
2313005;0.625
4217709;0.728
5007935;0.681
3205010;0.662
3552205;0.798
5107925;0.744
2516151;0.573
1507904;0.615
2516201;0.668
2930808;0.592
1720853;0.667
2111904;0.579
2111953;0.568
3552304;0.747
4217758;0.707
4126652;0.693
3552403;0.762
2516300;0.627
3305703;0.611
2614501;0.635
2210938;0.586
3552551;0.699
3552502;0.765
4320859;0.701
5107941;0.695
3552601;0.735
1304062;0.616
3552700;0.704
2614600;0.605
3552809;0.769
2930907;0.584
2413805;0.612
3167905;0.681
2313104;0.645
2614709;0.554
2614808;0.573
3552908;0.723
2516409;0.551
5007950;0.593
3553005;0.709
1720903;0.634
3553104;0.71
1507953;0.588
4217808;0.761
3168002;0.67
1720937;0.601
2413904;0.569
3553203;0.76
1720978;0.654
2614857;0.593
4126678;0.621
3553302;0.731
4126702;0.731
2313203;0.58
2210953;0.501
3553401;0.748
2414001;0.608
4217907;0.737
5107958;0.729
3305752;0.654
2931004;0.577
2709004;0.555
2210979;0.579
2931053;0.599
2931103;0.597
3168051;0.645
1304104;0.502
4126801;0.703
4320909;0.76
4321006;0.747
2516508;0.578
2931202;0.566
4321105;0.695
3168101;0.712
4126900;0.697
3168200;0.667
3553500;0.681
2931301;0.594
3553609;0.751
5108006;0.714
4321204;0.727
3168309;0.651
3553658;0.759
5221007;0.716
2709103;0.541
4321303;0.733
3553708;0.748
2615003;0.641
3553807;0.701
3553856;0.679
4321329;0.739
5007976;0.651
3553906;0.726
1200609;0.539
2313252;0.576
1600709;0.592
3553955;0.753
3168408;0.633
2112001;0.599
3554003;0.752
2313302;0.633
3554102;0.8
2516607;0.586
4321352;0.656
1304203;0.639
2516706;0.605
2931350;0.685
3168507;0.675
4127007;0.671
1101559;0.643
2313351;0.584
3554201;0.668
4127106;0.734
2807303;0.604
2414100;0.592
2414159;0.623
4321402;0.708
2516755;0.581
2931400;0.594
3554300;0.741
2931509;0.566
3168606;0.701
2931608;0.555
2709152;0.564
5008008;0.658
2211001;0.751
5221080;0.661
3305802;0.73
2615102;0.545
5221197;0.685
1507961;0.605
4127205;0.728
4321436;0.689
2615201;0.599
2931707;0.578
5108055;0.698
4127304;0.71
3554409;0.749
4127403;0.714
1507979;0.635
5108105;0.655
4321451;0.747
1101609;0.589
2313401;0.657
4127502;0.664
2411056;0.635
2414209;0.645
3554508;0.778
4217956;0.717
4218004;0.76
4127601;0.636
2615300;0.618
2414308;0.64
4218103;0.72
2112100;0.537
4218202;0.784
4218251;0.659
3554607;0.71
2112209;0.649
3168705;0.77
4321469;0.742
3168804;0.74
4321477;0.689
3168903;0.683
2807402;0.557
1721109;0.589
1721208;0.681
3169000;0.688
3169059;0.696
3169109;0.661
4127700;0.768
2807501;0.551
4127809;0.699
3169208;0.718
1508001;0.586
1304237;0.548
2615409;0.618
5108204;0.716
4321493;0.683
3554656;0.714
4321501;0.762
3554706;0.744
2414407;0.572
3554755;0.722
1508035;0.531
2615508;0.605
2709202;0.532
1508050;0.562
2313500;0.606
3305901;0.667
4321600;0.719
4321626;0.701
2931806;0.528
3554805;0.785
4321634;0.791
4218301;0.706
4127858;0.681
4321667;0.718
3169307;0.744
4321709;0.71
4321808;0.759
4321832;0.662
3554904;0.753
5008305;0.744
3169356;0.752
4321857;0.703
4321907;0.768
3169406;0.731
5221304;0.745
3306008;0.725
4218350;0.774
4218400;0.729
4218509;0.795
2615607;0.595
5221403;0.699
4321956;0.687
2516805;0.609
2615706;0.67
4322004;0.733
2414456;0.602
2112233;0.606
5221452;0.653
4218608;0.775
4218707;0.796
2931905;0.579
1508084;0.659
4322103;0.747
1508100;0.666
2112274;0.555
3554953;0.728
3169505;0.626
4218756;0.752
4322152;0.657
4127882;0.611
4127908;0.695
2112308;0.572
3555000;0.771
3169604;0.719
2615805;0.519
4322186;0.694
4322202;0.709
4322251;0.718
4322301;0.728
2615904;0.634
4127957;0.73
3555109;0.769
1721257;0.67
1721307;0.587
2112407;0.561
2112456;0.536
3555208;0.751
3169703;0.682
3555307;0.736
4322327;0.629
2313559;0.606
5221502;0.697
5221551;0.691
4127965;0.672
4218806;0.74
3169802;0.696
2112506;0.561
1304260;0.527
2932002;0.605
3169901;0.724
3170008;0.609
2932101;0.582
2932200;0.611
2313609;0.648
3170057;0.614
3555356;0.7
2932309;0.593
3555406;0.751
3170107;0.772
3170206;0.789
3555505;0.727
4128005;0.739
4322343;0.7
3555604;0.721
2932408;0.617
1400704;0.453
5221577;0.67
2516904;0.636
1508126;0.604
2313708;0.591
2414506;0.618
2807600;0.579
2932457;0.515
3170305;0.638
2517001;0.584
2313757;0.587
4128104;0.761
2932507;0.56
3170404;0.736
2211100;0.577
4322350;0.733
4128203;0.74
3170438;0.672
4218855;0.705
2709301;0.593
5108303;0.665
3555703;0.749
4128302;0.72
4322376;0.649
2414605;0.596
4128401;0.721
2932606;0.598
3555802;0.746
2112605;0.588
3555901;0.712
5221601;0.737
5221700;0.703
3170479;0.664
1508159;0.589
4218905;0.694
2313807;0.639
3170503;0.633
1304302;0.62
2932705;0.616
2211209;0.631
3170529;0.619
1304401;0.588
4322400;0.744
2313906;0.566
1101708;0.609
4218954;0.699
3556008;0.745
4219002;0.772
5221809;0.732
2932804;0.59
4322509;0.721
5108352;0.656
1101757;0.584
1101807;0.627
4322533;0.624
2932903;0.623
3306107;0.738
2211308;0.647
2933000;0.637
3556107;0.735
4322541;0.737
4322525;0.646
3556206;0.819
3556305;0.725
5221858;0.746
4322558;0.757
4219101;0.686
3556354;0.699
4219150;0.629
3170578;0.631
3205036;0.663
3170602;0.696
4219176;0.718
2112704;0.542
3170651;0.634
3556404;0.737
3556453;0.77
3170701;0.778
5221908;0.687
3170750;0.711
2313955;0.611
3306156;0.659
2414704;0.626
2517100;0.707
2314003;0.629
2211357;0.553
3170800;0.666
2933059;0.539
2933109;0.575
2211407;0.571
5108402;0.734
2933158;0.555
3556503;0.759
2933174;0.586
3170909;0.594
3306206;0.714
3171006;0.742
4322608;0.712
3205069;0.728
2414753;0.555
4128534;0.65
2616001;0.592
5108501;0.68
2414803;0.587
2933208;0.645
3556602;0.754
4322707;0.737
4128559;0.699
2211506;0.503
4322806;0.773
2616100;0.605
3171030;0.584
4128609;0.72
2933257;0.577
3171071;0.632
3171105;0.667
3171154;0.612
2616183;0.563
2616209;0.582
3171204;0.688
4322855;0.723
4322905;0.702
4323002;0.717
2112803;0.618
3205101;0.686
5222005;0.712
2616308;0.605
4323101;0.638
5008404;0.711
5222054;0.684
2414902;0.592
2709400;0.586
3171303;0.775
2314102;0.571
4323200;0.777
4219200;0.7
4219309;0.764
3171402;0.668
2517209;0.571
1508209;0.617
5105507;0.645
5222203;0.647
2415008;0.576
4323309;0.742
4323358;0.705
4323408;0.761
2211605;0.565
2112852;0.581
4323457;0.662
3205150;0.681
5222302;0.634
5108600;0.688
3205176;0.675
3205200;0.8
1100304;0.731
3556701;0.817
3556800;0.739
3171600;0.61
3171709;0.651
3171808;0.675
3171907;0.62
4128658;0.722
3172004;0.709
1508308;0.515
4323507;0.739
3556909;0.744
4323606;0.78
4323705;0.757
2505501;0.566
3205309;0.845
3556958;0.725
2933307;0.678
4323754;0.655
2616407;0.64
1600808;0.619
2112902;0.596
1508357;0.596
4128708;0.702
2113009;0.57
4219358;0.673
3172103;0.669
3306305;0.771
3557006;0.767
3557105;0.79
2933406;0.587
2211704;0.544
1722081;0.638
2933455;0.6
3172202;0.678
4128500;0.687
2933505;0.544
4323770;0.752
4219408;0.71
1722107;0.671
4128807;0.706
4323804;0.735
4219507;0.775
1200708;0.599
4219606;0.749
4219705;0.752
2616506;0.552
1508407;0.646
2933604;0.585
2517407;0.623
3557154;0.729
2114007;0.595
4219853;0.761
