CODIGO;PIBPERCPTA
1100015;18732.17
1100023;20618.18
1100031;21202.96
1100049;22130.78
1100056;22721.08
1100064;16410.55
1100072;27040.6
1100080;12102.82
1100098;16650.27
1100106;15732.01
1100114;23507.78
1100122;22739.38
1100130;13523.83
1100148;14199.05
1100155;17794.04
1100189;26493.58
1100205;28836.46
1100254;17380.72
1100262;23890.32
1100288;21204.01
1100296;17842.99
1100304;25822.66
1100320;21385.41
1100338;14846.72
1100346;14410.14
1100379;16438.94
1100403;13957.19
1100452;15123.8
1100502;14791.65
1100601;20886.57
1100700;15398.06
1100809;16170.5
1100908;19165.44
1100924;26538.27
1100940;14517.11
1101005;16447.33
1101104;15152.5
1101203;17577.06
1101302;15618.12
1101401;15120.74
1101435;13694.36
1101450;15750.2
1101468;36938.42
1101476;16977.61
1101484;14022.48
1101492;16479.25
1101500;15858.71
1101559;16651.03
1101609;14958
1101708;14893.19
1101757;12101.06
1101807;16030.46
1200013;16119.75
1200054;12134.14
1200104;16728.68
1200138;16704.34
1200179;16085.3
1200203;13263.8
1200252;16382.28
1200302;10544.48
1200328;9688.79
1200336;10796.46
1200344;14182.17
1200351;10084.48
1200385;14392.66
1200393;9853.18
1200401;21543.65
1200427;10508.27
1200435;10150.15
1200450;16162.26
1200500;11176.37
1200609;10873.24
1200708;12047.45
1200807;13045.53
1300029;9405.95
1300060;5995.44
1300086;7533.21
1300102;8972.25
1300144;8809.62
1300201;9085.35
1300300;7621.23
1300409;5697.67
1300508;7059.8
1300607;6602.92
1300631;6557.79
1300680;6089.15
1300706;9115.38
1300805;6655.2
1300839;11526.96
1300904;6351.22
1301001;9371.46
1301100;6543.75
1301159;10321.25
1301209;13520.93
1301308;23736.94
1301407;11363.73
1301506;7448.88
1301605;7417.66
1301654;6834.22
1301704;9430.87
1301803;4533.95
1301852;13618.27
1301902;20860.58
1301951;10320.44
1302009;11123.21
1302108;12701.43
1302207;6535.08
1302306;12223.5
1302405;9841.76
1302504;13027.29
1302553;8518.37
1302603;33564.11
1302702;8859.52
1302801;7805.4
1302900;6481.4
1303007;6462.02
1303106;5861.52
1303205;6650.15
1303304;6757.82
1303403;9092.68
1303502;7226.48
1303536;16206.55
1303569;14234.32
1303601;5558.32
1303700;6887.79
1303809;6184.5
1303908;5500.85
1303957;7232.53
1304005;10712.82
1304062;6651.46
1304104;12019.31
1304203;10450.25
1304237;6273.39
1304260;13244.83
1304302;17378.65
1304401;5634.25
1400027;12332.42
1400050;15495.83
1400100;24852.52
1400159;20898.61
1400175;13700.76
1400209;15720.08
1400233;16245.56
1400282;12950.41
1400308;16304.33
1400407;12541.45
1400456;13547.3
1400472;18235.04
1400506;18387.38
1400605;14739.39
1400704;10728.51
1500107;8222.36
1500131;11095.92
1500206;14578.7
1500305;8364.42
1500347;16308.05
1500404;11999.45
1500503;17706.58
1500602;22492.43
1500701;6755.12
1500800;13137.13
1500859;11784.93
1500909;6993.3
1500958;9945.13
1501006;7685.44
1501105;5774.67
1501204;7514.88
1501253;24621.05
1501303;42290.57
1501402;20350
1501451;8832.67
1501501;21553.05
1501576;9373.09
1501600;6958.89
1501709;8607.7
1501725;15414.13
1501758;10589.35
1501782;8551.28
1501808;6921.05
1501907;17488.37
1501956;5338.15
1502004;7390.14
1502103;8576.62
1502152;67238.81
1502202;14740.17
1502301;9088.27
1502400;18709.66
1502509;7797.18
1502608;6179.79
1502707;11674.44
1502756;8220.44
1502764;20928.36
1502772;33717.21
1502806;20018.72
1502855;7880.49
1502905;6927.55
1502939;11459.84
1502954;9844.46
1503002;7564.23
1503044;16151.54
1503077;8703.91
1503093;9664.48
1503101;6445.26
1503200;8890.96
1503309;6054.45
1503408;9919.12
1503457;7922.43
1503507;6921.29
1503606;16261.21
1503705;9860.21
1503754;26873.15
1503804;8612.32
1503903;17038.21
1504000;13819.82
1504059;9737.44
1504109;7844.31
1504208;28020.9
1504307;7315.95
1504406;7949.56
1504422;13781.36
1504455;18664.02
1504505;6557.97
1504604;9376.98
1504703;11041.92
1504752;8831.56
1504802;11910.55
1504901;6100.47
1504950;8741.38
1504976;8391.61
1505007;7839.04
1505031;22325.89
1505064;11368.05
1505106;12100.42
1505205;15623.36
1505304;25866.74
1505403;10251.93
1505437;17267.58
1505486;11447.76
1505494;8762.13
1505502;24560.29
1505536;64395.75
1505551;15950.19
1505601;7669.43
1505635;15843.05
1505650;8882.55
1505700;6948.87
1505809;11716.45
1505908;5799.6
1506005;9606.44
1506104;11429.2
1506112;6333.02
1506138;20143.55
1506161;22968.76
1506187;10257.31
1506195;7119.47
1506203;10514.59
1506302;6832.32
1506351;7291.75
1506401;6552.64
1506500;9301.73
1506559;7574.75
1506583;14579.98
1506609;11139.12
1506708;11044.68
1506807;15531.42
1506906;7469.72
1507003;10348.11
1507102;6925.69
1507151;10167.63
1507201;10289.86
1507300;11724.67
1507409;12651.52
1507458;15517.48
1507466;6856.64
1507474;6736.9
1507508;8571.81
1507607;11652.53
1507706;7000.23
1507755;17021.81
1507805;10272.06
1507904;7329.77
1507953;8711.62
1507961;6181.26
1507979;25312.1
1508001;10518.26
1508035;7769.35
1508050;16955.94
1508084;18892.8
1508100;39984.1
1508126;23408.58
1508159;11347.19
1508209;7066.07
1508308;11170.38
1508357;69540.08
1508407;26768.53
1600055;12865.4
1600105;16519.72
1600154;20478.7
1600204;14204.35
1600212;12621.63
1600238;49132.42
1600253;12847.32
1600279;16741.38
1600303;19935.32
1600402;11601.08
1600501;14199
1600535;15672.35
1600550;13213.94
1600600;15891.21
1600709;11948.74
1600808;12472.79
1700251;18543.35
1700301;21344.72
1700350;16945.25
1700400;17092.53
1700707;31782.67
1701002;11111.07
1701051;12943.4
1701101;15737.61
1701309;10849.37
1701903;13644.08
1702000;20759.38
1702109;21981.28
1702158;11980.53
1702208;10837.63
1702307;15700.19
1702406;13306.15
1702554;12462.39
1702703;11182.35
1702901;10986.07
1703008;9459.65
1703057;24058.35
1703073;12264.54
1703107;12756.2
1703206;16691.66
1703305;13408.17
1703602;18057
1703701;16361.1
1703800;7987.88
1703826;11646.1
1703842;28646.42
1703867;69814.24
1703883;13806.71
1703891;8606.1
1703909;31125.63
1704105;10684.43
1704600;15560.4
1705102;18274.93
1705508;18502.54
1705557;12704.58
1705607;12027.47
1706001;14343.67
1706100;15376.09
1706258;23142.91
1706506;20699.17
1707009;13302.27
1707108;16958.63
1707207;12563.51
1707306;26586.83
1707405;7608.64
1707553;15621.32
1707652;21887.52
1707702;11038.93
1708205;19757.56
1708254;52494.83
1708304;12775.33
1709005;11574.2
1709302;22271.24
1709500;24036.9
1709807;15777.62
1710508;11459.07
1710706;9391.2
1710904;14125.35
1711100;17077.52
1711506;14081.84
1711803;14680.19
1711902;36002.02
1711951;8451.72
1712009;18958.66
1712157;11978.28
1712405;8834.25
1712454;11787.98
1712504;20155.56
1712702;23007.87
1712801;9334.72
1713205;33388.9
1713304;16415.52
1713601;16904.78
1713700;17329.04
1713809;10330.85
1713957;11925.05
1714203;13423.04
1714302;11008.3
1714880;22369.86
1715002;12006.92
1715101;10031.91
1715150;11276
1715259;10671.39
1715507;16742.04
1715705;13501.37
1715754;14595.51
1716109;24731.81
1716208;18348.55
1716307;12558.29
1716505;46723.7
1716604;44217.32
1716653;13498.19
1716703;15684.03
1717008;10706.58
1717206;16231.21
1717503;20274.37
1717800;9892.53
1717909;9670.61
1718006;9702.44
1718204;28589.65
1718303;7685.41
1718402;13487.79
1718451;20558.95
1718501;9975.16
1718550;9680.46
1718659;8925.59
1718709;13182.06
1718758;9150.36
1718808;8045.7
1718840;19827.64
1718865;15715.24
1718881;13378.78
1718899;21278.52
1718907;18128.41
1719004;9922.46
1720002;12385.33
1720101;9343.51
1720150;11503.86
1720200;8267.53
1720259;10594.79
1720309;8957.33
1720499;16763.31
1720655;21448.7
1720804;9467
1720853;18300.43
1720903;13380.3
1720937;11061.59
1720978;23889.08
1721000;28974.17
1721109;8265.03
1721208;11712.68
1721257;25380.57
1721307;11132.78
1722081;13178.02
1722107;25359.05
2100055;18088.4
2100105;5522.39
2100154;5929.38
2100204;5422.74
2100303;6481.02
2100402;6091.48
2100436;8152.96
2100477;5611.29
2100501;16837.39
2100550;7108.69
2100600;6997.9
2100709;6404.32
2100808;8618.41
2100832;5708.63
2100873;5090.81
2100907;5672.48
2100956;6929.19
2101004;8014.17
2101103;5873.19
2101202;10949.06
2101251;20480.16
2101301;5489.47
2101350;6046.72
2101400;25591.91
2101509;12470.97
2101608;6941.9
2101707;7284.41
2101731;5658.32
2101772;6828.18
2101806;6542.84
2101905;5340.6
2101939;8359.12
2101970;6113.02
2102002;6809.03
2102036;7530.74
2102077;5408.78
2102101;6392.68
2102150;5953.26
2102200;5812.29
2102309;6487.05
2102325;6881.5
2102358;6050.74
2102374;6333.6
2102408;4689.38
2102507;5135.9
2102556;10521.12
2102606;6291.51
2102705;5636.11
2102754;10529.89
2102804;10165.97
2102903;6970.54
2103000;10276.68
2103109;5444.31
2103125;5077.34
2103158;5307.2
2103174;6762.24
2103208;8365.88
2103257;9257.83
2103307;8491.94
2103406;7738.13
2103505;7491.48
2103554;6726.37
2103604;6238.6
2103703;6547.6
2103752;56655.59
2103802;9479.79
2103901;5776.25
2104008;7828.26
2104057;16604.9
2104073;8045.02
2104081;5120.66
2104099;7003.35
2104107;10323.92
2104206;6384.25
2104305;5946.04
2104404;6299.75
2104503;6720.65
2104552;17227.18
2104602;5670.63
2104628;6425.62
2104651;6206.85
2104677;7528.88
2104701;6336.86
2104800;8309.8
2104909;6068.39
2105005;4835.96
2105104;5079.11
2105153;11242.88
2105203;7352.96
2105302;27482.99
2105351;4867.3
2105401;8215.49
2105427;10562.8
2105450;5553.69
2105476;5345.79
2105500;8692.24
2105609;6080.24
2105658;11766.26
2105708;7309.94
2105807;6292.33
2105906;6083.36
2105922;6038.62
2105948;7904.7
2105963;6102.82
2105989;9032.38
2106003;11353.11
2106102;9694.58
2106201;5471.49
2106300;5608.02
2106326;7448.61
2106359;6601.95
2106375;5765.8
2106409;6868.65
2106508;6071.98
2106607;5065.83
2106631;4803.74
2106672;5417.22
2106706;7246.48
2106755;16763.56
2106805;5764.28
2106904;5789.7
2107001;6783.78
2107100;5811.7
2107209;4282.65
2107258;9016.88
2107308;7119.49
2107357;6260.45
2107407;7532.27
2107456;6258.81
2107506;6672
2107605;6299.68
2107704;6441.33
2107803;5543.79
2107902;6578.75
2108009;8239.29
2108058;6428.8
2108108;7303.11
2108207;12923.12
2108256;5628.47
2108306;4530.24
2108405;5063.41
2108454;7528.58
2108504;9764.54
2108603;9720.73
2108702;7588.31
2108801;6044.85
2108900;8037.47
2109007;21227.63
2109056;6509.98
2109106;11040.59
2109205;7331.1
2109239;6862.56
2109270;7665.58
2109304;5073.6
2109403;5000.68
2109452;6943.26
2109502;10912.06
2109551;9349.92
2109601;7288.68
2109700;15894.49
2109759;5336.35
2109809;6283.71
2109908;14690.96
2110005;7851.23
2110039;8919.39
2110104;6714.31
2110203;7324.76
2110237;4586.67
2110278;4884.17
2110302;89606.91
2110401;5684.05
2110500;9578.17
2110609;9426.72
2110658;15214.32
2110708;7698.45
2110807;8638.71
2110856;8228.56
2110906;5135.37
2111003;5782.96
2111029;5779.54
2111052;13647.29
2111078;5197.89
2111102;10157.25
2111201;10808.38
2111250;5708.66
2111300;26154.25
2111409;6996.99
2111508;7493.54
2111532;7082.34
2111573;11044.22
2111607;21280.95
2111631;7209.19
2111672;5786.45
2111706;6287.9
2111722;4766.74
2111748;5695.12
2111763;10561.69
2111789;5639.94
2111805;7622
2111904;6179.24
2111953;7056.51
2112001;58403.77
2112100;4848.73
2112209;9616.57
2112233;8268.21
2112274;6919.99
2112308;6739.4
2112407;8333.33
2112456;5973.86
2112506;6766.18
2112605;5403.47
2112704;5091.9
2112803;7803.02
2112852;16509.59
2112902;8771.5
2113009;6932.37
2114007;7489.46
2200053;6128.98
2200103;5823.53
2200202;10237.35
2200251;6099.05
2200277;7035.96
2200301;6176.52
2200400;8706.16
2200459;9858.67
2200509;7198.74
2200608;7387.32
2200707;7077.4
2200806;14759.57
2200905;7522.99
2200954;6728.67
2201002;6929.25
2201051;5688.18
2201101;6192.54
2201150;21051.99
2201176;7311.76
2201200;7518.49
2201309;7197.21
2201408;8154.17
2201507;6243.46
2201556;7337.3
2201572;7127.58
2201606;6378.84
2201705;8710.2
2201739;7036.11
2201770;6566.96
2201804;7811.73
2201903;20938.4
2201919;7451.64
2201929;6430.72
2201945;6031.47
2201960;5885.39
2201988;7680.83
2202000;7845.94
2202026;5761.68
2202059;5579.96
2202075;6670.74
2202083;10051.89
2202091;8389.89
2202109;7157.8
2202117;6411.2
2202133;8654.05
2202174;5529.52
2202208;11433.99
2202251;6939.45
2202307;9760.48
2202406;6661.14
2202455;7001.68
2202505;6742.17
2202539;7040.49
2202554;7078.97
2202604;7869.62
2202653;7896.14
2202703;7062.74
2202711;7176.23
2202729;6641.65
2202737;6801.98
2202752;8099.49
2202778;6645.75
2202802;9012.37
2202851;6577.97
2202901;10718.9
2203008;6010.79
2203107;8490.79
2203206;7553.71
2203230;12247.86
2203255;5521.28
2203271;6398.43
2203305;10235.62
2203354;5364.12
2203404;10158.23
2203420;7090.1
2203453;5650.76
2203503;8120.47
2203602;8460.23
2203701;8328.67
2203750;5104.44
2203800;6808.96
2203859;7638.73
2203909;17327.08
2204006;6356.5
2204105;6974.97
2204154;7748.65
2204204;6953.27
2204303;16174.08
2204352;8883.06
2204402;10804.67
2204501;41553.97
2204550;6783.9
2204600;6812.35
2204659;7258.16
2204709;7643.24
2204808;7101.25
2204907;5881.54
2205003;6839.87
2205102;8818.72
2205151;6745.37
2205201;7797.99
2205250;5961.39
2205276;7319.91
2205300;9347.34
2205359;7721.64
2205409;6189.62
2205458;6006.93
2205508;7711.6
2205516;7314.04
2205524;6885.73
2205532;7091.77
2205540;6508.49
2205557;6483.31
2205565;6615.71
2205573;5737.05
2205581;9807.77
2205599;7166.09
2205607;10629.03
2205706;8699.37
2205805;7428.62
2205854;5713.24
2205904;7261.18
2205953;7524.51
2206001;7504.19
2206050;5647.92
2206100;6957.63
2206209;6102.62
2206308;9484.02
2206357;6066.21
2206407;8899.78
2206506;6516.45
2206605;10310.01
2206654;6403.96
2206670;6350.61
2206696;6680.11
2206704;6337.68
2206720;8763.73
2206753;6461.64
2206803;6601.98
2206902;6328.11
2206951;7222.72
2207009;10380.69
2207108;6967.75
2207207;7731.92
2207306;8422.48
2207355;7388.52
2207405;10084.59
2207504;6180.44
2207553;6752.25
2207603;7162.15
2207702;12787.32
2207751;7498.01
2207777;6640.12
2207793;5642.1
2207801;10052.53
2207850;6461.91
2207900;7289.03
2207934;7967.95
2207959;7008.31
2208007;18212.61
2208106;6123.69
2208205;7154.53
2208304;8418.81
2208403;10246.67
2208502;6125.79
2208551;8131.9
2208601;6542.35
2208650;7131.28
2208700;6835.84
2208809;7897.35
2208858;7759.71
2208874;9701.43
2208908;17232.04
2209005;6525.51
2209104;7544.7
2209153;7919.5
2209203;14638.15
2209302;7225.97
2209351;6542.36
2209377;6765.86
2209401;7329.6
2209450;6295.53
2209500;7138
2209559;6236.07
2209609;7864.86
2209658;6597.93
2209708;7121.68
2209757;7503.63
2209807;6297.33
2209856;6577.16
2209872;6507.29
2209906;7078.8
2209955;5747.84
2209971;5678.15
2210003;9678.04
2210052;8072.36
2210102;8409.94
2210201;6879.05
2210300;6725.37
2210359;6556.5
2210375;6382.4
2210383;8065.12
2210391;7271.25
2210409;6609.5
2210508;7060.61
2210607;11453.54
2210623;9138.39
2210631;10405.02
2210656;5650.24
2210706;7950.83
2210805;10327.06
2210904;6552.21
2210938;8115.21
2210953;7143.31
2210979;8181.93
2211001;22597.68
2211100;7428.39
2211209;36777.46
2211308;10051.35
2211357;6146.35
2211407;6854.08
2211506;7177.76
2211605;9926.59
2211704;6739.07
2300101;6370.41
2300150;7820.13
2300200;9409.83
2300309;6966.18
2300408;5946.54
2300507;5230.63
2300606;6099.04
2300705;7889.81
2300754;9917.57
2300804;7095.89
2300903;6345.27
2301000;27336.65
2301109;16595.3
2301208;7289.25
2301257;6036.05
2301307;6959.46
2301406;8284.1
2301505;6495.42
2301604;6510.21
2301703;7164.34
2301802;6758.78
2301851;7889.12
2301901;14406.42
2301950;6965.5
2302008;6971.19
2302057;6512.27
2302107;8541.11
2302206;12047.14
2302305;6351.38
2302404;6834.78
2302503;14142.89
2302602;9763.29
2302701;7424.99
2302800;8309.69
2302909;6449.02
2303006;5264.33
2303105;6400.96
2303204;6587.35
2303303;6896
2303402;6158.7
2303501;12352.04
2303600;5139.89
2303659;7994.37
2303709;15177.12
2303808;7345.96
2303907;6305.65
2303931;5496.96
2303956;7250.53
2304004;5863.9
2304103;8967.13
2304202;11642.3
2304236;6546.97
2304251;7947.85
2304269;6908.19
2304277;7192.11
2304285;59097.86
2304301;6929.95
2304350;7526.82
2304400;23045.09
2304459;8747.31
2304509;16122.52
2304608;6471.01
2304657;5670.1
2304707;6919.34
2304806;7134.7
2304905;6386.3
2304954;6449.79
2305001;9146.97
2305100;15177.69
2305209;6756.65
2305233;22426.48
2305266;6231.96
2305308;7745.8
2305332;6645.22
2305357;12555.22
2305407;8004.06
2305506;13940.47
2305605;8098.53
2305654;6413.7
2305704;7559.62
2305803;8052.99
2305902;5794.4
2306009;8836.54
2306108;6772.2
2306207;7946.66
2306256;14527.61
2306306;10224.78
2306405;10511.93
2306504;6187.36
2306553;10599.14
2306603;5497.11
2306702;7896.49
2306801;10773.36
2306900;13091.49
2307007;11031.7
2307106;6578.22
2307205;10127.75
2307254;13573.99
2307304;15604.19
2307403;7205.26
2307502;7030.18
2307601;15842.69
2307635;6502.59
2307650;36223.88
2307700;10027.06
2307809;10203.88
2307908;6385.95
2308005;6015.2
2308104;7289.23
2308203;5949.44
2308302;7040.09
2308351;8484.4
2308377;5768.28
2308401;9351.99
2308500;7023.81
2308609;7133.44
2308708;12217.14
2308807;8468.58
2308906;6113.39
2309003;6556.82
2309102;6711.93
2309201;7700.17
2309300;8218.75
2309409;6288.36
2309458;5934.6
2309508;8921.97
2309607;14375.34
2309706;11514.38
2309805;10481.85
2309904;7019.45
2310001;6910.12
2310100;6417.65
2310209;12320.61
2310258;12745.27
2310308;6624.33
2310407;6809.89
2310506;6232.7
2310605;9967.16
2310704;9940.75
2310803;13216.04
2310852;10150.57
2310902;6925.59
2310951;4585.72
2311009;5882.43
2311108;8309.58
2311207;6998.96
2311231;7864.06
2311264;6809.05
2311306;11316.65
2311355;8102.74
2311405;11193.37
2311504;14899.86
2311603;8891.27
2311702;7764.55
2311801;12125.65
2311900;6025.99
2311959;6538.95
2312007;6118.06
2312106;6116.46
2312205;9174.97
2312304;9241.16
2312403;49259.77
2312502;12618.89
2312601;7456.89
2312700;10991.65
2312809;5729.3
2312908;20258.09
2313005;9013.78
2313104;9294.1
2313203;7577.29
2313252;5996.43
2313302;8879.83
2313351;5851.5
2313401;14123.58
2313500;11755.46
2313559;6048.03
2313609;11755.39
2313708;6141.51
2313757;6270.08
2313807;17862.64
2313906;9040.85
2313955;12483.07
2314003;7943.47
2314102;6357.65
2400109;9576.94
2400208;13571.24
2400307;7565.36
2400406;7594.36
2400505;8581.87
2400604;6974.73
2400703;30135.98
2400802;10020.82
2400901;6889.74
2401008;11573.86
2401107;18173.83
2401206;18474.19
2401305;7936.82
2401404;14182.44
2401453;18282.49
2401503;8096.15
2401602;7386.76
2401651;24758.24
2401701;7248.7
2401800;10631.05
2401859;9307.41
2401909;9167.19
2402006;15672.5
2402105;6358.78
2402204;12107.01
2402303;11839.51
2402402;9389.09
2402501;9606.25
2402600;10718.21
2402709;10717.43
2402808;7370.03
2402907;7485.2
2403004;10895.57
2403103;14103.95
2403202;7015.53
2403251;20201.24
2403301;7182.06
2403400;10523.94
2403509;6204.5
2403608;12607.78
2403707;11158.69
2403756;8512.08
2403806;8873.65
2403905;8030.27
2404002;7200.07
2404101;25677.93
2404200;12434.28
2404309;13669.02
2404408;11063.39
2404507;125315.16
2404606;7110.13
2404705;8878.36
2404804;10273.97
2404853;8655.99
2404903;7917.33
2405009;6251.13
2405108;9243.58
2405207;10186.21
2405306;6215.66
2405405;6946.96
2405504;8562.58
2405603;8105.85
2405702;11433.58
2405801;27173.83
2405900;6994.26
2406007;7217.31
2406106;10195.64
2406155;7333.12
2406205;7181.2
2406304;7186.14
2406403;10715.61
2406502;15242.76
2406601;7110.76
2406700;9714.94
2406809;8212.85
2406908;8867.77
2407005;6206.8
2407104;16898.44
2407203;17222.31
2407252;7933.63
2407302;6971.92
2407401;8474.69
2407500;8592.54
2407609;13762.44
2407708;7207.58
2407807;8555.75
2407906;8542.97
2408003;19714.79
2408102;24890.54
2408201;12524.23
2408300;11902.92
2408409;7687.53
2408508;9002.32
2408607;6919.15
2408706;8789.99
2408805;70768.59
2408904;13709.32
2408953;10042.47
2409100;7313.02
2409209;9553.51
2409308;8327.81
2409332;9414.22
2409407;14287.29
2409506;62196.89
2409605;9337.36
2409704;7351.64
2409803;7782.74
2409902;16158.28
2410009;8642.35
2410108;6313.48
2410207;6873.73
2410256;12460.09
2410306;7191.01
2410405;8423.04
2410504;7813.22
2410603;8268.1
2410702;7888.71
2410801;7041.85
2410900;7584.29
2411007;7809.01
2411056;18152.37
2411106;8278.28
2411205;11735.96
2411403;8359.73
2411429;14426.86
2411502;8659.29
2411601;57338.73
2411700;7625.84
2411809;13153.39
2411908;8880.31
2412005;13459.49
2412104;8233.76
2412203;15308.09
2412302;6912.52
2412401;20198.95
2412500;8854.37
2412559;36203.29
2412609;8465.97
2412708;8746.74
2412807;7960.68
2412906;7657.75
2413003;9101.98
2413102;6729.52
2413201;22632.91
2413300;6782.51
2413359;25343.66
2413409;9264.07
2413508;7657.91
2413557;7220.24
2413607;10926.55
2413706;7167.77
2413805;9191.41
2413904;8599.16
2414001;8450.88
2414100;7204.29
2414159;15739.7
2414209;21070.38
2414308;11744.5
2414407;16075.71
2414456;11714.15
2414506;10612.37
2414605;8204.79
2414704;6990.48
2414753;7497.65
2414803;7750.78
2414902;8687.55
2415008;9677.15
2500106;7385.05
2500205;7966.25
2500304;8378.43
2500403;12179.9
2500502;6925.74
2500536;7115.44
2500577;9306.27
2500601;44508.6
2500700;9378.44
2500734;9860.38
2500775;8687.49
2500809;8307.35
2500908;6708.35
2501005;7653.89
2501104;9056.24
2501153;8008.34
2501203;7364.21
2501302;7150.1
2501351;9023.06
2501401;8647.69
2501500;10784.91
2501534;7666.51
2501575;7271.61
2501609;7462.16
2501708;7526.2
2501807;12697.98
2501906;8744.48
2502003;8078.31
2502052;8580.47
2502102;7187.37
2502151;18047.24
2502201;9937.12
2502300;7588.64
2502409;7155.41
2502508;9641.82
2502607;8163.64
2502706;11184.42
2502805;8056.52
2502904;7439.41
2503001;14109.49
2503100;8466.38
2503209;37217.38
2503308;9918.9
2503407;7834.22
2503506;6739.42
2503555;6908.1
2503605;7881.01
2503704;16936.26
2503753;8645.73
2503803;10618.53
2503902;9553.15
2504009;20534.71
2504033;8560.72
2504074;7485.25
2504108;8895.22
2504157;7364.7
2504207;8027.18
2504306;11961.95
2504355;10670.49
2504405;8144.83
2504504;8205.16
2504603;24305.29
2504702;10129.89
2504801;9227.46
2504850;9598.32
2504900;7839.03
2505006;7847.54
2505105;8785.18
2505204;7665.88
2505238;8276.28
2505279;7775.05
2505303;8545.52
2505352;7363.97
2505402;7266.16
2505501;7880.84
2505600;7520.57
2505709;7440.16
2505808;10069.73
2505907;8310.08
2506004;12208.76
2506103;7746.3
2506202;8555.3
2506251;6845.75
2506301;16034.81
2506400;9326.71
2506509;8809.44
2506608;7742.19
2506707;6172.94
2506806;8405.32
2506905;10548.82
2507002;10174.89
2507101;8897.34
2507200;8872.69
2507309;8637.62
2507408;7609.32
2507507;23345.93
2507606;7237.98
2507705;8017.63
2507804;9885.94
2507903;9262.75
2508000;7187.13
2508109;7171.37
2508208;8712.77
2508307;9236.18
2508406;8623.09
2508505;7238.78
2508554;7876.8
2508604;14473.22
2508703;7437.65
2508802;8381
2508901;13697.32
2509008;6431.6
2509057;8925.51
2509107;8894.22
2509156;8006.14
2509206;7016.72
2509305;28446.28
2509339;9649.36
2509370;7692.46
2509396;7246.48
2509404;8660.12
2509503;10959.83
2509602;6988.6
2509701;13599.64
2509800;6942.11
2509909;7353.7
2510006;7413.3
2510105;7508.59
2510204;7191.55
2510303;8002.1
2510402;6879.28
2510501;8213.71
2510600;9790.42
2510659;9794.6
2510709;10448.12
2510808;14482.69
2510907;8688.64
2511004;7998.32
2511103;9381.39
2511202;15720.61
2511301;10484.2
2511400;8756.85
2511509;7243.53
2511608;9036.88
2511707;8466.28
2511806;7570.07
2511905;14530.78
2512002;12068.24
2512036;7834.07
2512077;8806.11
2512101;11217.86
2512200;10553.68
2512309;9028
2512408;6597.8
2512507;9997.76
2512606;10080.12
2512705;7775.67
2512721;7653.39
2512747;8066.71
2512754;8667.61
2512762;9103.11
2512788;10305.89
2512804;7834.02
2512903;10778.9
2513000;6408.49
2513109;9733.02
2513158;7453.98
2513208;7632.75
2513307;8003.28
2513356;7498.77
2513406;11212.47
2513505;7176.06
2513604;7145.36
2513653;9043.42
2513703;16047.33
2513802;10025.71
2513851;8841.97
2513901;11487.88
2513927;9208.32
2513943;8619.26
2513968;8268.97
2513984;8970.41
2514008;9599.51
2514107;6977.09
2514206;7160.57
2514305;6413.24
2514404;13130.96
2514453;7498.97
2514503;8711.36
2514552;7007.03
2514602;6886.82
2514651;10865.97
2514701;10139.19
2514800;7132.8
2514909;8683.59
2515005;8123.78
2515104;6805.05
2515203;8201.01
2515302;10561.14
2515401;5739.01
2515500;8335.82
2515609;9474.27
2515708;14040.32
2515807;7553.81
2515906;8932.99
2515930;8525.83
2515971;10074.76
2516003;9637.23
2516102;11294.52
2516151;8347.88
2516201;15151.67
2516300;9496.57
2516409;6653.42
2516508;7521.32
2516607;7419.91
2516706;8482.34
2516755;9061.95
2516805;7721.82
2516904;10232.82
2517001;7024.77
2517100;9765.02
2517209;7191.08
2517407;8793.02
2600054;14390.4
2600104;10460.83
2600203;7820
2600302;9024.69
2600401;7107.34
2600500;7317.75
2600609;8244.12
2600708;8367.2
2600807;6110.14
2600906;8249.41
2601003;10065.61
2601052;6414.12
2601102;9445.33
2601201;12994.83
2601300;6611.81
2601409;9706.18
2601508;6030.04
2601607;9107.8
2601706;20703.79
2601805;5700.24
2601904;10629.51
2602001;6302.48
2602100;9926.26
2602209;8112.71
2602308;9565.07
2602407;14875.64
2602506;7115.49
2602605;6561.15
2602704;7274.23
2602803;6528.24
2602902;43485.31
2603009;11041.04
2603108;8560.39
2603207;8644.62
2603306;6755.94
2603405;7383.91
2603454;9506.73
2603504;8176.94
2603603;22866.63
2603702;8029.51
2603801;8019.46
2603900;7277.43
2603926;5824.91
2604007;15520.94
2604106;17880.19
2604155;5697.49
2604205;6345.61
2604304;6860.45
2604403;10546.2
2604502;8300.79
2604601;7887.46
2604700;7395.73
2604809;10052.96
2604908;8051.62
2605004;9507.57
2605103;9983.73
2605152;10659.92
2605202;10614.54
2605301;7009.77
2605400;7666.85
2605459;41803.52
2605509;7955.27
2605608;6417.15
2605707;12356.67
2605806;6413.18
2605905;7825.22
2606002;15200.55
2606101;13441.97
2606200;65271.07
2606309;7586.45
2606408;12325.14
2606507;7586.03
2606606;8871.58
2606705;7297.85
2606804;20687.18
2606903;6528.68
2607000;6955.15
2607109;7319.14
2607208;115458.91
2607307;8489.51
2607406;11059.74
2607505;7310.35
2607604;8805.83
2607653;12892.46
2607703;6871.23
2607752;48390.13
2607802;7774.4
2607901;19491.3
2607950;7704.66
2608008;6798.66
2608057;7352.84
2608107;7053.71
2608206;7645.17
2608255;8366.65
2608305;9473.61
2608404;6657.51
2608453;11422.46
2608503;13576
2608602;8078.41
2608701;5839.53
2608750;11034.92
2608800;10377.95
2608909;12278.17
2609006;9826.77
2609105;11725.55
2609154;5420.4
2609204;6796.87
2609303;9303.91
2609402;10269.36
2609501;14297.44
2609600;13515.27
2609709;13150.45
2609808;14721.17
2609907;8103.52
2610004;13099.27
2610103;9242.18
2610202;6196.51
2610301;17215.05
2610400;7781.86
2610509;7166.38
2610608;11590.93
2610707;11720.31
2610806;10044.26
2610905;9665.93
2611002;25132.13
2611101;17160.36
2611200;7005.05
2611309;12532.37
2611408;11906.16
2611507;7502.09
2611533;7177.92
2611606;30477.73
2611705;7549.24
2611804;8792.94
2611903;11804.5
2612000;14815.21
2612109;5507
2612208;13070.53
2612307;7624.53
2612406;6978.9
2612455;6521.29
2612471;6355.37
2612505;12601
2612554;5794.75
2612604;10484.27
2612703;6823.74
2612802;6520.94
2612901;6316.83
2613008;16487.4
2613107;8735.87
2613206;8937.29
2613305;7221.32
2613404;9359.37
2613503;7299.38
2613602;8902.44
2613701;9533.57
2613800;12950.89
2613909;15161.18
2614006;7074.86
2614105;8002.14
2614204;12580.1
2614303;7116.94
2614402;6518.51
2614501;10915.41
2614600;8049.85
2614709;8924.57
2614808;6009.56
2614857;12134.82
2615003;8039.36
2615102;7313.97
2615201;6067.69
2615300;11662.92
2615409;13442
2615508;7586.61
2615607;9760.11
2615706;8175.66
2615805;6445.4
2615904;8460.7
2616001;9407.32
2616100;6559.71
2616183;7662.84
2616209;7282.85
2616308;12194.26
2616407;23647.17
2616506;7849.89
2700102;6180.97
2700201;7878.62
2700300;17245.95
2700409;14098.23
2700508;10760.86
2700607;18946.4
2700706;8803.02
2700805;8036.87
2700904;9688.61
2701001;9670.16
2701100;36881.55
2701209;7276.71
2701308;7196.65
2701357;8046.53
2701407;7627.57
2701506;6823.91
2701605;5647.4
2701704;10390.77
2701803;5819.47
2701902;9422.08
2702009;7558.21
2702108;10469.82
2702207;10296.8
2702306;27183.71
2702355;6450.88
2702405;8737.53
2702504;6282.18
2702553;5412.68
2702603;8126.09
2702702;22124.33
2702801;9030.87
2702900;7046.49
2703007;7695.55
2703106;6427.14
2703205;13425.98
2703304;5548.08
2703403;8900.04
2703502;9103.92
2703601;12715.06
2703700;7670.77
2703759;16911.2
2703809;8876.43
2703908;10454.84
2704005;14489.98
2704104;6907.22
2704203;17263.4
2704302;20853.41
2704401;8147.72
2704500;15157.55
2704609;7037.56
2704708;31655.89
2704807;9550.07
2704906;8632.67
2705002;6599.27
2705101;10499.65
2705200;9785.62
2705309;8054.11
2705408;7262.7
2705507;8983.72
2705606;9936.86
2705705;9064.7
2705804;6810.26
2705903;8873.82
2706000;5586.41
2706109;6021.73
2706208;6934.88
2706307;9785.07
2706406;6761.58
2706422;5786.86
2706448;11800.69
2706505;8926.44
2706604;8078.2
2706703;13202.44
2706802;14973.06
2706901;11893.43
2707008;9953.17
2707107;7950.03
2707206;5957.86
2707305;11362.15
2707404;11723.43
2707503;8197.7
2707602;8708.28
2707701;12968.97
2707800;15059.38
2707909;15213.66
2708006;10798.17
2708105;71759.71
2708204;9103.75
2708303;10430.9
2708402;6988.02
2708501;12215.12
2708600;15258
2708709;12952.9
2708808;9874.79
2708907;10056.88
2708956;5928.25
2709004;7497.95
2709103;11758.83
2709152;8947.42
2709202;6881.21
2709301;11990.47
2709400;9930.24
2800100;10891.11
2800209;10880.89
2800308;25717.68
2800407;10645.71
2800506;9784.32
2800605;12571.31
2800670;10818.39
2800704;9209.34
2801009;11306.59
2801108;10962.52
2801207;44297.9
2801306;9252.19
2801405;9730.56
2801504;21836.07
2801603;8799.86
2801702;11855.57
2801900;9568.32
2802007;17241.77
2802106;21761.11
2802205;10362.34
2802304;12622.55
2802403;8566.98
2802502;9610.47
2802601;10345.64
2802700;8321.89
2802809;9849.54
2802908;17260.51
2803005;9803.5
2803104;10276.19
2803203;22348.56
2803302;14095.33
2803401;11304.93
2803500;13548.27
2803609;34054.59
2803708;9221.13
2803807;13864.16
2803906;9950.11
2804003;16840.43
2804102;13019.29
2804201;8270.01
2804300;10523.18
2804409;12613.48
2804458;14789.79
2804508;14297.99
2804607;10695.91
2804706;9384.04
2804805;13045.51
2804904;12630
2805000;9472.98
2805109;8943.96
2805208;9353.89
2805307;11239.2
2805406;7723.55
2805505;9822.93
2805604;8818.18
2805703;14321.19
2805802;10476.78
2805901;15703.9
2806008;14805.27
2806107;50536.55
2806206;9362.65
2806305;12374.15
2806404;8181.64
2806503;11612.57
2806602;8992.64
2806701;10172.46
2806800;9067.26
2806909;9054.03
2807006;9832.69
2807105;11848.25
2807204;11753.58
2807303;9866.85
2807402;9688.16
2807501;8935.41
2807600;12389.41
2900108;6982.7
2900207;6256.8
2900306;7305.15
2900355;5881.41
2900405;7955.78
2900504;4985.01
2900603;10498.68
2900702;20452.72
2900801;11149.72
2900900;9144.46
2901007;8892.67
2901106;10611.57
2901155;7196.18
2901205;8089.98
2901304;6920.19
2901353;11074.3
2901403;9772.37
2901502;5420.5
2901601;5809.23
2901700;7450.62
2901809;5299.76
2901908;6150.25
2901957;8768.8
2902005;6371.64
2902054;10042.94
2902104;7043.77
2902203;7455.45
2902252;8373.25
2902302;7360.55
2902401;8867.2
2902500;8980.47
2902609;6418
2902658;5980.19
2902708;6408.63
2902807;11036.96
2902906;14575.54
2903003;6228.75
2903102;9759.75
2903201;21596.35
2903235;5458.28
2903276;15517.36
2903300;9445.47
2903409;11902.74
2903508;6466.01
2903607;6464.29
2903706;6580.5
2903805;5984.36
2903904;11761.8
2903953;4973.14
2904001;6053.11
2904050;9282.54
2904100;6120.15
2904209;7822.93
2904308;8513.23
2904407;7948.6
2904506;6197.97
2904605;19724.63
2904704;9203.1
2904753;5428.47
2904803;6598.79
2904852;6859.34
2904902;14941.95
2905008;10148.8
2905107;8582.92
2905156;4811.03
2905206;12097.2
2905305;12819.19
2905404;25163.04
2905503;7512.41
2905602;8110.8
2905701;75103.9
2905800;9267.06
2905909;6437.86
2906006;9941.14
2906105;6043.9
2906204;6519.35
2906303;9333.93
2906402;6055.35
2906501;38581.15
2906600;6945.91
2906709;6521.19
2906808;6923.63
2906824;7640.73
2906857;6675.4
2906873;11347.86
2906899;6717.25
2906907;17321.44
2907004;7597.06
2907103;6466.1
2907202;8027.25
2907301;13329.84
2907400;19612.74
2907509;9220.6
2907558;5744.87
2907608;7933.89
2907707;6183.93
2907806;7407.38
2907905;6757.53
2908002;8196.42
2908101;11281.1
2908200;11187.56
2908309;8467.14
2908408;10750.02
2908507;60168.45
2908606;9611.74
2908705;6966.54
2908804;8007.66
2908903;7484.6
2909000;5956.45
2909109;8220.46
2909208;7835.18
2909307;33778.3
2909406;8660.05
2909505;7373.42
2909604;6615.4
2909703;9146.31
2909802;14897.85
2909901;7617.66
2910008;7757.99
2910057;42142.2
2910107;9833.88
2910206;7521.17
2910305;6976.86
2910404;9164.87
2910503;10818.03
2910602;13207.15
2910701;10013.19
2910727;22186.57
2910750;12057.66
2910776;8178
2910800;21051.29
2910859;6827.77
2910909;7664.18
2911006;6971.66
2911105;38416.21
2911204;9656.97
2911253;7964.2
2911303;17029.24
2911402;10588.92
2911501;8085.71
2911600;12741.64
2911659;6630.12
2911709;13886.22
2911808;9874.87
2911857;6441
2911907;7574.04
2912004;7837.39
2912103;7311.82
2912202;15888.76
2912301;9649.66
2912400;6356.68
2912509;6000.32
2912608;6267.37
2912707;8829.36
2912806;23738.97
2912905;9741.42
2913002;5828.74
2913101;5880.13
2913200;12150.11
2913309;5998.42
2913408;10274.23
2913457;12418.3
2913507;7028.27
2913606;21743.84
2913705;10848.54
2913804;5067.74
2913903;9022.72
2914000;11054.26
2914109;7333.99
2914208;7641.78
2914307;7662.72
2914406;13100.34
2914505;8083.5
2914604;13749.35
2914653;10596.36
2914703;12008.25
2914802;17514.19
2914901;9397.23
2915007;5284.83
2915106;8089.38
2915205;11946.19
2915304;14791.37
2915353;5670.33
2915403;8971.84
2915502;12317.23
2915601;12458.8
2915700;9497.68
2915809;9545.59
2915908;7557.83
2916005;10668.11
2916104;9227.69
2916203;9446.57
2916302;53223.86
2916401;13208.05
2916500;10220.81
2916609;7373.39
2916708;8280.01
2916807;12076.64
2916856;20524.38
2916906;6869.36
2917003;7498.26
2917102;10216.62
2917201;9913.21
2917300;11115.84
2917334;7983.28
2917359;37817.2
2917409;6138.91
2917508;15208.07
2917607;9860.74
2917706;8444.36
2917805;8432.26
2917904;17506.04
2918001;15062.91
2918100;7611.16
2918209;7238.02
2918308;9050.26
2918357;8508.55
2918407;15599.23
2918456;9622.37
2918506;5875.61
2918555;8072.99
2918605;7823.03
2918704;9245.76
2918753;5428.39
2918803;9471.91
2918902;14585.35
2919009;13317.59
2919058;8240.03
2919108;5389.03
2919157;6889.61
2919207;31360.72
2919306;9872.05
2919405;7792.86
2919504;9342.24
2919553;48937.78
2919603;5992.19
2919702;8039.44
2919801;6366.29
2919900;4893.61
2919926;22017.5
2919959;9603.33
2920007;9173.22
2920106;6535.44
2920205;7160.75
2920304;6282.33
2920403;7603.95
2920452;6411.49
2920502;13216.09
2920601;8727.02
2920700;10918.37
2920809;7026.15
2920908;9141.08
2921005;22498.15
2921054;5416.22
2921104;12864.08
2921203;8003.47
2921302;7834.83
2921401;6094.36
2921450;6135.31
2921500;5975.48
2921609;6759.9
2921708;8150.34
2921807;6941.83
2921906;38638.48
2922003;47890.59
2922052;6704.34
2922102;5469.48
2922201;6348.61
2922250;10982.38
2922300;9419.42
2922409;9164.48
2922508;8377.23
2922607;9083.55
2922656;7541.17
2922706;6894.88
2922730;8632.01
2922755;10793.64
2922805;5987.79
2922854;4981.62
2922904;6850.97
2923001;10763.95
2923035;5681.88
2923050;3190.57
2923100;7213.56
2923209;6995.88
2923308;5920.69
2923357;8471.87
2923407;6753.27
2923506;7249.67
2923605;8563.46
2923704;6115.72
2923803;9461.18
2923902;8281.87
2924009;18910.87
2924058;6721.43
2924108;5293.77
2924207;5856.58
2924306;6350.03
2924405;5850.33
2924504;9914.36
2924603;5770.02
2924652;6980.13
2924678;7446.57
2924702;5523.93
2924801;5785.11
2924900;6210.54
2925006;8349.8
2925105;9602.73
2925204;21073.9
2925253;7000.47
2925303;17114.47
2925402;9290.75
2925501;14230.09
2925600;6278.02
2925709;5528.25
2925758;7959.67
2925808;7842.17
2925907;6819.44
2925931;6303.34
2925956;8923.76
2926004;7496.64
2926103;7944.04
2926202;20266.7
2926301;9361.7
2926400;6675.43
2926509;10514.54
2926608;9311.82
2926657;10788.01
2926707;8079.28
2926806;6215.17
2926905;6468.19
2927002;20315.66
2927101;10397.23
2927200;9861.77
2927309;10759.51
2927408;20796.62
2927507;7325.37
2927606;6467.97
2927705;11955.99
2927804;8154.16
2927903;5927.57
2928000;8675.16
2928059;7933.68
2928109;9826.29
2928208;7811.76
2928307;6097.84
2928406;8516.55
2928505;6796.16
2928604;12211.38
2928703;20442.1
2928802;13727.22
2928901;44548.73
2928950;6969.45
2929008;11203.09
2929057;10191.36
2929107;8318.56
2929206;296459.35
2929255;5582.87
2929305;20473.3
2929354;7984.37
2929370;7308.53
2929404;9150.48
2929503;12276.13
2929602;10095.24
2929701;8126.17
2929750;9870.74
2929800;6210.88
2929909;9781.82
2930006;6625.77
2930105;9854.55
2930154;8491.14
2930204;9766.51
2930303;7516.23
2930402;6196.66
2930501;9937.74
2930600;6784.77
2930709;37043.88
2930758;7432
2930766;6436.44
2930774;16272.83
2930808;5380.33
2930907;15709.19
2931004;9749.64
2931053;7744.27
2931103;5893.9
2931202;8329.1
2931301;6917.25
2931350;14113.49
2931400;16128.78
2931509;6448.53
2931608;9393.52
2931707;8836.35
2931806;6505.2
2931905;8108.49
2932002;7431.82
2932101;8968.86
2932200;9992.19
2932309;6846.32
2932408;6678.16
2932457;7983.19
2932507;13258.54
2932606;9412.25
2932705;9145.97
2932804;7650.68
2932903;14274.61
2933000;7453.19
2933059;6024.5
2933109;8481.71
2933158;7799.19
2933174;10022.68
2933208;12088.97
2933257;12198.39
2933307;17991.07
2933406;7474.43
2933455;10181.59
2933505;14230.59
2933604;7089.97
3100104;25591.7
3100203;18250.42
3100302;13689.62
3100401;8969.23
3100500;9403.56
3100609;9243.16
3100708;65891.69
3100807;14702.27
3100906;11470.47
3101003;13619.57
3101102;15959.36
3101201;15846.5
3101300;11406.39
3101409;25795.91
3101508;22918.85
3101607;28964.87
3101631;13896
3101706;11420.49
3101805;10219.18
3101904;17599.27
3102001;14678.61
3102050;15184.91
3102100;11358.11
3102209;8853.89
3102308;17217.97
3102407;12870.92
3102506;9462.36
3102605;21156.97
3102704;9321.52
3102803;15618.5
3102852;9394.85
3102902;12164.42
3103009;14981.84
3103108;12760.61
3103207;19185.42
3103306;10490.71
3103405;9796.28
3103504;33574.01
3103603;18567.15
3103702;9741.56
3103751;161058.06
3103801;40620.21
3103900;29947.96
3104007;46098.25
3104106;25063.77
3104205;27757.15
3104304;14617.92
3104403;10642.45
3104452;7366.15
3104502;11200.04
3104601;19777.35
3104700;10601.65
3104809;13605.42
3104908;14049.32
3105004;12683.8
3105103;24268.14
3105202;9034.7
3105301;11527.88
3105400;20033.67
3105509;8038.65
3105608;18885.44
3105707;12061.73
3105905;15099.51
3106002;14826.73
3106101;14916.61
3106200;35122.01
3106309;53660.17
3106408;16775.83
3106507;7035.99
3106606;8014.65
3106655;9547.36
3106705;59534.12
3106804;8845.92
3106903;16009.35
3107000;14853.01
3107109;21682.79
3107208;9799.43
3107307;14605.86
3107406;23101.42
3107505;17875.05
3107604;29691.89
3107703;12108.16
3107802;8851.67
3107901;12744.54
3108008;17542.65
3108107;12552.7
3108206;36026.02
3108255;6876.58
3108305;16063.73
3108404;15712.78
3108503;6997.89
3108552;12555.73
3108602;9295.38
3108701;7934.84
3108800;22705.51
3108909;11641.34
3109006;40099.77
3109105;12962.25
3109204;10645.56
3109253;8018.09
3109303;27268.1
3109402;15293.33
3109451;26972.39
3109501;15994.61
3109600;10071.43
3109709;28500.56
3109808;24784.45
3109907;19426.26
3110004;13787.43
3110103;10967.27
3110202;15545.72
3110301;15660.15
3110400;15387.59
3110509;23987.31
3110608;34594.29
3110707;22512.32
3110806;10645.43
3110905;19523.66
3111002;15879.96
3111101;27102.52
3111150;8744.03
3111200;17245.78
3111309;12976.77
3111408;51606.78
3111507;22786.15
3111606;16703.47
3111705;12102.91
3111804;27276.2
3111903;11841.79
3112000;20253.91
3112059;10493.97
3112109;16915.11
3112208;9705.07
3112307;14453.89
3112406;17298.5
3112505;8285.61
3112604;21133.08
3112653;8301.15
3112703;16407.86
3112802;23317.35
3112901;8973.68
3113008;6334.4
3113107;9787.67
3113206;22322.27
3113305;15114.47
3113404;16706.25
3113503;10006.86
3113602;20704.02
3113701;17948.79
3113800;9825.36
3113909;19338.22
3114006;14208.32
3114105;13269.46
3114204;17486.73
3114303;22662.49
3114402;20757.7
3114501;20239.78
3114550;30470.54
3114600;18025.71
3114709;15606.61
3114808;10865.17
3114907;15756.02
3115003;19556.62
3115102;19249.26
3115201;11490.41
3115300;19908.04
3115359;48746.71
3115409;7337.7
3115458;8377.08
3115474;7755.66
3115508;13956.91
3115607;17958.44
3115706;11609.55
3115805;17990.66
3115904;12214.5
3116001;13004.32
3116100;5789.39
3116159;13826.9
3116209;10070.53
3116308;6799.89
3116407;28481.64
3116506;8012.37
3116605;20541.94
3116704;13529.3
3116803;9263.96
3116902;32254.86
3117009;7299.52
3117108;18831.41
3117207;16883.55
3117306;29397.85
3117405;8915.02
3117504;43713.88
3117603;43314.1
3117702;15317.5
3117801;12350.53
3117836;6415.33
3117876;153860.05
3117900;16469.23
3118007;50722.06
3118106;7530.16
3118205;65375.69
3118304;15735.75
3118403;11562.24
3118502;14636.16
3118601;40512.94
3118700;18565.19
3118809;7776.17
3118908;11117.37
3119005;19804.49
3119104;12425.59
3119203;8565.33
3119302;33017.06
3119401;14623.85
3119500;8659.44
3119609;12810.07
3119708;15128.8
3119807;30914.12
3119906;9007.7
3119955;24288.41
3120003;11604.25
3120102;9966.61
3120151;8120.9
3120201;17039.51
3120300;6736.87
3120409;15776.68
3120508;15735.92
3120607;11675.65
3120706;21781.21
3120805;14213.39
3120839;8761.76
3120870;8028.9
3120904;17057.93
3121001;9328.55
3121100;10774.38
3121209;23486.48
3121258;33213.76
3121308;11816.27
3121407;13661.46
3121506;11549.4
3121605;14812.65
3121704;8644.01
3121803;8246
3121902;12079.2
3122009;11821.81
3122108;9443.34
3122207;7030.46
3122306;24191.34
3122355;13701.13
3122405;14685.78
3122454;6293.2
3122470;13257.19
3122504;9990.2
3122603;9377
3122702;14855.69
3122801;9728.13
3122900;11335.54
3123007;22280.89
3123106;20266.72
3123205;15209.57
3123304;9585.45
3123403;35705.13
3123502;25734.36
3123528;12761.48
3123601;20145.48
3123700;9833.78
3123809;9794.47
3123858;9269.78
3123908;12138.99
3124005;16864.15
3124104;9699.93
3124203;17335.77
3124302;8578.93
3124401;17905.58
3124500;22740.4
3124609;12340.17
3124708;27015.16
3124807;43501.52
3124906;12668.53
3125002;9721.47
3125101;183218.05
3125200;16451.33
3125309;14382.77
3125408;8685.36
3125507;9160.54
3125606;7961.67
3125705;16944.68
3125804;9871.24
3125903;10367.77
3125952;9711.09
3126000;14467.19
3126109;21743.96
3126208;19361.85
3126307;22730.79
3126406;11771.18
3126505;5989.27
3126604;8874.99
3126703;14169
3126752;11654.11
3126802;9152.06
3126901;10035.59
3126950;7929.78
3127008;66685.05
3127057;7371.63
3127073;6494.7
3127107;27884.32
3127206;11777.19
3127305;10219.86
3127339;7769.37
3127354;8330.69
3127370;9949.81
3127388;14724.48
3127404;12981.54
3127503;7401.01
3127602;11423.92
3127701;20207.31
3127800;17523.26
3127909;18652.77
3128006;17990.17
3128105;16420.76
3128204;7927.26
3128253;7796.22
3128303;19296.27
3128402;13986.92
3128501;11062.04
3128600;50102.67
3128709;35509.33
3128808;13104.75
3128907;19102.53
3129004;10561.06
3129103;20858.97
3129202;15006.45
3129301;9146.92
3129400;11465.12
3129509;35798.55
3129608;8697.06
3129657;6426.28
3129707;45869.23
3129806;11375.19
3129905;14627.83
3130002;12521.4
3130051;6404.19
3130101;16658.37
3130200;30860.01
3130309;43341.63
3130408;52422.7
3130507;15903.65
3130556;8390.04
3130606;13127.61
3130655;7730.6
3130705;86969.8
3130804;18859.25
3130903;11693.03
3131000;15202.14
3131109;11512.13
3131158;7286.68
3131208;10962.01
3131307;32711.16
3131406;19432.65
3131505;16679.92
3131604;30866.53
3131703;30167.41
3131802;8790.65
3131901;52884.26
3132008;10869.91
3132107;9992.05
3132206;17706.77
3132305;6904.47
3132404;27397.44
3132503;10478.5
3132602;10387.7
3132701;11018.53
3132800;10660.8
3132909;19391.04
3133006;47306.65
3133105;26494.54
3133204;8970.22
3133303;12071.22
3133402;25974.3
3133501;19262.6
3133600;25642.21
3133709;66981
3133758;30473.33
3133808;28368.39
3133907;9518.96
3134004;8006.17
3134103;12651.65
3134202;27602.09
3134301;9797.19
3134400;52175.19
3134509;25359.92
3134608;10330
3134707;7996.11
3134806;14543.85
3134905;19860.09
3135001;19645.03
3135050;13923.94
3135076;9588.42
3135100;14387.85
3135209;9283.74
3135308;13776.2
3135357;6662.46
3135407;112989.28
3135456;6066.89
3135506;11835.42
3135605;9424.86
3135704;19583.71
3135803;9385.97
3135902;13555.6
3136009;8000.9
3136108;18996.51
3136207;29336.66
3136306;27473.67
3136405;9344.85
3136504;7623.93
3136520;7562.63
3136553;10474.27
3136579;7873.19
3136603;11709.32
3136652;42637.37
3136702;25968.58
3136801;9649.75
3136900;17393.01
3136959;8499.67
3137007;6086.96
3137106;20554.12
3137205;27161.02
3137304;10100.4
3137403;17817.69
3137502;18671.26
3137536;22099.55
3137601;32342.23
3137700;15736.28
3137809;16014.63
3137908;10388.47
3138005;10517.16
3138104;13646.69
3138203;22428.25
3138302;12082.05
3138351;9305.6
3138401;18448.49
3138500;14210.38
3138609;14743.29
3138625;42132.62
3138658;6548.01
3138674;11384.92
3138682;7436.38
3138708;13407.53
3138807;23429.57
3138906;10143.6
3139003;22567.63
3139102;35452.45
3139201;9979.71
3139250;7049.9
3139300;10567.85
3139409;23730.94
3139508;18737.39
3139607;12816.33
3139706;14420.46
3139805;12030.77
3139904;10449.82
3140001;35859.82
3140100;9281.42
3140159;10439.31
3140209;16179.95
3140308;9423.3
3140407;9888.58
3140506;22369.77
3140530;16577.47
3140555;6891.25
3140605;9530.46
3140704;18708.26
3140803;40030.65
3140852;13186.12
3140902;21346.34
3141009;8991.72
3141108;25291.1
3141207;16931.5
3141306;38761.66
3141405;9780.62
3141504;8720.86
3141603;10463.61
3141702;7430.75
3141801;7844.03
3141900;20451.14
3142007;8266.86
3142106;12288.15
3142205;11752.52
3142254;6663.28
3142304;11261.84
3142403;13075.36
3142502;13901.24
3142601;23648.88
3142700;8011.7
3142809;27464.22
3142908;8404.62
3143005;19018.68
3143104;21540.76
3143153;6418.11
3143203;19974.62
3143302;21943.89
3143401;17410.4
3143450;6269.74
3143500;29222.27
3143609;64603.83
3143708;9035.61
3143807;12407.52
3143906;18893.26
3144003;12462.29
3144102;21825.86
3144201;8994.89
3144300;15446.42
3144359;9844.04
3144375;14101.48
3144409;17128.79
3144508;28285.75
3144607;17503.74
3144656;7228.3
3144672;16640.62
3144706;17232.72
3144805;82145.16
3144904;10800.38
3145000;57177.27
3145059;15266.51
3145109;16813.68
3145208;22763.3
3145307;7353.15
3145356;6889.06
3145372;8500.69
3145406;12560.94
3145455;38287.29
3145505;14827.16
3145604;18638.54
3145703;13847.67
3145802;15431.95
3145851;10070.33
3145877;10159.71
3145901;77067.59
3146008;18931.74
3146107;39001.79
3146206;7552.99
3146255;9994.05
3146305;7877.63
3146404;12220.4
3146503;34171.51
3146552;6691.13
3146602;12696.25
3146701;9384.45
3146750;7521
3146909;14584.18
3147006;35093.7
3147105;27044.16
3147204;23369.48
3147303;19968.68
3147402;21581.14
3147501;10865.4
3147600;19242.18
3147709;19245.57
3147808;14779.09
3147907;20221.63
3147956;7310.69
3148004;27995.83
3148103;28447.8
3148202;12537.77
3148301;9303.86
3148400;9325.12
3148509;8014.75
3148608;10890.86
3148707;8536.33
3148756;10232.75
3148806;10254.32
3148905;20566.88
3149002;13282.04
3149101;13073.61
3149150;7077.81
3149200;33073
3149309;22484.47
3149408;12145.78
3149507;12481.34
3149606;13032.88
3149705;15053.81
3149804;41854.58
3149903;18766.49
3149952;11462.12
3150000;9518.67
3150109;20796.85
3150158;11006.75
3150208;10390.55
3150307;20667.17
3150406;13594.94
3150505;20934.29
3150539;7754.81
3150570;7816.29
3150604;15369.47
3150703;43359.63
3150802;8529.85
3150901;10019.99
3151008;11429.06
3151107;42537.98
3151206;29847.47
3151305;13670.46
3151404;14907.58
3151503;25503.35
3151602;36207.51
3151701;15585.82
3151800;37094.87
3151909;9798.85
3152006;21402.21
3152105;24700.71
3152131;9031.14
3152170;8153.86
3152204;7980.99
3152303;7780.19
3152402;8212.58
3152501;46860.13
3152600;24586.97
3152709;17753.4
3152808;34244.28
3152907;16754.93
3153004;27224.93
3153103;8454.24
3153202;11774.48
3153301;8443.39
3153400;23619.61
3153509;12189.26
3153608;12649.66
3153707;13446.86
3153806;14142.05
3153905;11129.19
3154002;12128.59
3154101;8350.64
3154150;12075.59
3154200;13562.68
3154309;13185.65
3154408;37445.23
3154457;12080.44
3154507;16172.5
3154606;11110.22
3154705;24768.93
3154804;13571.47
3154903;12602.46
3155009;11432.05
3155108;7413.71
3155207;6672.13
3155306;14230.24
3155405;11783.72
3155504;48113.61
3155603;8178.13
3155702;24813.15
3155801;16137.43
3155900;10225.74
3156007;8255.52
3156106;12633.82
3156205;11120.98
3156304;47670.71
3156403;45797.13
3156452;11168.04
3156502;7627.05
3156601;7885.98
3156700;16870.16
3156809;11258.32
3156908;52118.86
3157005;13147.34
3157104;12835.35
3157203;22766.6
3157252;9670.44
3157278;13033.5
3157302;10932.95
3157336;8820.93
3157377;8314.87
3157401;9119.29
3157500;8195.93
3157609;9384.19
3157658;6479.51
3157708;48847.6
3157807;15182.19
3157906;16310.11
3158003;13291.84
3158102;7235.93
3158201;8433.84
3158300;21508.74
3158409;11465.35
3158508;11566.8
3158607;9302.17
3158706;11793.9
3158805;14814.35
3158904;11480.6
3158953;15602.87
3159001;13987.21
3159100;9162.57
3159209;18450.82
3159308;10864.79
3159357;11562.09
3159407;15465.18
3159506;21289.73
3159605;38950.04
3159704;15085.67
3159803;35370.9
3159902;16461.55
3160009;11615.31
3160108;17092.07
3160207;8031.27
3160306;6930.04
3160405;17512.03
3160454;6917.34
3160504;11244.7
3160603;12056.82
3160702;19343.78
3160801;13698.89
3160900;15833.33
3160959;15029.76
3161007;12786.35
3161056;10414.22
3161106;8459.78
3161205;15081.64
3161304;23063.95
3161403;11824.24
3161502;13374.81
3161601;8788.18
3161650;10213.91
3161700;30603.08
3161809;14996.48
3161908;179339.36
3162005;24946.61
3162104;20738.29
3162203;16408.19
3162252;8740.72
3162302;14395.25
3162401;7421.55
3162450;5446.6
3162500;20401.06
3162559;14728.4
3162575;11095.53
3162609;9960.52
3162658;8082.58
3162708;8051.18
3162807;10971.27
3162906;14289.5
3162922;19149.88
3162948;76908.93
3162955;20394.47
3163003;8957.83
3163102;18039.62
3163201;9335.69
3163300;9967.19
3163409;9207.67
3163508;9511.69
3163607;10391.02
3163706;20315.79
3163805;10384.27
3163904;20456.13
3164001;13667.96
3164100;10474.76
3164209;14992.88
3164308;27196.38
3164407;47786.48
3164431;16990.42
3164472;8372.73
3164506;6587.8
3164605;43501.79
3164704;23236.56
3164803;11390.85
3164902;11075.41
3165008;14683.27
3165107;20699.68
3165206;13985.07
3165305;18865.71
3165404;13228.84
3165503;9360.47
3165537;25413.31
3165552;6038.86
3165560;10467.89
3165578;10843.09
3165602;11587.01
3165701;9251.77
3165800;15993.87
3165909;8585.38
3166006;11870.23
3166105;9677.77
3166204;8343.82
3166303;11404.38
3166402;17788.9
3166501;7237.23
3166600;21965.89
3166709;10987.21
3166808;35630.68
3166907;15407.7
3166956;6706.58
3167004;13577.18
3167103;10244.46
3167202;31042.95
3167301;10843.11
3167400;19043.77
3167509;21819.89
3167608;8922.8
3167707;8507.78
3167806;8853.95
3167905;12562.98
3168002;11799.22
3168051;10533.41
3168101;119080.12
3168200;24354.4
3168309;11885.31
3168408;9436.77
3168507;10524.72
3168606;16582.17
3168705;29862.73
3168804;18178.82
3168903;26875.34
3169000;16426.56
3169059;13448.44
3169109;10463.53
3169208;11158.37
3169307;28221.35
3169356;46355.79
3169406;22362.38
3169505;7542.04
3169604;25511.61
3169703;12146.37
3169802;19518.34
3169901;22023.63
3170008;6898.92
3170057;9061.72
3170107;41360.17
3170206;48585.36
3170305;10958.59
3170404;37603.56
3170438;29636.38
3170479;16866.74
3170503;15684.06
3170529;7890.27
3170578;8366.39
3170602;20282.38
3170651;8174.12
3170701;33603.82
3170750;28896.03
3170800;15274.21
3170909;7397.55
3171006;27494.32
3171030;9592.74
3171071;10532.07
3171105;33807.05
3171154;11113.65
3171204;23398.53
3171303;19391.08
3171402;11310.81
3171501;9576.73
3171600;7332.85
3171709;13679.81
3171808;12643.03
3171907;8482.31
3172004;25330.01
3172103;15027.25
3172202;9525.57
3200102;14579.47
3200136;16454.37
3200169;12081.44
3200201;15145.44
3200300;23295.87
3200359;10709.54
3200409;25397.92
3200508;11766.2
3200607;47644.02
3200706;22858.06
3200805;20780.92
3200904;18814.93
3201001;14288.79
3201100;13116.9
3201159;20275.59
3201209;22904.87
3201308;19215.53
3201407;23339.54
3201506;26270.72
3201605;13408.56
3201704;15993.99
3201803;14309.32
3201902;19908.4
3202009;18333.31
3202108;14195.33
3202207;18058.93
3202256;15222.64
3202306;18334.27
3202405;17098.94
3202454;12898.65
3202504;18648.46
3202553;16506.04
3202603;20787.84
3202652;17627.35
3202702;16575.42
3202801;57370.27
3202900;18192.73
3203007;14480.7
3203056;16786.67
3203106;11263.91
3203130;20065.87
3203163;11655.36
3203205;31705.48
3203304;9506.24
3203320;29171.51
3203346;23083.88
3203353;17775.24
3203403;16475.97
3203502;17598.86
3203601;12931.95
3203700;16311.14
3203809;10783.05
3203908;19002.96
3204005;9047.41
3204054;11041.42
3204104;15474.98
3204203;16584.72
3204252;10517.49
3204302;169012.45
3204351;21030.04
3204401;15855.76
3204500;15562.7
3204559;26239.09
3204609;18035.85
3204658;25862.16
3204708;15153.52
3204807;15946.79
3204906;15983.29
3204955;14373.45
3205002;37088.81
3205010;17054.19
3205036;17863.8
3205069;22503.03
3205101;27509.98
3205150;16263.45
3205176;16515.54
3205200;23011.31
3205309;60427.74
3300100;47636.4
3300159;15055.48
3300209;19748.08
3300225;26229.6
3300233;46566.38
3300258;22531.94
3300308;20436.21
3300407;26346.46
3300456;16764.54
3300506;25701.24
3300605;19756.2
3300704;33969.57
3300803;18427.81
3300902;22554.23
3300936;19832.89
3300951;42356.06
3301009;35475.94
3301108;43895.79
3301157;26400.75
3301207;25480.86
3301306;27712.27
3301405;14909.49
3301504;16365.4
3301603;20979.33
3301702;44939.65
3301801;19198.29
3301850;15912.49
3301876;16153.08
3301900;18864.13
3302007;65107.78
3302056;22591.24
3302106;22115.6
3302205;25987.98
3302254;118552.79
3302270;12874.11
3302304;18261.17
3302403;73412.55
3302452;28428.33
3302502;15607.47
3302601;92773.55
3302700;39078.14
3302809;16158.35
3302858;13396.88
3302908;27470.61
3303005;17839.01
3303104;16767.72
3303203;16045.55
3303302;46202.31
3303401;25979.3
3303500;20625.93
3303609;19189.62
3303708;21056.32
3303807;30584.41
3303856;18309.81
3303906;42564.57
3303955;15248.92
3304003;70587.38
3304102;17507.39
3304110;137592.5
3304128;18183.44
3304144;32314.25
3304151;43048.94
3304201;50234.49
3304300;26627.87
3304409;18746.42
3304508;21096.86
3304524;35788.18
3304557;50690.82
3304607;16574.71
3304706;26154.88
3304755;23220.35
3304805;19392.35
3304904;16216.45
3305000;111529.4
3305109;20434.26
3305133;25346.29
3305158;21615.52
3305208;20714.33
3305307;20795.51
3305406;47111.47
3305505;26152.13
3305554;24602.97
3305604;18959.5
3305703;24476.1
3305752;17195.21
3305802;29997.09
3305901;18295.19
3306008;45958.79
3306107;27254.8
3306156;14922.88
3306206;27053.02
3306305;39679.43
3500105;32838.7
3500204;23911.98
3500303;21719.5
3500402;17688.07
3500501;24727.02
3500550;26362.59
3500600;41378.02
3500709;69828.53
3500758;15426.66
3500808;18074.69
3500907;48984.4
3501004;28541.39
3501103;24529.77
3501152;99392.72
3501202;24830.77
3501301;19024.25
3501400;9771.95
3501509;14823.57
3501608;44417.02
3501707;21643.91
3501806;16655.61
3501905;48680.71
3502002;29771.71
3502101;54270.98
3502200;34197.41
3502309;20118.47
3502408;16891.98
3502507;30760.41
3502606;22567.32
3502705;24498.9
3502754;103080.36
3502804;35797.47
3502903;20402.88
3503000;22763.73
3503109;20640.43
3503158;10289.63
3503208;39065.74
3503307;38412.06
3503356;27756.09
3503406;20317.67
3503505;9757.85
3503604;11717.73
3503703;69837.66
3503802;19388.74
3503901;55521.78
3503950;16808.44
3504008;27921.64
3504107;42412.58
3504206;19441.24
3504305;53431.32
3504404;26101.7
3504503;28025.47
3504602;19311.66
3504701;8535.38
3504800;20025.4
3504909;20068.92
3505005;20287.75
3505104;13925.31
3505203;41510.78
3505302;38128.22
3505351;14551.58
3505401;10286.62
3505500;36842.26
3505609;15185.41
3505708;177735.3
3505807;39033.19
3505906;27229.67
3506003;35577.22
3506102;41444.67
3506201;44106.36
3506300;18250.23
3506359;25674.73
3506409;24144.27
3506508;27389.84
3506607;23459.93
3506706;21317.01
3506805;87643.77
3506904;14349.1
3507001;45941.81
3507100;23407.62
3507159;12797.53
3507209;100029.91
3507308;42757.16
3507407;24720.06
3507456;23844.62
3507506;34339.02
3507605;31346.47
3507704;15873.08
3507753;274572.12
3507803;22582.08
3507902;28357.32
3508009;19528.74
3508108;30970.21
3508207;75887.45
3508306;18464.94
3508405;87725.88
3508504;38964.63
3508603;17202.31
3508702;16250.05
3508801;25039
3508900;13658.49
3509007;27897.02
3509106;13996.95
3509205;178670.47
3509254;36388.89
3509304;14085.49
3509403;21481.97
3509452;18521.39
3509502;49876.62
3509601;20515.77
3509700;23400.87
3509809;28307.64
3509908;16149.97
3509957;30668.16
3510005;29350.05
3510104;31697.4
3510153;20412.48
3510203;17535.99
3510302;14528.11
3510401;29907.83
3510500;23100.59
3510609;13218.19
3510708;16995.79
3510807;28207.64
3510906;54076.6
3511003;29524.83
3511102;32110.65
3511201;13450.24
3511300;30766.24
3511409;35531.7
3511508;37056.84
3511607;20966.88
3511706;16381.07
3511904;26394.01
3512001;62059.9
3512100;54670.46
3512209;23443.53
3512308;18466.68
3512407;96056.59
3512506;22589.03
3512605;15905.86
3512704;41125.16
3512803;19396.97
3512902;30850.27
3513009;47033.14
3513108;30163.95
3513207;21246.82
3513306;31800.1
3513405;24424.5
3513504;138153.22
3513603;9706.96
3513702;41764.12
3513801;31865.08
3513850;29611.09
3513900;23550.52
3514007;11337.93
3514106;25595.29
3514205;20261.42
3514304;78615.59
3514403;24326.29
3514502;17142.2
3514601;25206.39
3514700;20518.61
3514809;14561.67
3514908;34474.83
3514924;17926.03
3514957;19309.05
3515004;37832.19
3515103;15691.8
3515129;18741.24
3515152;23074.63
3515186;30140.43
3515194;15358.13
3515202;68319.5
3515301;30148.17
3515350;11689.99
3515400;22290.2
3515509;28882.59
3515608;28412.16
3515657;28885.48
3515707;15304.53
3515806;22168.4
3515905;18394.68
3516002;13293.3
3516101;43838.84
3516200;28108.23
3516309;8074.58
3516408;16661.58
3516507;21292.45
3516606;17968.98
3516705;24487.27
3516804;12848.93
3516853;182468
3516903;48234.52
3517000;15019.6
3517109;21302.04
3517208;15901.94
3517307;12751.97
3517406;95399.47
3517505;24986.51
3517604;29812.01
3517703;19333.63
3517802;30594.94
3517901;29937.88
3518008;15180.46
3518107;22115.08
3518206;38069.46
3518305;49785.35
3518404;35347.7
3518503;13307.71
3518602;30226.8
3518701;25224.38
3518800;40367.54
3518859;27492.67
3518909;12581.98
3519006;28896.01
3519055;66380.04
3519071;52570.87
3519105;56215.83
3519204;23150.97
3519253;16389.78
3519303;22849.38
3519402;18450.48
3519501;47003.22
3519600;23270.16
3519709;20750.45
3519808;50308.27
3519907;30175.51
3520004;11474.74
3520103;36465.62
3520202;18916.28
3520301;20333.94
3520400;91873.77
3520426;52999.97
3520442;21499.82
3520509;49861.28
3520608;12159.98
3520707;18324.5
3520806;31752.98
3520905;25058.43
3521002;13953.02
3521101;93626.98
3521150;16786.9
3521200;10155.91
3521309;22446.38
3521408;50771.27
3521507;18630.64
3521606;10225.93
3521705;32218.56
3521804;29331.5
3521903;36847.73
3522000;25664.53
3522109;16454.23
3522158;10752.82
3522208;22786.72
3522307;29339.86
3522406;25871.65
3522505;53634.91
3522604;46737.42
3522653;8082.46
3522703;27691.66
3522802;18522.5
3522901;45293.19
3523008;20925.19
3523107;18240.37
3523206;18374.14
3523305;13696.27
3523404;44580.54
3523503;13308.85
3523602;23278.9
3523701;12244.56
3523800;16244.19
3523909;45313.77
3524006;84277.15
3524105;30266.17
3524204;20466.28
3524303;35019.92
3524402;43735.14
3524501;58703.27
3524600;24919.81
3524709;158703.96
3524808;26810.58
3524907;44348.46
3525003;28454.96
3525102;23899.44
3525201;70617.6
3525300;29873.78
3525409;30240.12
3525508;15749.4
3525607;35767.38
3525706;34431.94
3525805;10823.59
3525854;22526.58
3525904;98049.82
3526001;47068.18
3526100;17953.89
3526209;14348.63
3526308;11629.45
3526407;31815.57
3526506;13460.71
3526605;14740.71
3526704;29326.69
3526803;36824.98
3526902;37057.35
3527009;19990.11
3527108;55070.04
3527207;26852.97
3527256;16755.3
3527306;250827.01
3527405;18542.56
3527504;22460.63
3527603;74444.27
3527702;12438.45
3527801;11416.47
3527900;32273.06
3528007;36621.93
3528106;17767.27
3528205;19178.36
3528304;21246.6
3528403;38941.79
3528502;17441.73
3528601;18494.25
3528700;26501.1
3528809;36926.11
3528858;146456.19
3528908;13780.63
3529005;31473.42
3529104;14394.98
3529203;21600.06
3529302;45441.41
3529401;30509
3529500;41393.06
3529609;184602.58
3529658;26088.05
3529708;49278.71
3529807;12835.54
3529906;20369.11
3530003;18344.76
3530102;20960.79
3530201;48027.27
3530300;30038.14
3530409;18210.89
3530508;28127.42
3530607;33602.58
3530706;33665.99
3530805;46512.31
3530904;19354.6
3531001;31663.66
3531100;17115.56
3531209;24612.81
3531308;35154.66
3531407;25992.18
3531506;25470.81
3531605;21414.11
3531704;12828.99
3531803;40134.15
3531902;38855.69
3532009;30316.36
3532058;17702.09
3532108;13224.34
3532157;31673.75
3532207;48835.62
3532306;9808.62
3532405;17291.09
3532504;20913.11
3532603;25062.32
3532702;17638.77
3532801;17755.46
3532827;30175.15
3532843;17285.14
3532868;33468.35
3532900;29598.27
3533007;20033.57
3533106;12788.73
3533205;33785.37
3533254;8940.83
3533304;11081.96
3533403;48867.19
3533502;31255.3
3533601;64231.96
3533700;22459.31
3533809;34129.59
3533908;35365.77
3534005;47749.58
3534104;15119.42
3534203;67015.87
3534302;37186.74
3534401;106841.78
3534500;32076.14
3534609;29901.68
3534708;24968.65
3534757;43578.73
3534807;11853.79
3534906;14216.64
3535002;45615.66
3535101;8744.25
3535200;19622.88
3535309;27670.81
3535408;16381.45
3535507;26291.19
3535606;14042.3
3535705;36932.83
3535804;32957.63
3535903;20391.86
3536000;26859.95
3536109;44771.78
3536208;25956.61
3536257;17352.37
3536307;62536.82
3536406;81400.91
3536505;314637.69
3536570;16802.89
3536604;25430.72
3536703;36941.61
3536802;12135.78
3536901;21793.53
3537008;50159.26
3537107;24386.64
3537156;33024.83
3537206;12339.71
3537305;27010.39
3537404;31802.91
3537503;18088.66
3537602;18066.2
3537701;17357.2
3537800;21416.61
3537909;20842.71
3538006;41328.58
3538105;18525.51
3538204;16151.3
3538303;15107.21
3538501;10564.93
3538600;16537.87
3538709;54656.57
3538808;20256.69
3538907;15954.78
3539004;22339.34
3539103;14980.96
3539202;26952.95
3539301;32978.62
3539400;14610.61
3539509;26673.78
3539608;54427.24
3539707;22182.07
3539806;37885.61
3539905;20742.68
3540002;49748.23
3540101;21493.65
3540200;22094.38
3540259;16578.68
3540309;58265.54
3540408;21651.45
3540507;18076.57
3540606;31387.01
3540705;31674.93
3540754;8200.44
3540804;30081.16
3540853;7309.6
3540903;36517.85
3541000;20285.44
3541059;19929.08
3541109;18302.47
3541208;18773.35
3541307;23820.74
3541406;33101.42
3541505;17767.62
3541604;71619.02
3541653;24957.37
3541703;32791.62
3541802;133036.07
3541901;18624.79
3542008;23500.04
3542107;33913.11
3542206;38668.19
3542305;13717.38
3542404;30809.19
3542503;14651.05
3542602;32358.84
3542701;24005.35
3542800;14880.43
3542909;17422.7
3543006;23377.9
3543105;24406.16
3543204;28597.68
3543238;17800.82
3543253;21635.97
3543303;24947.07
3543402;44463.8
3543501;10120.74
3543600;23947.27
3543709;16111.67
3543808;21669.79
3543907;43966.89
3544004;33306.82
3544103;11831.25
3544202;17148.57
3544251;123171.63
3544301;25823.08
3544400;18854.87
3544509;22035.61
3544608;21452.92
3544707;16684.57
3544806;21449.82
3544905;27770.45
3545001;11669.96
3545100;13440.12
3545159;24936.83
3545209;53864.05
3545308;28731.77
3545407;23400.79
3545506;143674.04
3545605;19626.61
3545704;31782.25
3545803;26590.27
3546009;17224.14
3546108;24072.47
3546207;30071.5
3546256;24046.86
3546306;13688.36
3546405;42021.86
3546504;15710.17
3546603;30257.7
3546702;51604.64
3546801;22328.98
3546900;11491.33
3547007;19060.12
3547106;20832.47
3547205;21581.49
3547304;65644.99
3547403;21852.83
3547502;22579.86
3547601;28196.33
3547650;20871.31
3547700;18873.78
3547809;36249.85
3547908;22094.3
3548005;39295.21
3548054;38820.77
3548104;25020.88
3548203;14222.23
3548302;10971.88
3548401;13067.33
3548500;50544.73
3548609;16414.83
3548708;51239.64
3548807;83656.3
3548906;41281.81
3549003;16403.07
3549102;30716.49
3549201;13641.75
3549250;16045.26
3549300;22693.37
3549409;28983.75
3549508;17042.14
3549607;11594.27
3549706;30971.46
3549805;35230.47
3549904;53615.25
3549953;12812.82
3550001;13396.68
3550100;27514.47
3550209;19753.6
3550308;57071.43
3550407;19600.54
3550506;25581.29
3550605;28920.64
3550704;41724.54
3550803;25448.6
3550902;29386.95
3551009;14096.68
3551108;13396.77
3551207;17169.58
3551306;253147.24
3551405;10651.27
3551504;20392.27
3551603;23411.1
3551702;42168.34
3551801;28053.09
3551900;36072.58
3552007;10192
3552106;18734.78
3552205;46888.51
3552304;37772.91
3552403;44750.01
3552502;32871.69
3552551;81964.79
3552601;21014.42
3552700;14725.46
3552809;30259.41
3552908;21170.25
3553005;14667.4
3553104;12836.38
3553203;17950.69
3553302;21057.44
3553401;46937.07
3553500;18043.86
3553609;22252.66
3553658;14072.9
3553708;24057.32
3553807;26924.91
3553856;35787.04
3553906;13465.76
3553955;78512.45
3554003;31158.75
3554102;46320.15
3554201;18124.58
3554300;47215.08
3554409;14063.82
3554508;42709.38
3554607;18125.32
3554656;9561.64
3554706;20207.05
3554755;25831.15
3554805;14456.43
3554904;16299.91
3554953;16636.12
3555000;25424.12
3555109;17118.53
3555208;19411.11
3555307;29157.67
3555356;73629.22
3555406;20447.3
3555505;19503.65
3555604;31118.59
3555703;25374.17
3555802;19907.64
3555901;39012.15
3556008;24917.4
3556107;26902.92
3556206;41711.77
3556305;45386.68
3556354;10310.74
3556404;21192.61
3556453;35231.35
3556503;20044.5
3556602;11228.93
3556701;106027
3556800;15769.82
3556909;42563.46
3556958;17512.27
3557006;36917.03
3557105;29120.96
3557154;29149.67
3557204;16066.88
3557303;21331.37
4100103;21173.6
4100202;37991.47
4100301;18512.84
4100400;12234.31
4100459;22829.16
4100509;15299.82
4100608;18476.66
4100707;24675.48
4100806;21927.92
4100905;17072.54
4101002;28076.86
4101051;30163.78
4101101;32926.94
4101150;30376.64
4101200;27049.43
4101309;21840.93
4101408;22541.31
4101507;34462.7
4101606;37589.39
4101655;28678.58
4101705;31904.76
4101804;125342.73
4101853;33952.58
4101903;24523.78
4102000;33984.71
4102109;23835.88
4102208;27717.61
4102307;48615.08
4102406;21227.93
4102505;16225.81
4102604;24529.14
4102703;30164.4
4102752;25259.01
4102802;28752.24
4102901;17642.5
4103008;47793.42
4103024;31252.66
4103040;30408.94
4103057;16871.1
4103107;15866.17
4103156;19339.16
4103206;16107.76
4103222;67348.5
4103305;23531.95
4103354;31587.83
4103370;60288.94
4103404;21779.97
4103453;89241.06
4103479;18793.74
4103503;16249.61
4103602;25990.45
4103701;34469.94
4103800;23014.14
4103909;29148.63
4103958;20321.32
4104006;27283.22
4104055;38487.93
4104105;20538.61
4104204;30318.28
4104253;12781.85
4104303;36001.6
4104402;18562.74
4104428;30660.05
4104451;17136.94
4104501;34197.13
4104600;94484.79
4104659;59507.51
4104709;19314.56
4104808;34106.93
4104907;35232.68
4105003;26144.6
4105102;18467.41
4105201;14650.89
4105300;49181.3
4105409;30462.97
4105508;31698.92
4105607;26673.21
4105706;26891.55
4105805;19883.1
4105904;24505.15
4106001;20007.76
4106100;26518.05
4106209;19401.11
4106308;35649.25
4106407;28964.09
4106456;22518.77
4106506;28680.06
4106555;16829.22
4106571;25281.56
4106605;31422.72
4106704;39061.29
4106803;16256.07
4106852;30552.09
4106902;44239.2
4107009;15224.05
4107108;58039.48
4107124;14605.85
4107157;19427.51
4107207;37445.14
4107256;58912.77
4107306;25031.98
4107405;35376.39
4107504;27753.68
4107520;23780.46
4107538;50824.57
4107546;26163.12
4107553;43913.7
4107603;23925.36
4107652;21982.96
4107702;28270.34
4107736;25392.51
4107751;17618.62
4107801;30942.98
4107850;25222.19
4107900;27684.95
4108007;20375.51
4108106;21075.14
4108205;38335.13
4108304;50727.72
4108320;28626.89
4108403;32465.67
4108452;20412.34
4108502;21201.95
4108551;13611.73
4108601;26115.53
4108650;22052.81
4108700;18953.48
4108809;27249.19
4108908;28578.25
4108957;22437.02
4109005;28385.08
4109104;23651.3
4109203;19286.8
4109302;25189.53
4109401;29319.05
4109500;13145.57
4109609;21129.77
4109658;31274.57
4109708;18982.34
4109757;21670.88
4109807;43888.38
4109906;23323.92
4110003;31259.59
4110052;27077.25
4110078;16241
4110102;23094.71
4110201;13891.23
4110300;17296.82
4110409;111938.99
4110508;26300.79
4110607;24207.87
4110656;30412.08
4110706;26207.22
4110805;21255.55
4110904;20066.03
4110953;34702.57
4111001;18249.92
4111100;27653.91
4111209;41342.93
4111258;16676.75
4111308;21640.89
4111407;20708.79
4111506;21647.55
4111555;24040.05
4111605;33659.2
4111704;16460.61
4111803;28376.66
4111902;54956.68
4112009;39966.17
4112108;27970.2
4112207;27858.29
4112306;19323.28
4112405;22224.25
4112504;19017.93
4112603;25825.96
4112702;15409.63
4112751;35794.23
4112801;45033.39
4112900;28511.89
4112959;43477.59
4113007;30532.36
4113106;21395.49
4113205;36516.6
4113254;13044.23
4113304;21565.12
4113403;28888.26
4113429;21260.01
4113452;33297.46
4113502;21691.81
4113601;37499.9
4113700;33374.97
4113734;32354.84
4113759;14537.91
4113809;18910.61
4113908;44357.89
4114005;38103.2
4114104;23082.56
4114203;38756.41
4114302;21729.5
4114351;18818.19
4114401;98109.15
4114500;25990.55
4114609;40515.59
4114708;17156.83
4114807;39643.95
4114906;29497.55
4115002;15734.74
4115101;20095.74
4115200;39996.43
4115309;35812
4115358;62758.16
4115408;27679.52
4115457;16512.27
4115507;14258.75
4115606;43049.9
4115705;28604.66
4115739;20967.86
4115754;27359.35
4115804;37026.48
4115853;36746.26
4115903;37401.05
4116000;21446.17
4116059;30479.97
4116109;19092.63
4116208;18312.44
4116307;21592.97
4116406;17712.27
4116505;25650.15
4116604;24108.33
4116703;45658.04
4116802;30397.32
4116901;23564.11
4116950;20473.95
4117008;24857.57
4117057;16492.38
4117107;22544.45
4117206;12963.73
4117214;17483.72
4117222;38220.82
4117255;28179.36
4117271;18827.44
4117297;20890.72
4117305;52276.46
4117404;28114.74
4117453;28160.13
4117503;19421.23
4117602;22042.21
4117701;38183.1
4117800;17060.28
4117909;62619.57
4118006;24572.7
4118105;27491.68
4118204;54723.35
4118303;19122.19
4118402;25539.56
4118451;28117.54
4118501;41713.58
4118600;41634.65
4118709;36780.4
4118808;21718.28
4118857;26121.83
4118907;32119.07
4119004;23719.02
4119103;56085.51
4119152;41998.58
4119202;24623.87
4119251;17409.84
4119301;58776.09
4119400;27257.63
4119509;10678.89
4119608;25328.96
4119657;21874.69
4119707;22724.66
4119806;21421.76
4119905;38035.14
4119954;19067.06
4120002;45556.58
4120101;21135.56
4120150;24807.69
4120200;23586.69
4120309;14025.29
4120333;27104.01
4120358;34444.59
4120408;21108.68
4120507;24103.4
4120606;20371.89
4120655;46240.7
4120705;23746.19
4120804;55692.28
4120853;39847.7
4120903;38178.85
4121000;16295.05
4121109;34073.49
4121208;16390.6
4121257;19151.9
4121307;25005.64
4121356;49434.14
4121406;33882.73
4121505;21768.39
4121604;36089.39
4121703;21269.62
4121752;18755.37
4121802;43752.23
4121901;15788.95
4122008;31664.24
4122107;17628.66
4122156;20415.35
4122172;20551.76
4122206;33204.48
4122305;30103.68
4122404;38395.06
4122503;33900.68
4122602;28183.56
4122651;15812.25
4122701;52950.19
4122800;25063.62
4122909;18031.81
4123006;23322.99
4123105;19198.42
4123204;30299.19
4123303;32354.87
4123402;20214.06
4123501;33334.01
4123600;24405.3
4123709;19377.3
4123808;19986.59
4123824;27734.97
4123857;16489.88
4123907;25946.87
4123956;19146.16
4124004;18721.81
4124020;34350.77
4124053;23038.87
4124103;22114.69
4124202;16502.44
4124301;28373.94
4124400;24252.64
4124509;68161.59
4124608;39246.01
4124707;17682.38
4124806;61310
4124905;17734.02
4125001;21861.93
4125100;30780.46
4125209;27420.61
4125308;46185.93
4125357;18344.53
4125407;23390.59
4125456;21429.81
4125506;66531.31
4125555;22979.56
4125605;26537.52
4125704;37343.23
4125753;28184.41
4125803;24062.21
4125902;26809.76
4126009;21107.67
4126108;28890.22
4126207;14212.29
4126256;15514.11
4126272;148439.7
4126306;23178.86
4126355;41063.41
4126405;46202.41
4126504;34587.73
4126603;23247.54
4126652;28493.46
4126678;19025.14
4126702;20905.58
4126801;28357.67
4126900;20776.01
4127007;28166.74
4127106;44278
4127205;23616.2
4127304;19978.34
4127403;36596.92
4127502;43400.72
4127601;21838.91
4127700;40433.37
4127809;19995.67
4127858;24942.69
4127882;13594.37
4127908;20701.61
4127957;39132.78
4127965;27483.75
4128005;41299.3
4128104;28924.83
4128203;24911.77
4128302;22594.64
4128401;20740.38
4128500;24319.16
4128534;20722.91
4128559;26852.36
4128609;35820.34
4128625;27446.02
4128633;11518.45
4128658;23445.19
4128708;51042.23
4128807;14200.33
4200051;24739.02
4200101;33982.7
4200200;21655.48
4200309;25766.21
4200408;44510.37
4200507;15732.48
4200556;36583.79
4200606;23615.37
4200705;27437.14
4200754;24711.01
4200804;23428.62
4200903;22731.72
4201000;18048.22
4201109;18412.11
4201208;72874.82
4201257;37073.34
4201273;24947.76
4201307;94595.1
4201406;23676.35
4201505;19685.87
4201604;25248.49
4201653;40416.71
4201703;20143.89
4201802;29655.99
4201901;26025.33
4201950;11921.26
4202008;37429.03
4202057;17487.39
4202073;12680.75
4202081;22581
4202099;21793.13
4202107;47982.39
4202131;24426.18
4202156;18336.12
4202206;22641.53
4202305;23224.36
4202404;44791.08
4202438;20560.29
4202453;32847.65
4202503;24917.01
4202537;32928.1
4202578;19886
4202602;28696.79
4202701;49685.15
4202800;31503.29
4202859;38112.97
4202875;29446.39
4202909;41682.64
4203006;35548.52
4203105;29679.96
4203154;22803.44
4203204;15807.64
4203253;38863.63
4203303;32339.01
4203402;28969.61
4203501;30017.15
4203600;55186.5
4203709;14005.49
4203808;26851.08
4203907;35210.55
4203956;26576.62
4204004;38311.04
4204103;27654.56
4204152;20913.04
4204178;25694.57
4204194;24136.93
4204202;39693.55
4204251;36835.93
4204301;39910.16
4204350;44261.76
4204400;25381.9
4204459;19261.62
4204509;24768.34
4204558;42362.66
4204608;32968.64
4204707;46566.51
4204756;20914.09
4204806;31046.22
4204905;26112.59
4205001;26012.7
4205100;21806.13
4205159;24748.82
4205175;16199.91
4205191;38071.92
4205209;28430.22
4205308;37467.35
4205357;25415.13
4205407;39048.21
4205431;20179.36
4205456;27917.23
4205506;26208.44
4205555;27505.54
4205605;25623.68
4205704;22159.16
4205803;38676.33
4205902;36880.96
4206009;19003.35
4206108;30493.9
4206207;17933.79
4206306;36803.64
4206405;26853.24
4206504;34929.59
4206603;29030.32
4206652;50990.53
4206702;17641.78
4206751;24218.78
4206801;28680.75
4206900;20913.82
4207007;34931.3
4207106;46244.25
4207205;16139.24
4207304;31256.53
4207403;21494.9
4207502;35543.26
4207577;33445.1
4207601;17634.55
4207650;27449.07
4207684;31776.01
4207700;41148.54
4207759;23651.73
4207809;19244.69
4207858;19621.14
4207908;29399.46
4208005;34909.53
4208104;31930.85
4208203;92266.86
4208302;26725.94
4208401;43776.97
4208450;32918.05
4208500;31680.22
4208609;30951.39
4208708;27414.94
4208807;23615.4
4208906;46429.86
4208955;27650.79
4209003;50765.38
4209102;44268.54
4209151;20165.92
4209177;24925.46
4209201;39517.04
4209300;29930.95
4209409;17431.53
4209458;26110.11
4209508;37552.83
4209607;21156.89
4209706;20179.35
4209805;24247.23
4209854;28149.16
4209904;23160.2
4210001;44253.38
4210035;27298.23
4210050;30867.6
4210100;26121.34
4210209;13537.01
4210308;23571.55
4210407;24075.11
4210506;38832.95
4210555;30845.74
4210605;31412.08
4210704;17150.36
4210803;32050.02
4210852;20709.75
4210902;26893.16
4211009;45586.82
4211058;16408.47
4211108;19824.65
4211207;34043.59
4211256;60346.88
4211306;43841.66
4211405;33568.58
4211454;24882.29
4211504;36644.68
4211603;49675.02
4211652;33716.35
4211702;37394.12
4211751;34900.89
4211801;20318.63
4211850;38758.84
4211876;22516.65
4211892;24399.02
4211900;27123.36
4212007;28897.39
4212056;39525.15
4212106;33311.74
4212205;25766.46
4212239;24914.91
4212254;15132.64
4212270;28972.25
4212304;23731.3
4212403;32940.31
4212502;20660.81
4212601;28131.01
4212650;8341.33
4212700;26825.43
4212809;27970.84
4212908;49338.21
4213005;43582.24
4213104;180824.63
4213153;19473.62
4213203;53900.83
4213302;21363.49
4213351;22640.83
4213401;19001.89
4213500;44755.67
4213609;17507.81
4213708;29398.98
4213807;19011.57
4213906;29544.91
4214003;30609.65
4214102;23077.22
4214151;22888.08
4214201;35329.65
4214300;37456.18
4214409;26765.66
4214508;23976.02
4214607;26416.48
4214706;24500.23
4214805;33250.84
4214904;50246.61
4215000;23848.09
4215059;20094.07
4215075;19390.38
4215109;22705.68
4215208;15682.31
4215307;21770.71
4215356;17329
4215406;38436.75
4215455;20777.27
4215505;21635.89
4215554;28855.13
4215604;22136.1
4215653;15501.69
4215679;21237.59
4215687;17929.93
4215695;23944.05
4215703;33491.38
4215752;23538.58
4215802;32369.89
4215901;18976.25
4216008;26395.58
4216057;21761.89
4216107;34322.77
4216206;72367.97
4216255;32353.49
4216305;22200.52
4216354;40621.86
4216404;21883.61
4216503;33314.98
4216602;41960.75
4216701;27763.08
4216800;31512.08
4216909;34299.24
4217006;46373.72
4217105;23791.75
4217154;18675.08
4217204;34386.24
4217253;13416.39
4217303;29447.42
4217402;21794.03
4217501;43304.05
4217550;33092.02
4217600;28973.54
4217709;23009.19
4217758;31764.87
4217808;28907.68
4217907;44834.07
4217956;21364.1
4218004;38445.27
4218103;20238.34
4218202;40483.91
4218251;24357.5
4218301;47777.57
4218350;53292.86
4218400;20151.13
4218509;73993.56
4218608;31113.68
4218707;32903.9
4218756;24591.83
4218806;39153.11
4218855;21532.97
4218905;23243.66
4218954;26514.13
4219002;34909.93
4219101;32044.89
4219150;22824.96
4219176;72899.99
4219200;38086.77
4219309;41596.26
4219358;20188.17
4219408;28098
4219507;31147.64
4219606;46103.03
4219705;30263.25
4219853;20526.44
4220000;17788.63
4300034;52913.18
4300059;73762.48
4300109;24771.79
4300208;35748.66
4300307;14880.75
4300406;23689.07
4300455;26144.19
4300471;66107.46
4300505;59940.16
4300554;36389.16
4300570;27415.76
4300604;12166.04
4300638;16172.45
4300646;12203.19
4300661;95030.75
4300703;30141.67
4300802;38633.71
4300851;35069.8
4300877;28426.24
4300901;144218.51
4301008;48603.18
4301057;21822.84
4301073;17470.76
4301107;15646.31
4301206;23226.69
4301305;26232.39
4301404;23066.12
4301503;41918.54
4301552;28130.87
4301602;21930.77
4301636;15606.11
4301651;29997.01
4301701;28220.57
4301750;15212.71
4301800;38442.96
4301859;12562.33
4301875;41392.48
4301909;23577.62
4301925;25997.4
4301958;45693.02
4302006;16048.05
4302055;14024.81
4302105;47657.58
4302154;62147.83
4302204;27375.95
4302220;92160.18
4302238;68652.32
4302253;22774.22
4302303;28060.1
4302352;40058.32
4302378;24879.04
4302402;20372.11
4302451;14498.31
4302501;42327.58
4302584;47728.66
4302600;21618.54
4302659;16199.19
4302709;19791.29
4302808;21856.5
4302907;22585.03
4303004;27143.23
4303103;41565.54
4303202;19941.21
4303301;33168.05
4303400;19264.28
4303509;27736.29
4303558;63841.64
4303608;21321.52
4303673;41237.08
4303707;24136.13
4303806;37138.53
4303905;44103.68
4304002;36444.3
4304101;25741.85
4304200;21711.46
4304309;33333.8
4304358;48954.2
4304408;22968.73
4304507;19013.48
4304606;56995.33
4304614;23718.9
4304622;76861.48
4304630;27330.71
4304655;80672.37
4304663;20054.42
4304671;49985.39
4304689;16674.85
4304697;22380.23
4304705;42532.6
4304713;12158.07
4304804;72125.21
4304853;23543.23
4304903;43680.15
4304952;37753.69
4305009;36997.55
4305108;44007.35
4305116;24113.98
4305124;13605.5
4305132;14506.57
4305157;21229.74
4305173;14794.44
4305207;45330.48
4305306;45827.63
4305355;29205.05
4305371;22874.62
4305405;49217.66
4305439;29788.92
4305447;21993.01
4305454;17487.52
4305504;26216.48
4305587;27180.24
4305603;52893.71
4305702;50069.74
4305801;26350.06
4305835;21240.49
4305850;42256.02
4305871;41098.17
4305900;39577.83
4305934;20203.53
4305959;30623.82
4305975;71840.72
4306007;22248.46
4306056;21051.3
4306072;19164.74
4306106;52062.77
4306130;35555.31
4306205;25941.86
4306304;25831.88
4306320;24810.53
4306353;14029.85
4306379;39343.83
4306403;53672.39
4306429;51287.28
4306452;26180.85
4306502;14798.63
4306551;18869.89
4306601;29405.65
4306700;19846.11
4306734;36120.83
4306759;28414.2
4306767;36188.28
4306809;34921.24
4306908;21889.73
4306924;38904.14
4306932;38038.62
4306957;63805.22
4306973;31661.36
4307005;43052.17
4307054;44745.53
4307104;16656.4
4307203;17494.58
4307302;32005.7
4307401;58588.44
4307450;20843.04
4307500;42421.91
4307559;36690.69
4307609;30009.41
4307708;40413.26
4307807;37884.84
4307815;30931.57
4307831;70514.69
4307864;28752.95
4307906;44752.07
4308003;24766.38
4308052;25383.12
4308078;27297.55
4308102;29020.64
4308201;46113.35
4308250;27109.6
4308300;16626.41
4308409;23523.94
4308433;16855.27
4308458;62245.36
4308508;32230.6
4308607;52612.99
4308656;36529.52
4308706;33403.02
4308805;16955.88
4308854;66636.34
4308904;30200.99
4309001;42423.42
4309050;47492.23
4309100;51082.22
4309126;19704.15
4309159;17727.49
4309209;36629.74
4309258;45508.2
4309308;56111.13
4309407;31402.55
4309506;35404.92
4309555;31454.63
4309571;17397.14
4309605;63063.89
4309654;24073.53
4309704;27064.84
4309753;17894.79
4309803;41791.91
4309902;36228.82
4309951;26750.55
4310009;47580.93
4310108;44903.78
4310207;36686.17
4310306;27850.19
4310330;21342.58
4310363;58699.05
4310405;37854.44
4310413;25411.14
4310439;33982.44
4310462;46011.74
4310504;19594.99
4310538;16287.26
4310553;26648.59
4310579;21704.43
4310603;29382.73
4310652;30536.77
4310702;15855.25
4310751;23469.7
4310801;42027.94
4310850;23004.87
4310876;39895.26
4310900;37839.36
4311007;22271.08
4311106;19827.75
4311122;16587.33
4311130;51723.72
4311155;46616.31
4311205;53494.43
4311239;18278.91
4311254;14456.65
4311270;52140.27
4311304;35311.65
4311403;44199.92
4311429;19072.51
4311502;31583.33
4311601;21346.9
4311627;55523.23
4311643;33408.66
4311700;27770.6
4311718;49335.44
4311734;17139.04
4311759;30185.78
4311775;16948.76
4311791;36295.22
4311809;43573.82
4311908;22170.12
4311981;21054.07
4312005;22091.03
4312054;19976.48
4312104;20897.81
4312138;40721.63
4312153;33241.8
4312179;30220.77
4312203;21810.68
4312252;21159.75
4312302;26637.08
4312351;36427.15
4312377;21913.91
4312385;46022.45
4312401;46409.32
4312427;28857.51
4312443;19494.98
4312450;14661.03
4312476;26210.21
4312500;25843.96
4312609;48616.83
4312617;162877.51
4312625;25968.75
4312658;59656.17
4312674;48645.27
4312708;29239.75
4312757;42936.12
4312807;66546.83
4312906;70114.37
4312955;42096.64
4313003;28450.19
4313011;46522.93
4313037;26218.03
4313060;33832.41
4313086;26630.39
4313102;42189.97
4313201;34342.98
4313300;42654.73
4313334;50841.15
4313359;41033.47
4313375;44796.14
4313391;19885.33
4313409;34620.19
4313425;31315.46
4313441;22781.02
4313466;28815.7
4313490;19798.23
4313508;29614.09
4313607;25386.01
4313656;36091.15
4313706;38153.39
4313805;24897.14
4313904;41950.67
4313953;27529.65
4314001;35632.8
4314027;18659.62
4314035;22775.25
4314050;20380.15
4314068;15207.34
4314076;25919.9
4314100;42459.59
4314134;39762.11
4314159;19168.75
4314175;44081.8
4314209;15543.65
4314308;63426.23
4314407;22629.54
4314423;59355.77
4314456;27214.42
4314464;181845.18
4314472;90435.74
4314498;15282.37
4314506;22099.4
4314548;18184.45
4314555;21911.32
4314605;16600.58
4314704;17189.3
4314753;30461.44
4314779;60342.82
4314787;30413.39
4314803;34705.95
4314902;49577.53
4315008;19229.26
4315057;22641.95
4315073;18150.69
4315107;14349.55
4315131;22787.6
4315149;38296.04
4315156;18375.13
4315172;25409.64
4315206;21841.6
4315305;17819.01
4315313;62745.52
4315321;52136.19
4315354;35748.59
4315404;14591.76
4315453;22403.94
4315503;24672.07
4315552;23464.65
4315602;36816.67
4315701;22585.86
4315750;25480.83
4315800;40074.49
4315909;26465.22
4315958;38561.19
4316006;26156.99
4316105;29381.26
4316204;33583.91
4316303;84046.58
4316402;21192.99
4316428;21773.5
4316436;50359.87
4316451;45616.54
4316477;39691.91
4316501;37226.95
4316600;30978.92
4316709;72531.98
4316733;43398.31
4316758;37195.29
4316808;63536.14
4316907;24596.22
4316956;34034.92
4316972;72488.38
4317004;22867.14
4317103;27878.48
4317202;35597.73
4317251;20545.11
4317301;27715.9
4317400;23542.16
4317509;28239.1
4317558;31598.84
4317608;26106.68
4317707;27451.78
4317756;50487.58
4317806;36167.31
4317905;32419.23
4317954;29193.18
4318002;26740.4
4318051;19556.84
4318101;22558.99
4318200;28967.51
4318309;24697.46
4318408;24006.46
4318424;25240.06
4318432;27736.22
4318440;28773.45
4318457;20933.12
4318465;22435.54
4318481;28606.61
4318499;36786.36
4318507;14288.96
4318606;37718.45
4318614;25400.1
4318622;31209.98
4318705;31853.01
4318804;23237.81
4318903;32129.27
4319000;30168.25
4319109;34722.45
4319125;52535.08
4319158;61757.15
4319208;23697.74
4319307;22963.13
4319356;18570.82
4319364;32121.96
4319372;30700.76
4319406;20113.24
4319505;24981.4
4319604;30301.78
4319703;26185.65
4319711;23010.26
4319737;21519.58
4319752;30133.44
4319802;27160.9
4319901;37456.52
4320008;22514.85
4320107;34589.72
4320206;28600.34
4320230;29689.79
4320263;15893
4320305;41068.96
4320321;32238.2
4320354;16401.23
4320404;38302.88
4320453;17689.29
4320503;42642.3
4320552;25805.62
4320578;32300.18
4320602;25436.95
4320651;20686.17
4320677;18911.58
4320701;22613.39
4320800;23916.29
4320859;16936.44
4320909;36329.19
4321006;36693.27
4321105;19591.84
4321204;22251.35
4321303;25431.11
4321329;31644.47
4321352;14992.68
4321402;25710.72
4321436;18330.61
4321451;35871.81
4321469;38681.3
4321477;19318.23
4321493;22232.33
4321501;27993.21
4321600;19168.53
4321626;26335.04
4321634;26388.4
4321667;20549.25
4321709;36661.69
4321808;38114.5
4321832;19794.79
4321857;30115.98
4321907;28200.01
4321956;26122.39
4322004;289932.05
4322103;33423.09
4322152;15013.2
4322186;28841.55
4322202;48195.3
4322251;100569.99
4322301;31561.72
4322327;23918.6
4322343;26630.85
4322350;39706.06
4322376;24540.82
4322400;20522.98
4322509;32918.16
4322525;23293.65
4322533;19464.15
4322541;23202.35
4322558;26558.02
4322608;39533.6
4322707;23644.35
4322806;46498.89
4322855;32921.59
4322905;30116.66
4323002;13126.06
4323101;19030.9
4323200;51508.64
4323309;44634.7
4323358;44869.59
4323408;46318.73
4323457;26538.88
4323507;24906.86
4323606;33319.6
4323705;22371.8
4323754;24748.9
4323770;42682.85
4323804;32906.5
5000203;75878.35
5000252;30702.58
5000609;23076.05
5000708;16593.34
5000807;24011.28
5000856;60899.26
5000906;22889.34
5001003;36108.34
5001102;18568.37
5001243;50236.19
5001508;47706.61
5001904;33791.65
5002001;30696.44
5002100;19855.9
5002159;25000.8
5002209;29857.75
5002308;40947.84
5002407;43288.69
5002605;28810.57
5002704;29442.66
5002803;19812.34
5002902;24042.01
5002951;64356.21
5003108;19160.67
5003157;12256.71
5003207;24061.55
5003256;75311.86
5003306;24575.12
5003454;19328.24
5003488;17519.6
5003504;19893.06
5003702;36320.62
5003751;26666.26
5003801;21019.15
5003900;31722.63
5004007;17352.4
5004106;21922.81
5004304;25344.6
5004403;32096.52
5004502;28051.37
5004601;30221
5004700;45022.01
5004809;11836.64
5004908;38322.73
5005004;20781.89
5005103;63280.38
5005152;42057.73
5005202;12464.41
5005251;57689.46
5005400;52514.89
5005608;16946.03
5005681;23906
5005707;28749.51
5005806;17682.01
5006002;70601.27
5006200;35268.78
5006259;38315.48
5006275;92163.92
5006309;28129
5006358;12064.68
5006408;26382.55
5006606;29334.28
5006903;18668.92
5007109;38908.72
5007208;62114.47
5007307;19257.75
5007406;21838.39
5007505;33139.35
5007554;52156.75
5007695;60764.83
5007703;19635.58
5007802;306138.63
5007901;28426.58
5007935;34566.46
5007950;17173.72
5007976;30366.32
5008008;22658.51
5008305;79911.85
5008404;34662.25
5100102;13362.95
5100201;37449.63
5100250;31623.8
5100300;50298.54
5100359;16877.29
5100409;51515.18
5100508;10060.57
5100607;104237.7
5100805;13872.22
5101001;23880.4
5101209;19395.16
5101258;25725.3
5101308;17256.01
5101407;32753.74
5101605;11066.77
5101704;35540
5101803;29773.13
5101852;42323.8
5101902;44624.75
5102504;18911.2
5102603;16932.06
5102637;86709.75
5102678;60604.23
5102686;202309.42
5102694;31345.42
5102702;50430.17
5102793;15509.98
5102850;16226.13
5103007;32950.22
5103056;32264.33
5103106;25801.78
5103205;27128.23
5103254;13256.05
5103304;28116.37
5103353;24268.84
5103361;22125.95
5103379;10501.6
5103403;37930.34
5103437;22055.97
5103452;46645.93
5103502;104092.58
5103601;42370.03
5103700;28302.55
5103809;17211.74
5103858;49852.67
5103908;46225.42
5103957;23742.42
5104104;19771.72
5104203;25825.95
5104500;23080.27
5104526;89906.55
5104542;33881.91
5104559;43628.99
5104609;91162.75
5104807;33695.83
5104906;28100.03
5105002;29144.31
5105101;23148.19
5105150;24006.82
5105176;11933.08
5105200;27593.86
5105234;30246.61
5105259;62202.25
5105309;13808.95
5105507;27536.04
5105580;25172.86
5105606;39015.2
5105622;23061.55
5105903;35667.87
5106000;19405.78
5106109;17131.56
5106158;13515.26
5106174;17045.86
5106182;26820.22
5106190;36942.35
5106208;19047.64
5106216;29564.82
5106224;71101.06
5106232;32212.24
5106240;115474.99
5106257;25790.65
5106265;20062.35
5106273;15576.79
5106281;69298.96
5106299;37331.31
5106307;35389.47
5106315;14481.12
5106372;43698.96
5106422;14059.8
5106455;27092.1
5106505;15841.91
5106653;14621.5
5106703;15936.02
5106752;27402.72
5106778;17891.33
5106802;66527.17
5106828;17191.19
5106851;18182.35
5107008;32843.98
5107040;61274.33
5107065;75163.71
5107107;19006.62
5107156;14493
5107180;26125.61
5107198;31510.34
5107206;15825.35
5107248;78374.26
5107263;23443.37
5107297;11273.34
5107305;33865.26
5107354;55460.43
5107404;11047.19
5107578;18163.23
5107602;43024.92
5107701;17994.16
5107743;40459.57
5107750;18332.07
5107768;167966.16
5107776;16875.71
5107792;78575.22
5107800;28253.52
5107859;54972.41
5107875;113763.91
5107883;23576.94
5107909;38499.31
5107925;68132.44
5107941;39380.31
5107958;30632.81
5108006;62136.02
5108055;24329.52
5108105;37646.85
5108204;27453.58
5108303;35112.27
5108352;19832.61
5108402;26937.68
5108501;48646.74
5108600;18523.62
5108808;19328.36
5108857;52652.9
5108907;50954.47
5108956;19561.72
5200050;20664.57
5200100;15628.4
5200134;28048.9
5200159;12481.14
5200175;49715.24
5200209;22038.95
5200258;8510.85
5200308;52951.89
5200506;18672.82
5200555;69673.86
5200605;21484.13
5200803;13101.98
5200829;13710.48
5200852;13707.17
5200902;15863.76
5201108;35372.45
5201207;14291.76
5201306;18907.07
5201405;22514.94
5201454;29396.37
5201504;73609.2
5201603;13826.1
5201702;10897.66
5201801;10318.54
5202155;14622.77
5202353;30767.47
5202502;18184.9
5202601;16113.79
5202809;18425.35
5203104;15828.43
5203203;77671.72
5203302;28950.93
5203401;16231.26
5203500;32368.53
5203559;8096.93
5203575;22457.55
5203609;31857.99
5203807;17975.85
5203906;31622.05
5203939;14273.85
5203962;24767.22
5204003;34393.25
5204102;21782.23
5204201;17600.3
5204250;114807.73
5204300;53694.65
5204409;34636.37
5204508;26695.2
5204557;12144.12
5204607;13525.88
5204656;13341.5
5204706;15917.97
5204805;55960.2
5204854;11314.24
5204904;12562.82
5204953;11984.88
5205000;25795.29
5205059;23482.92
5205109;58559.74
5205208;14316.01
5205307;25303.89
5205406;22670.01
5205455;32385.23
5205471;121054.33
5205497;10694.22
5205513;14789.79
5205521;11540.49
5205703;17697.49
5205802;12933.88
5205901;48718.78
5206206;42330.24
5206305;22427.18
5206404;23428.26
5206503;17814.81
5206602;20105.8
5206701;9047.6
5206800;12583.33
5206909;148316.37
5207105;19679.01
5207253;26788.69
5207352;63109.02
5207402;58818.79
5207501;13092.37
5207535;15673.49
5207600;16436.75
5207808;12227.44
5207907;9487.18
5208004;18456.69
5208103;12971.17
5208152;34753.16
5208301;11745.9
5208400;14700.31
5208509;20122.06
5208608;18620.35
5208707;32209.01
5208806;19640.77
5208905;16933.45
5209101;43031.23
5209150;33660.44
5209200;11896.65
5209291;13576.25
5209408;10616.44
5209457;21831.78
5209606;12140.45
5209705;36399.81
5209804;14155.5
5209903;10710.49
5209937;34726.83
5209952;21966.96
5210000;18933.26
5210109;44237.45
5210158;18284.61
5210208;18040.93
5210307;15650.05
5210406;26430.06
5210562;12565.32
5210604;12432.75
5210802;20693.37
5210901;15213.5
5211008;21765.1
5211206;14523.96
5211305;32934.5
5211404;14219.45
5211503;40477.15
5211602;32392.68
5211701;41228.74
5211800;13390.27
5211909;41620.42
5212006;15168.18
5212055;10585.94
5212105;28443.11
5212204;22218.87
5212253;26050.84
5212303;23784.36
5212501;17471.11
5212600;23085.43
5212709;9424.74
5212808;17278.33
5212907;17083.52
5212956;21738
5213004;14248.34
5213053;15274.88
5213087;32202.43
5213103;36703.84
5213400;20486.08
5213509;9732.41
5213707;34807.44
5213756;59010.83
5213772;13920.45
5213806;27621.32
5213855;15196.89
5213905;16565.28
5214002;30713.58
5214051;18190.8
5214101;15122.79
5214408;19143.56
5214507;23208.78
5214606;20463.76
5214705;15139.76
5214804;22072.55
5214838;29242.11
5214861;14062.55
5214879;11949.17
5214903;13277.91
5215009;17486.15
5215207;17902.58
5215231;7501.44
5215256;16866.47
5215306;30023.74
5215405;21971.96
5215504;95794.89
5215603;15678.25
5215652;28429.38
5215702;30667.93
5215801;12224.33
5215900;31401.45
5216007;30242.79
5216304;18278.93
5216403;72605.27
5216452;134919.66
5216809;12732.88
5216908;60385.05
5217104;29862.24
5217203;31821.44
5217302;14120.17
5217401;25487.6
5217609;10896.14
5217708;24999.87
5218003;18775.73
5218052;61808.27
5218102;51122.47
5218300;13190.83
5218391;14953.82
5218508;33075.02
5218607;17329.59
5218706;18824.72
5218789;68261.68
5218805;39288.71
5218904;20751.85
5219001;16517.38
5219100;14794.64
5219209;34771
5219258;39387.12
5219308;26844.54
5219357;19788.97
5219407;18525.75
5219456;20572.35
5219506;15965.78
5219605;14958.44
5219704;13239.96
5219712;37196.51
5219738;22391.02
5219753;8320.5
5219803;11816.12
5219902;14625.31
5220009;23186.59
5220058;29900.52
5220108;23906
5220157;18096.49
5220207;22635.52
5220264;32025.88
5220280;17277.84
5220405;121806.46
5220454;33136.31
5220504;52079.49
5220603;30457.89
5220686;13216.64
5220702;12330.5
5221007;15609.85
5221080;8934.51
5221197;24369.39
5221304;15079.68
5221403;16276.89
5221452;12673.01
5221502;18252.03
5221551;81567.2
5221577;14815.38
5221601;18774.45
5221700;14343.91
5221809;26598.5
5221858;14699.68
5221908;15139.67
5222005;27534.21
5222054;41609.86
5222203;23565
5222302;37431.13
5300108;79099.77
