CODIGO;POP2017;CLASSEPOP
1100015;25437;4
1100023;107345;6
1100031;6224;2
1100049;88507;5
1100056;17934;3
1100064;18467;3
1100072;8659;2
1100080;17400;3
1100098;33030;4
1100106;47451;4
1100114;55871;5
1100122;132667;6
1100130;38609;4
1100148;21747;4
1100155;39759;4
1100189;38051;4
1100205;519436;7
1100254;22124;4
1100262;3829;1
1100288;57074;5
1100296;8198;2
1100304;95630;5
1100320;24181;4
1100338;28891;4
1100346;16747;3
1100379;14045;3
1100403;20916;4
1100452;39044;4
1100502;10051;3
1100601;6460;2
1100700;14484;3
1100809;25266;4
1100908;3550;1
1100924;10593;3
1100940;22443;4
1101005;9745;2
1101104;10310;3
1101203;10751;3
1101302;12258;3
1101401;16186;3
1101435;7769;2
1101450;5904;2
1101468;2410;1
1101476;3411;1
1101484;5994;2
1101492;19694;3
1101500;12653;3
1101559;4931;1
1101609;11350;3
1101708;13106;3
1101757;11149;3
1101807;8047;2
1200013;14366;3
1200054;6986;2
1200104;24765;4
1200138;9664;2
1200179;11136;3
1200203;82622;5
1200252;17340;3
1200302;32360;4
1200328;7858;2
1200336;17910;3
1200344;8886;2
1200351;17897;3
1200385;18510;3
1200393;11353;3
1200401;383443;6
1200427;17945;3
1200435;6230;2
1200450;21552;4
1200500;43139;4
1200609;40024;4
1200708;18174;3
1200807;17459;3
1300029;15908;3
1300060;11242;3
1300086;12978;3
1300102;20196;4
1300144;21406;4
1300201;19054;3
1300300;38454;4
1300409;27743;4
1300508;31542;4
1300607;41329;4
1300631;18978;3
1300680;18483;3
1300706;34176;4
1300805;40464;4
1300839;12820;3
1300904;15490;3
1301001;28337;4
1301100;37399;4
1301159;29190;4
1301209;84762;5
1301308;27817;4
1301407;34888;4
1301506;19492;3
1301605;19669;3
1301654;16339;3
1301704;53383;5
1301803;28299;4
1301852;47407;4
1301902;99854;5
1301951;8128;2
1302009;9125;2
1302108;4205;1
1302207;13956;3
1302306;15824;3
1302405;44861;4
1302504;96460;5
1302553;30222;4
1302603;2130264;7
1302702;54708;5
1302801;18531;3
1302900;62212;5
1303007;20902;4
1303106;36431;4
1303205;18586;3
1303304;25112;4
1303403;113832;6
1303502;19597;3
1303536;34574;4
1303569;32001;4
1303601;23765;4
1303700;23075;4
1303809;44553;4
1303908;38047;4
1303957;13421;3
1304005;9211;2
1304062;63635;5
1304104;17930;3
1304203;62021;5
1304237;18782;3
1304260;13428;3
1304302;16968;3
1304401;22148;4
1400027;11560;3
1400050;15933;3
1400100;332020;6
1400159;11945;3
1400175;16877;3
1400209;20807;4
1400233;9493;2
1400282;10859;3
1400308;16852;3
1400407;10527;3
1400456;12375;3
1400472;28215;4
1400506;7740;2
1400605;7597;2
1400704;9836;2
1500107;153380;6
1500131;7231;2
1500206;54096;5
1500305;38144;4
1500347;26682;4
1500404;55246;5
1500503;33195;4
1500602;111435;6
1500701;28466;4
1500800;516057;7
1500859;27096;4
1500909;44734;4
1500958;30471;4
1501006;15947;3
1501105;29808;4
1501204;46110;4
1501253;3200;1
1501303;121190;6
1501402;1452275;7
1501451;17249;3
1501501;60990;5
1501576;16517;3
1501600;15834;3
1501709;124184;6
1501725;14689;3
1501758;7182;2
1501782;64194;5
1501808;99896;5
1501907;28331;4
1501956;32947;4
1502004;23110;4
1502103;134100;6
1502152;36027;4
1502202;67150;5
1502301;52839;5
1502400;195253;6
1502509;23066;4
1502608;11759;3
1502707;46571;4
1502756;32395;4
1502764;13093;3
1502772;17453;3
1502806;33490;4
1502855;13996;3
1502905;38959;4
1502939;58071;5
1502954;32892;4
1503002;7009;2
1503044;19746;3
1503077;25363;4
1503093;39352;4
1503101;32458;4
1503200;37753;4
1503309;60994;5
1503408;11388;3
1503457;62237;5
1503507;31673;4
1503606;98523;5
1503705;51835;5
1503754;8059;2
1503804;57526;5
1503903;56325;5
1504000;28138;4
1504059;29260;4
1504109;8316;2
1504208;271594;6
1504307;28679;4
1504406;27569;4
1504422;127858;6
1504455;30726;4
1504505;26897;4
1504604;30277;4
1504703;79825;5
1504752;15646;3
1504802;56466;5
1504901;39231;4
1504950;20789;4
1504976;16221;3
1505007;14942;3
1505031;25071;4
1505064;73802;5
1505106;50727;5
1505205;31619;4
1505304;71078;5
1505403;17356;3
1505437;31921;4
1505486;46383;4
1505494;7386;2
1505502;110026;6
1505536;202356;6
1505551;5341;2
1505601;7860;2
1505635;12632;3
1505650;30109;4
1505700;30219;4
1505809;60322;5
1505908;39991;4
1506005;29067;4
1506104;10534;3
1506112;13237;3
1506138;82464;5
1506161;17705;3
1506187;50925;5
1506195;49093;4
1506203;39569;4
1506302;23096;4
1506351;20492;4
1506401;9845;2
1506500;68836;5
1506559;19316;3
1506583;20849;4
1506609;24186;4
1506708;70764;5
1506807;296302;6
1506906;6526;2
1507003;30611;4
1507102;17563;3
1507151;24859;4
1507201;31123;4
1507300;124806;6
1507409;15454;3
1507458;24188;4
1507466;5970;2
1507474;22415;4
1507508;13616;3
1507607;57364;5
1507706;25904;4
1507755;5766;2
1507805;11357;3
1507904;24682;4
1507953;103321;6
1507961;11399;3
1507979;18257;3
1508001;61709;5
1508035;30108;4
1508050;18469;3
1508084;38508;4
1508100;110516;6
1508126;57525;5
1508159;44258;4
1508209;52216;5
1508308;59735;5
1508357;14719;3
1508407;43530;4
1600055;5111;2
1600105;8757;2
1600154;15125;3
1600204;10525;3
1600212;5637;2
1600238;7270;2
1600253;5172;2
1600279;47554;4
1600303;474706;6
1600402;20387;4
1600501;25514;4
1600535;20611;4
1600550;4779;1
1600600;115471;6
1600709;16112;3
1600808;14991;3
1700251;2571;1
1700301;6460;2
1700350;5527;2
1700400;7273;2
1700707;8516;2
1701002;9749;2
1701051;3423;1
1701101;4726;1
1701309;5865;2
1701903;7003;2
1702000;8692;2
1702109;175960;6
1702158;5645;2
1702208;35216;4
1702307;6756;2
1702406;10727;3
1702554;18089;3
1702703;3735;1
1702901;9776;2
1703008;10752;3
1703057;3500;1
1703073;4544;1
1703107;5643;2
1703206;4518;1
1703305;4700;1
1703602;2199;1
1703701;5499;2
1703800;11135;3
1703826;2276;1
1703842;9795;2
1703867;4296;1
1703883;2555;1
1703891;4055;1
1703909;5265;2
1704105;2866;1
1704600;1407;1
1705102;3364;1
1705508;34839;4
1705557;4874;1
1705607;4179;1
1706001;5529;2
1706100;7374;2
1706258;1708;1
1706506;5988;2
1707009;21738;4
1707108;6868;2
1707207;7286;2
1707306;4727;1
1707405;10793;3
1707553;3879;1
1707652;5352;2
1707702;8893;2
1708205;18684;3
1708254;2584;1
1708304;5153;2
1709005;12973;3
1709302;25642;4
1709500;85523;5
1709807;1955;1
1710508;7456;2
1710706;5980;2
1710904;3772;1
1711100;2465;1
1711506;3821;1
1711803;2229;1
1711902;12808;3
1711951;4191;1
1712009;3092;1
1712157;1875;1
1712405;3787;1
1712454;3038;1
1712504;5054;2
1712702;2614;1
1712801;3409;1
1713205;19055;3
1713304;13426;3
1713601;7770;2
1713700;2264;1
1713809;6535;2
1713957;3507;1
1714203;9312;2
1714302;4060;1
1714880;11715;3
1715002;4203;1
1715101;4267;1
1715150;2353;1
1715259;2697;1
1715507;1110;1
1715705;5859;2
1715754;7687;2
1716109;50360;5
1716208;10562;3
1716307;4853;1
1716505;13288;3
1716604;11591;3
1716653;5453;2
1716703;8409;2
1717008;4520;1
1717206;3044;1
1717503;7536;2
1717800;4645;1
1717909;7949;2
1718006;3102;1
1718204;52828;5
1718303;8365;2
1718402;3733;1
1718451;2650;1
1718501;4230;1
1718550;4601;1
1718659;2061;1
1718709;2810;1
1718758;6512;2
1718808;4579;1
1718840;3410;1
1718865;7402;2
1718881;3356;1
1718899;2343;1
1718907;4833;1
1719004;2825;1
1720002;2550;1
1720101;5231;2
1720150;1571;1
1720200;11906;3
1720259;3084;1
1720309;4749;1
1720499;4111;1
1720655;5399;2
1720804;9192;2
1720853;1941;1
1720903;16530;3
1720937;2130;1
1720978;2777;1
1721000;286787;6
1721109;7460;2
1721208;23119;4
1721257;1843;1
1721307;2574;1
1722081;11677;3
1722107;11683;3
2100055;111339;6
2100105;6486;2
2100154;12457;3
2100204;21673;4
2100303;26387;4
2100402;8070;2
2100436;26872;4
2100477;31312;4
2100501;11001;3
2100550;6895;2
2100600;41106;4
2100709;27352;4
2100808;15696;3
2100832;18374;3
2100873;15332;3
2100907;46074;4
2100956;32145;4
2101004;29388;4
2101103;11975;3
2101202;103359;6
2101251;17053;3
2101301;17435;3
2101350;5574;2
2101400;94779;5
2101509;18619;3
2101608;87135;5
2101707;62458;5
2101731;7422;2
2101772;11103;3
2101806;5528;2
2101905;20881;4
2101939;5973;2
2101970;9320;2
2102002;41120;4
2102036;34278;4
2102077;16214;3
2102101;36102;4
2102150;8696;2
2102200;28306;4
2102309;23495;4
2102325;71979;5
2102358;15180;3
2102374;8930;2
2102408;11019;3
2102507;19110;3
2102556;14219;3
2102606;19943;3
2102705;21759;4
2102754;10713;3
2102804;23803;4
2102903;23576;4
2103000;162657;6
2103109;10490;3
2103125;8615;2
2103158;13555;3
2103174;21565;4
2103208;78965;5
2103257;14539;3
2103307;120810;6
2103406;48756;4
2103505;40575;4
2103554;16192;3
2103604;64403;5
2103703;30706;4
2103752;12659;3
2103802;22912;4
2103901;11208;3
2104008;16653;3
2104057;42110;4
2104073;8372;2
2104081;10326;3
2104099;18997;3
2104107;12403;3
2104206;15262;3
2104305;11830;3
2104404;17586;3
2104503;10700;3
2104552;18316;3
2104602;16582;3
2104628;7708;2
2104651;9921;2
2104677;24991;4
2104701;6134;2
2104800;69232;5
2104909;11728;3
2105005;28509;4
2105104;26835;4
2105153;14147;3
2105203;11206;3
2105302;254569;6
2105351;16009;3
2105401;67726;5
2105427;25589;4
2105450;10221;3
2105476;16321;3
2105500;23042;4
2105609;15891;3
2105658;3237;1
2105708;49856;4
2105807;10672;3
2105906;16025;3
2105922;11048;3
2105948;8664;2
2105963;11286;3
2105989;7489;2
2106003;11695;3
2106102;12009;3
2106201;6867;2
2106300;19779;3
2106326;21293;4
2106359;7604;2
2106375;16366;3
2106409;16745;3
2106508;23091;4
2106607;33374;4
2106631;16908;3
2106672;8326;2
2106706;20613;4
2106755;28456;4
2106805;14744;3
2106904;33156;4
2107001;8889;2
2107100;19282;3
2107209;14489;3
2107258;5350;2
2107308;4586;1
2107357;20768;4
2107407;19206;3
2107456;14637;3
2107506;122420;6
2107605;19424;3
2107704;21116;4
2107803;34375;4
2107902;18839;3
2108009;19271;3
2108058;15937;3
2108108;20657;4
2108207;38365;4
2108256;25000;4
2108306;38144;4
2108405;14074;3
2108454;23019;4
2108504;32488;4
2108603;82374;5
2108702;20861;4
2108801;18413;3
2108900;17023;3
2109007;23760;4
2109056;5819;2
2109106;47239;4
2109205;12656;3
2109239;6968;2
2109270;18797;3
2109304;11474;3
2109403;15207;3
2109452;30863;4
2109502;19701;3
2109551;7691;2
2109601;42314;4
2109700;5568;2
2109759;7708;2
2109809;41891;4
2109908;88013;5
2110005;71576;5
2110039;24946;4
2110104;25334;4
2110203;37090;4
2110237;13395;3
2110278;15853;3
2110302;14222;3
2110401;18377;3
2110500;46039;4
2110609;28208;4
2110658;7291;2
2110708;33691;4
2110807;4453;1
2110856;11808;3
2110906;11976;3
2111003;20307;4
2111029;15450;3
2111052;10977;3
2111078;18345;3
2111102;25520;4
2111201;176418;6
2111250;7484;2
2111300;1091868;7
2111409;18247;3
2111508;40992;4
2111532;12511;3
2111573;4601;1
2111607;18680;3
2111631;4946;1
2111672;6704;2
2111706;20913;4
2111722;13949;3
2111748;11042;3
2111763;13877;3
2111789;11040;3
2111805;17851;3
2111904;10416;3
2111953;5571;2
2112001;8455;2
2112100;28635;4
2112209;167619;6
2112233;21749;4
2112274;5746;2
2112308;41342;4
2112407;35063;4
2112456;25533;4
2112506;58605;5
2112605;33038;4
2112704;56511;5
2112803;51738;5
2112852;13480;3
2112902;32267;4
2113009;30879;4
2114007;51084;5
2200053;6966;2
2200103;5062;2
2200202;17119;3
2200251;7526;2
2200277;4838;1
2200301;14070;3
2200400;39864;4
2200459;5326;2
2200509;17322;3
2200608;6684;2
2200707;9705;2
2200806;3114;1
2200905;5748;2
2200954;2511;1
2201002;4656;1
2201051;7717;2
2201101;11503;3
2201150;11375;3
2201176;3889;1
2201200;46291;4
2201309;3294;1
2201408;6925;2
2201507;26421;4
2201556;3947;1
2201572;3503;1
2201606;10037;3
2201705;5413;2
2201739;6106;2
2201770;6663;2
2201804;4428;1
2201903;24711;4
2201919;5535;2
2201929;5577;2
2201945;6300;2
2201960;8192;2
2201988;3823;1
2202000;19464;3
2202026;8108;2
2202059;10406;3
2202075;3497;1
2202083;7510;2
2202091;5684;2
2202109;5522;2
2202117;4957;1
2202133;5842;2
2202174;7154;2
2202208;46082;4
2202251;3892;1
2202307;20831;4
2202406;11229;3
2202455;4033;1
2202505;10729;3
2202539;5769;2
2202554;4982;1
2202604;19410;3
2202653;5330;2
2202703;27338;4
2202711;4812;1
2202729;6054;2
2202737;3953;1
2202752;6372;2
2202778;7536;2
2202802;4726;1
2202851;4608;1
2202901;26205;4
2203008;8154;2
2203107;10253;3
2203206;11190;3
2203230;4871;1
2203255;4367;1
2203271;5251;2
2203305;13595;3
2203354;6896;2
2203404;6790;2
2203420;4287;1
2203453;9404;2
2203503;14383;3
2203602;4834;1
2203701;39078;4
2203750;5220;2
2203800;4393;1
2203859;2518;1
2203909;58969;5
2204006;5264;2
2204105;4288;1
2204154;3128;1
2204204;9154;2
2204303;11432;3
2204352;5352;2
2204402;10522;3
2204501;10335;3
2204550;4489;1
2204600;3816;1
2204659;9268;2
2204709;15065;3
2204808;9649;2
2204907;8428;2
2205003;11343;3
2205102;10845;3
2205151;5656;2
2205201;18782;3
2205250;4430;1
2205276;4786;1
2205300;4384;1
2205359;2961;1
2205409;14123;3
2205458;5350;2
2205508;38550;4
2205516;5391;2
2205524;5534;2
2205532;4683;1
2205540;2796;1
2205557;8395;2
2205565;4582;1
2205573;6646;2
2205581;3996;1
2205599;5087;2
2205607;5217;2
2205706;29792;4
2205805;25082;4
2205854;8170;2
2205904;5266;2
2205953;8342;2
2206001;4478;1
2206050;6338;2
2206100;10759;3
2206209;33209;4
2206308;1228;1
2206357;6511;2
2206407;10409;3
2206506;7621;2
2206605;10448;3
2206654;4066;1
2206670;6684;2
2206696;8997;2
2206704;7231;2
2206720;8425;2
2206753;4786;1
2206803;8547;2
2206902;6466;2
2206951;2940;1
2207009;36432;4
2207108;2417;1
2207207;6758;2
2207306;4065;1
2207355;3333;1
2207405;4967;1
2207504;14295;3
2207553;3886;1
2207603;10613;3
2207702;150547;6
2207751;4500;1
2207777;6288;2
2207793;3975;1
2207801;20192;4
2207850;3623;1
2207900;38127;4
2207934;2495;1
2207959;4302;1
2208007;76928;5
2208106;11935;3
2208205;18125;3
2208304;28312;4
2208403;62733;5
2208502;12358;3
2208551;2664;1
2208601;3103;1
2208650;8842;2
2208700;8634;2
2208809;17698;3
2208858;4246;1
2208874;4403;1
2208908;7214;2
2209005;6331;2
2209104;6140;2
2209153;3952;1
2209203;6156;2
2209302;5761;2
2209351;4559;1
2209377;5175;2
2209401;6305;2
2209450;2125;1
2209500;3731;1
2209559;4377;1
2209609;2901;1
2209658;5657;2
2209708;6324;2
2209757;2988;1
2209807;4931;1
2209856;4534;1
2209872;5938;2
2209906;6050;2
2209955;4762;1
2209971;7847;2
2210003;20258;4
2210052;5260;2
2210102;3689;1
2210201;6602;2
2210300;6261;2
2210359;4501;1
2210375;2602;1
2210383;2413;1
2210391;2991;1
2210409;17395;3
2210508;14056;3
2210607;34109;4
2210623;3421;1
2210631;4224;1
2210656;9880;2
2210706;14398;3
2210805;12488;3
2210904;4500;1
2210938;6612;2
2210953;2870;1
2210979;2719;1
2211001;850198;7
2211100;43761;4
2211209;21188;4
2211308;20588;4
2211357;4873;1
2211407;4325;1
2211506;3029;1
2211605;2931;1
2211704;4390;1
2300101;11605;3
2300150;16543;3
2300200;62199;5
2300309;53572;5
2300408;17194;3
2300507;11459;3
2300606;7479;2
2300705;16976;3
2300754;42901;4
2300804;7278;2
2300903;14719;3
2301000;79128;5
2301109;73629;5
2301208;26269;4
2301257;10823;3
2301307;21398;4
2301406;11244;3
2301505;7777;2
2301604;23254;4
2301703;24496;4
2301802;6228;2
2301851;18027;3
2301901;59811;5
2301950;20978;4
2302008;22440;4
2302057;14880;3
2302107;35351;4
2302206;53110;5
2302305;32378;4
2302404;54049;5
2302503;48830;4
2302602;62985;5
2302701;27209;4
2302800;77514;5
2302909;17668;3
2303006;22320;4
2303105;18660;3
2303204;26892;4
2303303;18804;3
2303402;17631;3
2303501;71079;5
2303600;20451;4
2303659;10365;3
2303709;362223;6
2303808;25063;4
2303907;12952;3
2303931;13384;3
2303956;19197;3
2304004;23107;4
2304103;74426;5
2304202;130604;6
2304236;17874;3
2304251;23983;4
2304269;9521;2
2304277;7163;2
2304285;52667;5
2304301;18720;3
2304350;24047;4
2304400;2627482;7
2304459;16272;3
2304509;13669;3
2304608;6922;2
2304657;15307;3
2304707;54365;5
2304806;4425;1
2304905;11012;3
2304954;26331;4
2305001;39445;4
2305100;3547;1
2305209;20215;4
2305233;65928;5
2305266;13218;3
2305308;24825;4
2305332;12350;3
2305357;19685;3
2305407;67486;5
2305506;102614;6
2305605;25967;4
2305654;11499;3
2305704;12349;3
2305803;41576;4
2305902;37896;4
2306009;14125;3
2306108;23858;4
2306207;7738;2
2306256;39310;4
2306306;51945;5
2306405;127465;6
2306504;20014;4
2306553;41230;4
2306603;20675;4
2306702;17958;3
2306801;11295;3
2306900;34448;4
2307007;33740;4
2307106;27076;4
2307205;7847;2
2307254;19510;3
2307304;270383;6
2307403;24597;4
2307502;31335;4
2307601;58915;5
2307635;19800;3
2307650;224804;6
2307700;126486;6
2307809;26981;4
2307908;11082;3
2308005;38210;4
2308104;46548;4
2308203;14948;3
2308302;28231;4
2308351;13136;3
2308377;13583;3
2308401;35409;4
2308500;43735;4
2308609;17038;3
2308708;61548;5
2308807;8636;2
2308906;22222;4
2309003;14377;3
2309102;12831;3
2309201;15433;3
2309300;32035;4
2309409;28353;4
2309458;25394;4
2309508;21292;4
2309607;70911;5
2309706;82824;5
2309805;11960;3
2309904;6202;2
2310001;9285;2
2310100;13145;3
2310209;33894;4
2310258;32515;4
2310308;31137;4
2310407;11578;3
2310506;42841;4
2310605;8956;2
2310704;37077;4
2310803;16163;3
2310852;20644;4
2310902;16731;3
2310951;10784;3
2311009;12243;3
2311108;14921;3
2311207;10918;3
2311231;6356;2
2311264;20860;4
2311306;86605;5
2311355;14860;3
2311405;78658;5
2311504;21876;4
2311603;27441;4
2311702;18769;3
2311801;76475;5
2311900;15678;3
2311959;16331;3
2312007;32023;4
2312106;17489;3
2312205;43360;4
2312304;46648;4
2312403;48265;4
2312502;7621;2
2312601;12849;3
2312700;26447;4
2312809;7513;2
2312908;205529;6
2313005;18158;3
2313104;30489;4
2313203;25525;4
2313252;8852;2
2313302;58119;5
2313351;18902;3
2313401;74719;5
2313500;55207;5
2313559;15935;3
2313609;34332;4
2313708;7671;2
2313757;19679;3
2313807;21609;4
2313906;13677;3
2313955;18239;3
2314003;40440;4
2314102;60030;5
2400109;11333;3
2400208;58183;5
2400307;11211;3
2400406;3260;1
2400505;13827;3
2400604;4854;1
2400703;14365;3
2400802;11909;3
2400901;7237;2
2401008;36323;4
2401107;27401;4
2401206;14307;3
2401305;9768;2
2401404;9309;2
2401453;28085;4
2401503;4064;1
2401602;5527;2
2401651;2307;1
2401701;10254;3
2401800;12720;3
2401859;6624;2
2401909;3680;1
2402006;68222;5
2402105;11244;3
2402204;34267;4
2402303;20707;4
2402402;8188;2
2402501;10715;3
2402600;73849;5
2402709;11344;3
2402808;5593;2
2402907;4980;1
2403004;8147;2
2403103;45228;4
2403202;7190;2
2403251;254709;6
2403301;5666;2
2403400;6119;2
2403509;10702;3
2403608;28331;4
2403707;6052;2
2403756;3072;1
2403806;9262;2
2403905;2890;1
2404002;4180;1
2404101;2715;1
2404200;26068;4
2404309;13157;3
2404408;10386;3
2404507;15309;3
2404606;13714;3
2404705;15464;3
2404804;2251;1
2404853;7571;2
2404903;5930;2
2405009;9068;2
2405108;6942;2
2405207;5386;2
2405306;10096;3
2405405;5247;2
2405504;2663;1
2405603;14858;3
2405702;12579;3
2405801;35087;4
2405900;2695;1
2406007;6050;2
2406106;18530;3
2406155;3910;1
2406205;6793;2
2406304;7579;2
2406403;2771;1
2406502;15590;3
2406601;8269;2
2406700;11316;3
2406809;4822;1
2406908;4002;1
2407005;10211;3
2407104;80031;5
2407203;31859;4
2407252;4002;1
2407302;8492;2
2407401;8793;2
2407500;12223;3
2407609;4608;1
2407708;11503;3
2407807;22462;4
2407906;2178;1
2408003;295619;6
2408102;885180;7
2408201;27372;4
2408300;37695;4
2408409;4349;1
2408508;4882;1
2408607;4276;1
2408706;3859;1
2408805;5258;2
2408904;21669;4
2408953;10901;3
2409100;13099;3
2409209;3109;1
2409308;12844;3
2409332;5500;2
2409407;30452;4
2409506;3356;1
2409605;2532;1
2409704;6938;2
2409803;14954;3
2409902;15083;3
2410009;3836;1
2410108;15418;3
2410207;7909;2
2410256;6789;2
2410306;10099;3
2410405;9568;2
2410504;5115;2
2410603;3234;1
2410702;3566;1
2410801;4277;1
2410900;8075;2
2411007;4545;1
2411056;4100;1
2411106;3669;1
2411205;39667;4
2411403;13289;3
2411429;2701;1
2411502;24220;4
2411601;2846;1
2411700;4425;1
2411809;3617;1
2411908;4238;1
2412005;101492;6
2412104;6260;2
2412203;43995;4
2412302;13007;3
2412401;4643;1
2412500;23610;4
2412559;9606;2
2412609;17572;3
2412708;6139;2
2412807;8343;2
2412906;11223;3
2413003;6469;2
2413102;6188;2
2413201;4423;1
2413300;5870;2
2413359;11838;3
2413409;8175;2
2413508;6422;2
2413557;4841;1
2413607;3150;1
2413706;5528;2
2413805;2566;1
2413904;12428;3
2414001;15866;3
2414100;10814;3
2414159;5912;2
2414209;13895;3
2414308;2437;1
2414407;34043;4
2414456;3327;1
2414506;10781;3
2414605;14609;3
2414704;5554;2
2414753;4187;1
2414803;12371;3
2414902;1731;1
2415008;3173;1
2500106;10258;3
2500205;5562;2
2500304;28565;4
2500403;20689;4
2500502;14464;3
2500536;5499;2
2500577;2501;1
2500601;19579;3
2500700;17940;3
2500734;2246;1
2500775;8430;2
2500809;17003;3
2500908;13538;3
2501005;20418;4
2501104;22776;4
2501153;2126;1
2501203;6975;2
2501302;19154;3
2501351;3921;1
2501401;9070;2
2501500;21156;4
2501534;4925;1
2501575;8241;2
2501609;15421;3
2501708;5979;2
2501807;97010;5
2501906;17685;3
2502003;7347;2
2502052;3438;1
2502102;5349;2
2502151;7083;2
2502201;2567;1
2502300;4972;1
2502409;11938;3
2502508;17842;3
2502607;6173;2
2502706;5430;2
2502805;14107;3
2502904;6457;2
2503001;21872;4
2503100;5570;2
2503209;68033;5
2503308;10265;3
2503407;3749;1
2503506;17156;3
2503555;7183;2
2503605;7283;2
2503704;62187;5
2503753;3197;1
2503803;6025;2
2503902;6020;2
2504009;410332;6
2504033;6552;2
2504074;4171;1
2504108;2667;1
2504157;7476;2
2504207;4934;1
2504306;30534;4
2504355;4839;1
2504405;18944;3
2504504;6753;2
2504603;24769;4
2504702;4789;1
2504801;15426;3
2504850;1925;1
2504900;17559;3
2505006;7274;2
2505105;20348;4
2505204;6790;2
2505238;6358;2
2505279;5232;2
2505303;2517;1
2505352;5343;2
2505402;8306;2
2505501;3808;1
2505600;6550;2
2505709;10383;3
2505808;3594;1
2505907;3528;1
2506004;33266;4
2506103;11313;3
2506202;2990;1
2506251;8435;2
2506301;58881;5
2506400;14134;3
2506509;3436;1
2506608;5925;2
2506707;11833;3
2506806;18163;3
2506905;24475;4
2507002;24842;4
2507101;18715;3
2507200;10876;3
2507309;14378;3
2507408;7742;2
2507507;811598;7
2507606;7950;2
2507705;18213;3
2507804;7165;2
2507903;10770;3
2508000;9868;2
2508109;4666;1
2508208;7670;2
2508307;27543;4
2508406;2725;1
2508505;7386;2
2508554;4343;1
2508604;13121;3
2508703;4009;1
2508802;5665;2
2508901;45005;4
2509008;11120;3
2509057;8586;2
2509107;21854;4
2509156;6614;2
2509206;13853;3
2509305;8466;2
2509339;4537;1
2509370;2915;1
2509396;6587;2
2509404;13286;3
2509503;5691;2
2509602;4825;1
2509701;33294;4
2509800;9922;2
2509909;10460;3
2510006;7296;2
2510105;10639;3
2510204;5944;2
2510303;4910;1
2510402;6512;2
2510501;3951;1
2510600;3042;1
2510659;1769;1
2510709;2424;1
2510808;107790;6
2510907;12308;3
2511004;3803;1
2511103;8122;2
2511202;28499;4
2511301;16091;3
2511400;18737;3
2511509;11938;3
2511608;6607;2
2511707;5080;2
2511806;10585;3
2511905;19182;3
2512002;18622;3
2512036;3770;1
2512077;4318;1
2512101;32766;4
2512200;4179;1
2512309;23489;4
2512408;13715;3
2512507;44214;4
2512606;1964;1
2512705;19579;3
2512721;6099;2
2512747;3607;1
2512754;4529;1
2512762;4519;1
2512788;1985;1
2512804;8609;2
2512903;24154;4
2513000;3980;1
2513109;12145;3
2513158;6557;2
2513208;6585;2
2513307;5887;2
2513356;3596;1
2513406;15401;3
2513505;5159;2
2513604;7024;2
2513653;2690;1
2513703;136851;6
2513802;4573;1
2513851;2519;1
2513901;34215;4
2513927;4540;1
2513943;2601;1
2513968;3120;1
2513984;3363;1
2514008;4296;1
2514107;4423;1
2514206;7679;2
2514305;6279;2
2514404;4635;1
2514453;5969;2
2514503;20163;4
2514552;3842;1
2514602;3566;1
2514651;1806;1
2514701;4145;1
2514800;3711;1
2514909;7721;2
2515005;7180;2
2515104;11845;3
2515203;3496;1
2515302;52697;5
2515401;11084;3
2515500;13707;3
2515609;3121;1
2515708;3100;1
2515807;7020;2
2515906;6093;2
2515930;5044;2
2515971;7795;2
2516003;26376;4
2516102;14987;3
2516151;3567;1
2516201;69554;5
2516300;16957;3
2516409;10967;3
2516508;15276;3
2516607;14661;3
2516706;15191;3
2516755;3066;1
2516805;9482;2
2516904;15382;3
2517001;9913;2
2517100;2820;1
2517209;5358;2
2517407;2245;1
2600054;99364;5
2600104;37017;4
2600203;19411;3
2600302;24644;4
2600401;36371;4
2600500;43087;4
2600609;14517;3
2600708;38267;4
2600807;22896;4
2600906;22726;4
2601003;11045;3
2601052;20268;4
2601102;83757;5
2601201;73667;5
2601300;14224;3
2601409;42438;4
2601508;11992;3
2601607;20670;4
2601706;75986;5
2601805;12637;3
2601904;60549;5
2602001;37816;4
2602100;48214;4
2602209;39025;4
2602308;38044;4
2602407;8973;2
2602506;7465;2
2602605;50138;5
2602704;13085;3
2602803;57696;5
2602902;204653;6
2603009;33856;4
2603108;20209;4
2603207;28500;4
2603306;11055;3
2603405;5736;2
2603454;156361;6
2603504;18583;3
2603603;8493;2
2603702;24762;4
2603801;19991;3
2603900;19440;3
2603926;12805;3
2604007;82685;5
2604106;356128;6
2604155;14274;3
2604205;42343;4
2604304;11695;3
2604403;13396;3
2604502;21525;4
2604601;26186;4
2604700;18098;3
2604809;12560;3
2604908;11559;3
2605004;23977;4
2605103;36753;4
2605152;18692;3
2605202;68281;5
2605301;31790;4
2605400;21958;4
2605459;3016;1
2605509;12057;3
2605608;22567;4
2605707;32483;4
2605806;15328;3
2605905;30709;4
2606002;138642;6
2606101;30425;4
2606200;79249;5
2606309;7417;2
2606408;83241;5
2606507;19100;3
2606606;28985;4
2606705;7735;2
2606804;115398;6
2606903;12175;3
2607000;22801;4
2607109;4542;1
2607208;94533;5
2607307;30447;4
2607406;4858;1
2607505;26314;4
2607604;25789;4
2607653;36320;4
2607703;13638;3
2607752;26338;4
2607802;16859;3
2607901;695956;7
2607950;11634;3
2608008;17026;3
2608057;14703;3
2608107;33485;4
2608206;15989;3
2608255;11334;3
2608305;14712;3
2608404;15284;3
2608453;17847;3
2608503;21338;4
2608602;13033;3
2608701;16218;3
2608750;25294;4
2608800;39888;4
2608909;56140;5
2609006;25214;4
2609105;15820;3
2609154;21047;4
2609204;11433;3
2609303;15270;3
2609402;62119;5
2609501;32280;4
2609600;390771;6
2609709;23768;4
2609808;14794;3
2609907;68776;5
2610004;62832;5
2610103;7761;2
2610202;26417;4
2610301;11449;3
2610400;21383;4
2610509;28889;4
2610608;55942;5
2610707;328353;6
2610806;22505;4
2610905;66881;5
2611002;36108;4
2611101;343219;6
2611200;11268;3
2611309;26960;4
2611408;14798;3
2611507;25831;4
2611533;6802;2
2611606;1633697;7
2611705;20392;4
2611804;47088;4
2611903;23379;4
2612000;10065;3
2612109;10747;3
2612208;60453;5
2612307;15779;3
2612406;25979;4
2612455;15202;3
2612471;12501;3
2612505;105761;6
2612554;14355;3
2612604;41652;4
2612703;14013;3
2612802;11734;3
2612901;15683;3
2613008;58824;5
2613107;37023;4
2613206;22628;4
2613305;21257;4
2613404;20963;4
2613503;33804;4
2613602;33704;4
2613701;112099;6
2613800;17904;3
2613909;85568;5
2614006;19080;3
2614105;35670;4
2614204;45263;4
2614303;11238;3
2614402;5978;2
2614501;64373;5
2614600;28301;4
2614709;12853;3
2614808;25368;4
2614857;23100;4
2615003;28358;4
2615102;7120;2
2615201;10437;3
2615300;53083;5
2615409;44189;4
2615508;13689;3
2615607;30155;4
2615706;15221;3
2615805;26990;4
2615904;8169;2
2616001;18258;3
2616100;9490;2
2616183;7641;2
2616209;20460;4
2616308;32429;4
2616407;137578;6
2616506;14651;3
2700102;20467;4
2700201;17818;3
2700300;234185;6
2700409;47744;4
2700508;16064;3
2700607;8401;2
2700706;18757;3
2700805;4453;1
2700904;6797;2
2701001;27590;4
2701100;10675;3
2701209;10897;3
2701308;21526;4
2701357;7024;2
2701407;57548;5
2701506;9692;2
2701605;17983;3
2701704;17354;3
2701803;9155;2
2701902;7427;2
2702009;10888;3
2702108;21926;4
2702207;5918;2
2702306;57498;5
2702355;24510;4
2702405;52597;5
2702504;11214;3
2702553;18435;3
2702603;22481;4
2702702;4806;1
2702801;12966;3
2702900;41279;4
2703007;15840;3
2703106;26022;4
2703205;24793;4
2703304;18652;3
2703403;5356;2
2703502;7135;2
2703601;8453;2
2703700;5676;2
2703759;11782;3
2703809;24280;4
2703908;4231;1
2704005;25093;4
2704104;18175;3
2704203;28953;4
2704302;1029129;7
2704401;20200;4
2704500;32940;4
2704609;9418;2
2704708;52260;5
2704807;13514;3
2704906;3579;1
2705002;25589;4
2705101;25012;4
2705200;17988;3
2705309;5413;2
2705408;7260;2
2705507;28579;4
2705606;12821;3
2705705;21767;4
2705804;9459;2
2705903;5195;2
2706000;11772;3
2706109;11635;3
2706208;5066;2
2706307;74208;5
2706406;24792;4
2706422;10684;3
2706448;13252;3
2706505;15461;3
2706604;7679;2
2706703;64497;5
2706802;18074;3
2706901;35552;4
2707008;2953;1
2707107;25298;4
2707206;14575;3
2707305;27501;4
2707404;7965;2
2707503;20327;4
2707602;11496;3
2707701;76019;5
2707800;6774;2
2707909;7386;2
2708006;48232;4
2708105;10899;3
2708204;7058;2
2708303;24226;4
2708402;32626;4
2708501;34961;4
2708600;61827;5
2708709;8022;2
2708808;34551;4
2708907;13949;3
2708956;14036;3
2709004;6270;2
2709103;20205;4
2709152;44666;4
2709202;28070;4
2709301;66477;5
2709400;26143;4
2800100;2390;1
2800209;21589;4
2800308;650106;7
2800407;10362;3
2800506;18489;3
2800605;29807;4
2800670;26961;4
2800704;8322;2
2801009;18111;3
2801108;4058;1
2801207;29372;4
2801306;34050;4
2801405;21842;4
2801504;16275;3
2801603;5933;2
2801702;18270;3
2801900;4012;1
2802007;5058;2
2802106;69278;5
2802205;5616;2
2802304;15349;3
2802403;11736;3
2802502;3315;1
2802601;5870;2
2802700;8611;2
2802809;17810;3
2802908;95196;5
2803005;41961;4
2803104;4988;1
2803203;34101;4
2803302;18656;3
2803401;13238;3
2803500;104099;6
2803609;29700;4
2803708;6920;2
2803807;3693;1
2803906;12691;3
2804003;17297;3
2804102;11438;3
2804201;15177;3
2804300;7683;2
2804409;18953;3
2804458;8869;2
2804508;36613;4
2804607;26624;4
2804706;6530;2
2804805;181928;6
2804904;14420;3
2805000;3254;1
2805109;9594;2
2805208;6556;2
2805307;9241;2
2805406;34529;4
2805505;23740;4
2805604;28735;4
2805703;29834;4
2805802;20014;4
2805901;10196;3
2806008;18641;3
2806107;10699;3
2806206;20168;4
2806305;14034;3
2806404;7751;2
2806503;3938;1
2806602;12146;3
2806701;89232;5
2806800;11133;3
2806909;3983;1
2807006;3943;1
2807105;40838;4
2807204;8851;2
2807303;3221;1
2807402;52156;5
2807501;13208;3
2807600;25114;4
2900108;9199;2
2900207;20189;4
2900306;15727;3
2900355;17349;3
2900405;17508;3
2900504;11212;3
2900603;4725;1
2900702;155979;6
2900801;23376;4
2900900;5985;2
2901007;38259;4
2901106;26409;4
2901155;16798;3
2901205;19568;3
2901304;13737;3
2901353;15490;3
2901403;14690;3
2901502;11481;3
2901601;19569;3
2901700;12208;3
2901809;12072;3
2901908;18334;3
2901957;7730;2
2902005;13962;3
2902054;12608;3
2902104;55935;5
2902203;11703;3
2902252;11661;3
2902302;9171;2
2902401;12706;3
2902500;14323;3
2902609;21403;4
2902658;13765;3
2902708;54915;5
2902807;22082;4
2902906;34121;4
2903003;14560;3
2903102;6258;2
2903201;157638;6
2903235;15217;3
2903276;16296;3
2903300;6251;2
2903409;24013;4
2903508;18247;3
2903607;16653;3
2903706;14069;3
2903805;19502;3
2903904;70618;5
2903953;10477;3
2904001;14760;3
2904050;17131;3
2904100;22464;4
2904209;10898;3
2904308;15122;3
2904407;10833;3
2904506;10974;3
2904605;69677;5
2904704;19256;3
2904753;21786;4
2904803;7841;2
2904852;19312;3
2904902;35139;4
2905008;23817;4
2905107;10058;3
2905156;16106;3
2905206;52853;5
2905305;19006;3
2905404;18224;3
2905503;13713;3
2905602;33310;4
2905701;296893;6
2905800;36644;4
2905909;30048;4
2906006;73448;5
2906105;10151;3
2906204;26862;4
2906303;33002;4
2906402;8837;2
2906501;89707;5
2906600;14792;3
2906709;26674;4
2906808;36191;4
2906824;17316;3
2906857;12199;3
2906873;31392;4
2906899;9773;2
2906907;22740;4
2907004;9544;2
2907103;30118;4
2907202;73382;5
2907301;27238;4
2907400;3669;1
2907509;56459;5
2907558;9764;2
2907608;17969;3
2907707;11591;3
2907806;34676;4
2907905;17739;3
2908002;19022;3
2908101;19498;3
2908200;23024;4
2908309;18229;3
2908408;68303;5
2908507;33876;4
2908606;26371;4
2908705;18191;3
2908804;4299;1
2908903;23896;4
2909000;8904;2
2909109;14933;3
2909208;16814;3
2909307;33361;4
2909406;14414;3
2909505;5576;2
2909604;21835;4
2909703;14403;3
2909802;64932;5
2909901;35524;4
2910008;11716;3
2910057;80657;5
2910107;12604;3
2910206;4212;1
2910305;8461;2
2910404;19376;3
2910503;43223;4
2910602;37845;4
2910701;61924;5
2910727;115290;6
2910750;18443;3
2910776;5922;2
2910800;627477;7
2910859;17176;3
2910909;5822;2
2911006;11244;3
2911105;25912;4
2911204;33234;4
2911253;4725;1
2911303;11639;3
2911402;15840;3
2911501;7848;2
2911600;21495;4
2911659;8081;2
2911709;86808;5
2911808;22154;4
2911857;13718;3
2911907;25884;4
2912004;10183;3
2912103;23529;4
2912202;19786;3
2912301;16796;3
2912400;18678;3
2912509;15413;3
2912608;4214;1
2912707;24293;4
2912806;8852;2
2912905;17221;3
2913002;16855;3
2913101;17948;3
2913200;27862;4
2913309;6437;2
2913408;16283;3
2913457;14187;3
2913507;27939;4
2913606;176341;6
2913705;40453;4
2913804;15499;3
2913903;47704;4
2914000;62631;5
2914109;10157;3
2914208;7521;2
2914307;9901;2
2914406;25536;4
2914505;29879;4
2914604;74483;5
2914653;31422;4
2914703;66806;5
2914802;221046;6
2914901;28382;4
2915007;16586;3
2915106;13199;3
2915205;15577;3
2915304;7291;2
2915353;14718;3
2915403;7218;2
2915502;21642;4
2915601;67356;5
2915700;8476;2
2915809;24901;4
2915908;6730;2
2916005;20501;4
2916104;22866;4
2916203;9830;2
2916302;10830;3
2916401;77533;5
2916500;36211;4
2916609;10799;3
2916708;8592;2
2916807;20314;4
2916856;14957;3
2916906;13254;3
2917003;37567;4
2917102;21241;4
2917201;19577;3
2917300;29428;4
2917334;11399;3
2917359;9056;2
2917409;15459;3
2917508;83635;5
2917607;56033;5
2917706;34499;4
2917805;19036;3
2917904;11120;3
2918001;162209;6
2918100;41605;4
2918209;15106;3
2918308;12692;3
2918357;25646;4
2918407;221773;6
2918456;9924;2
2918506;16006;3
2918555;6275;2
2918605;7066;2
2918704;3975;1
2918753;16029;3
2918803;24306;4
2918902;4068;1
2919009;4017;1
2919058;8886;2
2919108;9007;2
2919157;28244;4
2919207;197636;6
2919306;11636;3
2919405;12969;3
2919504;46739;4
2919553;83557;5
2919603;11879;3
2919702;19110;3
2919801;50987;5
2919900;8266;2
2919926;21007;4
2919959;4456;1
2920007;10274;3
2920106;19695;3
2920205;17526;3
2920304;8856;2
2920403;14251;3
2920452;13959;3
2920502;23018;4
2920601;46260;4
2920700;21313;4
2920809;10931;3
2920908;14728;3
2921005;46998;4
2921054;12488;3
2921104;23586;4
2921203;27520;4
2921302;11585;3
2921401;18729;3
2921450;9578;2
2921500;51953;5
2921609;8950;2
2921708;36856;4
2921807;12529;3
2921906;9957;2
2922003;42072;4
2922052;11988;3
2922102;27364;4
2922201;7678;2
2922250;11644;3
2922300;30631;4
2922409;22998;4
2922508;29546;4
2922607;14368;3
2922656;13597;3
2922706;17141;3
2922730;8119;2
2922755;6986;2
2922805;8428;2
2922854;9500;2
2922904;25460;4
2923001;44052;4
2923035;12514;3
2923050;16037;3
2923100;29227;4
2923209;22805;4
2923308;8916;2
2923357;18025;3
2923407;22553;4
2923506;9250;2
2923605;22286;4
2923704;32967;4
2923803;30075;4
2923902;10673;3
2924009;120706;6
2924058;14226;3
2924108;7527;2
2924207;18209;3
2924306;18267;3
2924405;35740;4
2924504;16889;3
2924603;21171;4
2924652;11012;3
2924678;10411;3
2924702;11849;3
2924801;25211;4
2924900;9582;2
2925006;26915;4
2925105;48861;4
2925204;39718;4
2925253;15830;3
2925303;149324;6
2925402;8438;2
2925501;29326;4
2925600;15734;3
2925709;13334;3
2925758;28082;4
2925808;26552;4
2925907;28632;4
2925931;9411;2
2925956;23562;4
2926004;42672;4
2926103;14730;3
2926202;23313;4
2926301;34784;4
2926400;36439;4
2926509;15443;3
2926608;54965;5
2926657;7437;2
2926707;13712;3
2926806;15804;3
2926905;12130;3
2927002;41767;4
2927101;9405;2
2927200;32009;4
2927309;15772;3
2927408;2953986;7
2927507;21415;4
2927606;14976;3
2927705;28552;4
2927804;6698;2
2927903;11161;3
2928000;38422;4
2928059;13398;3
2928109;41769;4
2928208;27492;4
2928307;9263;2
2928406;29146;4
2928505;10682;3
2928604;61961;5
2928703;103342;6
2928802;53898;5
2928901;33661;4
2928950;9404;2
2929008;15310;3
2929057;15825;3
2929107;21964;4
2929206;40220;4
2929255;19613;3
2929305;38018;4
2929354;6045;2
2929370;10784;3
2929404;12092;3
2929503;45827;4
2929602;18114;3
2929701;20429;4
2929750;12380;3
2929800;13385;3
2929909;45568;4
2930006;11696;3
2930105;81218;5
2930154;32991;4
2930204;41891;4
2930303;18320;3
2930402;16036;3
2930501;83088;5
2930600;13832;3
2930709;136050;6
2930758;13437;3
2930766;11283;3
2930774;23713;4
2930808;17503;3
2930907;13057;3
2931004;21315;4
2931053;17884;3
2931103;8232;2
2931202;21462;4
2931301;17845;3
2931350;161690;6
2931400;7936;2
2931509;23378;4
2931608;15357;3
2931707;13536;3
2931806;17700;3
2931905;52540;5
2932002;25773;4
2932101;20800;4
2932200;20489;4
2932309;27527;4
2932408;14474;3
2932457;19522;3
2932507;21331;4
2932606;17356;3
2932705;21711;4
2932804;19780;3
2932903;98749;5
2933000;28743;4
2933059;14662;3
2933109;9449;2
2933158;13454;3
2933174;9375;2
2933208;43640;4
2933257;6620;2
2933307;348718;6
2933406;9753;2
2933455;12935;3
2933505;22365;4
2933604;48365;4
3100104;7059;2
3100203;23611;4
3100302;13733;3
3100401;4065;1
3100500;9997;2
3100609;14370;3
3100708;2058;1
3100807;4440;1
3100906;19416;3
3101003;13576;3
3101102;25711;4
3101201;6209;2
3101300;2752;1
3101409;3046;1
3101508;35866;4
3101607;79707;5
3101631;6775;2
3101706;41794;4
3101805;7515;2
3101904;19846;3
3102001;14551;3
3102050;5791;2
3102100;11693;3
3102209;4199;1
3102308;15599;3
3102407;3673;1
3102506;4924;1
3102605;40706;4
3102704;9479;2
3102803;12507;3
3102852;8541;2
3102902;11608;3
3103009;9637;2
3103108;1664;1
3103207;2368;1
3103306;2111;1
3103405;37361;4
3103504;117445;6
3103603;2873;1
3103702;8544;2
3103751;6774;2
3103801;2883;1
3103900;8996;2
3104007;104283;6
3104106;10578;3
3104205;39811;4
3104304;14956;3
3104403;2859;1
3104452;5192;2
3104502;18243;3
3104601;14118;3
3104700;13762;3
3104809;5023;2
3104908;19315;3
3105004;8051;2
3105103;24018;4
3105202;4984;1
3105301;5739;2
3105400;31968;4
3105509;5648;2
3105608;136689;6
3105707;5624;2
3105905;20882;4
3106002;10416;3
3106101;3503;1
3106200;2523794;7
3106309;26158;4
3106408;7841;2
3106507;12360;3
3106606;4678;1
3106655;4720;1
3106705;427146;6
3106804;3613;1
3106903;14545;3
3107000;2619;1
3107109;40530;4
3107208;5185;2
3107307;50168;5
3107406;50042;5
3107505;6644;2
3107604;4203;1
3107703;6018;2
3107802;15459;3
3107901;10775;3
3108008;17907;3
3108107;7020;2
3108206;5764;2
3108255;10951;3
3108305;19055;3
3108404;15322;3
3108503;6540;2
3108552;16105;3
3108602;32732;4
3108701;4550;1
3108800;5003;2
3108909;14889;3
3109006;38863;4
3109105;11233;3
3109204;10594;3
3109253;4146;1
3109303;24689;4
3109402;28335;4
3109451;6940;2
3109501;14330;3
3109600;3710;1
3109709;11646;3
3109808;2691;1
3109907;11399;3
3110004;44377;4
3110103;5440;2
3110202;4108;1
3110301;14529;3
3110400;3064;1
3110509;22057;4
3110608;29165;4
3110707;13053;3
3110806;3757;1
3110905;16627;3
3111002;21440;4
3111101;20079;4
3111150;3863;1
3111200;54458;5
3111309;11878;3
3111408;7886;2
3111507;15387;3
3111606;29057;4
3111705;4699;1
3111804;12117;3
3111903;5735;2
3112000;15147;3
3112059;4517;1
3112109;5489;2
3112208;4805;1
3112307;37867;4
3112406;7152;2
3112505;9678;2
3112604;16250;3
3112653;5405;2
3112703;15237;3
3112802;8682;2
3112901;9431;2
3113008;23781;4
3113107;3299;1
3113206;25376;4
3113305;33559;4
3113404;91841;5
3113503;9544;2
3113602;6757;2
3113701;19750;3
3113800;2629;1
3113909;12350;3
3114006;11559;3
3114105;14822;3
3114204;22136;4
3114303;30861;4
3114402;21458;4
3114501;18995;3
3114550;10072;3
3114600;4110;1
3114709;3581;1
3114808;4617;1
3114907;2309;1
3115003;3071;1
3115102;18057;3
3115201;4050;1
3115300;75025;5
3115359;5316;2
3115409;3666;1
3115458;6612;2
3115474;5151;2
3115508;22208;4
3115607;1209;1
3115706;7112;2
3115805;10622;3
3115904;3101;1
3116001;5823;2
3116100;15675;3
3116159;12971;3
3116209;2789;1
3116308;6868;2
3116407;4847;1
3116506;7819;2
3116605;28287;4
3116704;7559;2
3116803;9146;2
3116902;3138;1
3117009;7599;2
3117108;10374;3
3117207;2858;1
3117306;26818;4
3117405;4644;1
3117504;18126;3
3117603;5515;2
3117702;13724;3
3117801;11467;3
3117836;7624;2
3117876;6608;2
3117900;11706;3
3118007;53843;5
3118106;5134;2
3118205;6960;2
3118304;127369;6
3118403;23240;4
3118502;1810;1
3118601;658580;7
3118700;9432;2
3118809;27052;4
3118908;9029;2
3119005;3587;1
3119104;24384;4
3119203;10339;3
3119302;28508;4
3119401;110326;6
3119500;9411;2
3119609;3125;1
3119708;3471;1
3119807;3359;1
3119906;3804;1
3119955;6295;2
3120003;2970;1
3120102;4444;1
3120151;6631;2
3120201;12564;3
3120300;6042;2
3120409;5225;2
3120508;10482;3
3120607;5057;2
3120706;4174;1
3120805;15497;3
3120839;4995;1
3120870;7623;2
3120904;79878;5
3121001;5471;2
3121100;8205;2
3121209;7186;2
3121258;9904;2
3121308;5047;2
3121407;7334;2
3121506;3015;1
3121605;48230;4
3121704;3913;1
3121803;8287;2
3121902;3455;1
3122009;20133;4
3122108;5086;2
3122207;7559;2
3122306;234937;6
3122355;6625;2
3122405;6068;2
3122454;10547;3
3122470;3818;1
3122504;5247;2
3122603;4602;1
3122702;5351;2
3122801;3072;1
3122900;6527;2
3123007;10093;3
3123106;5316;2
3123205;13923;3
3123304;4437;1
3123403;1533;1
3123502;1930;1
3123528;7884;2
3123601;27730;4
3123700;11098;3
3123809;7377;2
3123858;5443;2
3123908;15292;3
3124005;19015;3
3124104;69010;5
3124203;24805;4
3124302;32214;4
3124401;4712;1
3124500;11449;3
3124609;2448;1
3124708;3590;1
3124807;7981;2
3124906;11285;3
3125002;3952;1
3125101;34344;4
3125200;2426;1
3125309;3371;1
3125408;5012;2
3125507;3205;1
3125606;7431;2
3125705;15273;3
3125804;3369;1
3125903;10432;3
3125952;11039;3
3126000;7343;2
3126109;68423;5
3126208;9294;2
3126307;4407;1
3126406;2932;1
3126505;10557;3
3126604;5215;2
3126703;26428;4
3126752;5672;2
3126802;6024;2
3126901;9597;2
3126950;3510;1
3127008;17072;3
3127057;4733;1
3127073;5709;2
3127107;58770;5
3127206;4277;1
3127305;7034;2
3127339;5246;2
3127354;3160;1
3127370;3328;1
3127388;3952;1
3127404;4410;1
3127503;6223;2
3127602;12064;3
3127701;280901;6
3127800;15931;3
3127909;1418;1
3128006;34054;4
3128105;14460;3
3128204;10542;3
3128253;5001;2
3128303;19378;3
3128402;9047;2
3128501;3938;1
3128600;6736;2
3128709;52294;5
3128808;7300;2
3128907;7956;2
3129004;8714;2
3129103;5959;2
3129202;6561;2
3129301;10962;3
3129400;5150;2
3129509;25100;4
3129608;8400;2
3129657;6165;2
3129707;13575;3
3129806;177475;6
3129905;3536;1
3130002;3018;1
3130051;11835;3
3130101;41127;4
3130200;10547;3
3130309;8172;2
3130408;6460;2
3130507;12358;3
3130556;6899;2
3130606;7356;2
3130655;7524;2
3130705;6806;2
3130804;2785;1
3130903;24792;4
3131000;6240;2
3131109;7489;2
3131158;18375;3
3131208;19736;3
3131307;261203;6
3131406;4285;1
3131505;10125;3
3131604;6969;2
3131703;119285;6
3131802;11498;3
3131901;50816;5
3132008;5374;2
3132107;18443;3
3132206;13329;3
3132305;12725;3
3132404;97000;5
3132503;34661;4
3132602;4362;1
3132701;23637;4
3132800;2207;1
3132909;10501;3
3133006;15391;3
3133105;15290;3
3133204;12394;3
3133303;21559;4
3133402;15041;3
3133501;22158;4
3133600;9618;2
3133709;10979;3
3133758;16082;3
3133808;92696;5
3133907;5690;2
3134004;15147;3
3134103;6120;2
3134202;104526;6
3134301;6213;2
3134400;38484;4
3134509;3926;1
3134608;19545;3
3134707;12561;3
3134806;7809;2
3134905;25453;4
3135001;3158;1
3135050;37939;4
3135076;5414;2
3135100;71653;5
3135209;68584;5
3135308;4308;1
3135357;8683;2
3135407;5209;2
3135456;7672;2
3135506;12859;3
3135605;7890;2
3135704;5319;2
3135803;25560;4
3135902;4898;1
3136009;15634;3
3136108;4996;1
3136207;79590;5
3136306;48751;4
3136405;4669;1
3136504;10901;3
3136520;4631;1
3136553;4894;1
3136579;4877;1
3136603;5804;2
3136652;25874;4
3136702;563769;7
3136801;4358;1
3136900;10341;3
3136959;5860;2
3137007;18152;3
3137106;7795;2
3137205;51204;5
3137304;4248;1
3137403;13056;3
3137502;18175;3
3137536;9440;2
3137601;61752;5
3137700;20301;4
3137809;20870;4
3137908;3498;1
3138005;6852;2
3138104;6664;2
3138203;102124;6
3138302;3300;1
3138351;4998;1
3138401;53354;5
3138500;5296;2
3138609;16910;3
3138625;7487;2
3138658;9044;2
3138674;6409;2
3138682;6756;2
3138708;5572;2
3138807;18400;3
3138906;7237;2
3139003;41920;4
3139102;5153;2
3139201;19157;3
3139250;6624;2
3139300;19372;3
3139409;88580;5
3139508;22784;4
3139607;28132;4
3139706;7876;2
3139805;12743;3
3139904;14488;3
3140001;59857;5
3140100;4254;1
3140159;14988;3
3140209;2979;1
3140308;4129;1
3140407;2900;1
3140506;13436;3
3140530;8172;2
3140555;8539;2
3140605;4619;1
3140704;30678;4
3140803;14449;3
3140852;10999;3
3140902;18914;3
3141009;12849;3
3141108;37344;4
3141207;3846;1
3141306;3765;1
3141405;21409;4
3141504;6564;2
3141603;10868;3
3141702;5911;2
3141801;32009;4
3141900;3970;1
3142007;13726;3
3142106;10837;3
3142205;14946;3
3142254;4885;1
3142304;4957;1
3142403;7525;2
3142502;2327;1
3142601;8711;2
3142700;15603;3
3142809;21095;4
3142908;21783;4
3143005;13453;3
3143104;48248;4
3143153;4936;1
3143203;21949;4
3143302;402027;6
3143401;23444;4
3143450;8168;2
3143500;8860;2
3143609;2595;1
3143708;3339;1
3143807;6261;2
3143906;108537;6
3144003;27528;4
3144102;21026;4
3144201;3274;1
3144300;41787;4
3144359;6930;2
3144375;3382;1
3144409;4820;1
3144508;8583;2
3144607;27053;4
3144656;10375;3
3144672;3465;1
3144706;17994;3
3144805;92178;5
3144904;3757;1
3145000;14934;3
3145059;7648;2
3145109;16645;3
3145208;94681;5
3145307;31884;4
3145356;10869;3
3145372;5308;2
3145406;1873;1
3145455;5943;2
3145505;2763;1
3145604;41907;4
3145703;2182;1
3145802;3192;1
3145851;4710;1
3145877;7949;2
3145901;38935;4
3146008;33716;4
3146107;74659;5
3146206;6110;2
3146255;6338;2
3146305;20177;4
3146404;4650;1
3146503;8391;2
3146552;6184;2
3146602;1577;1
3146701;6753;2
3146750;6161;2
3146909;15516;3
3147006;92386;5
3147105;92739;5
3147204;21583;4
3147303;20983;4
3147402;24427;4
3147501;1732;1
3147600;16470;3
3147709;8324;2
3147808;2104;1
3147907;114458;6
3147956;5976;2
3148004;150893;6
3148103;89983;5
3148202;5680;2
3148301;9698;2
3148400;4982;1
3148509;8709;2
3148608;17871;3
3148707;24748;4
3148756;7117;2
3148806;3270;1
3148905;4034;1
3149002;2452;1
3149101;11570;3
3149150;11396;3
3149200;3672;1
3149309;63837;5
3149408;1843;1
3149507;3347;1
3149606;4395;1
3149705;10846;3
3149804;15925;3
3149903;21444;4
3149952;7060;2
3150000;4311;1
3150109;2850;1
3150158;8247;2
3150208;4213;1
3150307;4684;1
3150406;4981;1
3150505;8720;2
3150539;4873;1
3150570;7585;2
3150604;6566;2
3150703;5790;2
3150802;17918;3
3150901;5514;2
3151008;8597;2
3151107;10876;3
3151206;56706;5
3151305;11080;3
3151404;27706;4
3151503;34525;4
3151602;11796;3
3151701;16903;3
3151800;166085;6
3151909;8841;2
3152006;31612;4
3152105;60361;5
3152131;4259;1
3152170;12138;3
3152204;38741;4
3152303;11245;3
3152402;16641;3
3152501;147137;6
3152600;6185;2
3152709;9021;2
3152808;27796;4
3152907;8890;2
3153004;3569;1
3153103;5562;2
3153202;3827;1
3153301;3061;1
3153400;19599;3
3153509;8522;2
3153608;10577;3
3153707;3557;1
3153806;1958;1
3153905;16390;3
3154002;24368;4
3154101;10697;3
3154150;7117;2
3154200;11569;3
3154309;17715;3
3154408;4861;1
3154457;8290;2
3154507;9672;2
3154606;328871;6
3154705;4058;1
3154804;10123;3
3154903;14130;3
3155009;2623;1
3155108;5302;2
3155207;5825;2
3155306;5774;2
3155405;9084;2
3155504;12462;3
3155603;31016;4
3155702;14624;3
3155801;18061;3
3155900;5544;2
3156007;13453;3
3156106;4834;1
3156205;2293;1
3156304;7857;2
3156403;3644;1
3156452;4580;1
3156502;6789;2
3156601;10377;3
3156700;135968;6
3156809;15936;3
3156908;25998;4
3157005;41678;4
3157104;7127;2
3157203;30690;4
3157252;8180;2
3157278;3096;1
3157302;4590;1
3157336;8547;2
3157377;4337;1
3157401;4960;1
3157500;4587;1
3157609;3985;1
3157658;6410;2
3157708;13380;3
3157807;218897;6
3157906;16173;3
3158003;11007;3
3158102;5381;2
3158201;14896;3
3158300;7322;2
3158409;3876;1
3158508;7965;2
3158607;4032;1
3158706;2436;1
3158805;4861;1
3158904;8853;2
3158953;32828;4
3159001;4301;1
3159100;3887;1
3159209;9198;2
3159308;5043;2
3159357;7149;2
3159407;3566;1
3159506;5699;2
3159605;42324;4
3159704;3386;1
3159803;19646;3
3159902;18553;3
3160009;3668;1
3160108;4071;1
3160207;4040;1
3160306;11977;3
3160405;28115;4
3160454;7339;2
3160504;1813;1
3160603;3218;1
3160702;47561;4
3160801;5159;2
3160900;3747;1
3160959;5697;2
3161007;17787;3
3161056;3458;1
3161106;56805;5
3161205;6673;2
3161304;6224;2
3161403;5085;2
3161502;11905;3
3161601;4214;1
3161650;3920;1
3161700;6898;2
3161809;11985;3
3161908;10773;3
3162005;25517;4
3162104;35016;4
3162203;7431;2
3162252;4942;1
3162302;2811;1
3162401;25856;4
3162450;12862;3
3162500;90263;5
3162559;11367;3
3162575;5759;2
3162609;7819;2
3162658;4396;1
3162708;23729;4
3162807;16083;3
3162906;26538;4
3162922;30160;4
3162948;7374;2
3162955;22910;4
3163003;4303;1
3163102;4834;1
3163201;4228;1
3163300;3946;1
3163409;5633;2
3163508;6650;2
3163607;2787;1
3163706;45457;4
3163805;7045;2
3163904;4911;1
3164001;8181;2
3164100;5494;2
3164209;11892;3
3164308;7092;2
3164407;5438;2
3164431;3006;1
3164472;6419;2
3164506;10511;3
3164605;6589;2
3164704;70533;5
3164803;1582;1
3164902;2249;1
3165008;11073;3
3165107;7222;2
3165206;7106;2
3165305;7672;2
3165404;6850;2
3165503;6198;2
3165537;31037;4
3165552;12060;3
3165560;2776;1
3165578;5439;2
3165602;2049;1
3165701;7792;2
3165800;1672;1
3165909;4410;1
3166006;5892;2
3166105;3602;1
3166204;10622;3
3166303;7434;2
3166402;1874;1
3166501;4372;1
3166600;812;1
3166709;8809;2
3166808;11491;3
3166907;7812;2
3166956;4769;1
3167004;2023;1
3167103;21435;4
3167202;236228;6
3167301;2292;1
3167400;6314;2
3167509;2651;1
3167608;19633;3
3167707;5791;2
3167806;6131;2
3167905;3963;1
3168002;33824;4
3168051;3196;1
3168101;4650;1
3168200;1921;1
3168309;4075;1
3168408;14667;3
3168507;11836;3
3168606;141934;6
3168705;88931;5
3168804;7807;2
3168903;6795;2
3169000;16766;3
3169059;4147;1
3169109;6232;2
3169208;8772;2
3169307;78999;5
3169356;31687;4
3169406;57097;5
3169505;6739;2
3169604;25538;4
3169703;19762;3
3169802;5025;2
3169901;113300;6
3170008;12531;3
3170057;12622;3
3170107;328272;6
3170206;676613;7
3170305;2709;1
3170404;83980;5
3170438;4452;1
3170479;3338;1
3170503;10589;3
3170529;16095;3
3170578;6632;2
3170602;2209;1
3170651;5032;2
3170701;134364;6
3170750;6947;2
3170800;39128;4
3170909;19723;3
3171006;20784;4
3171030;9220;2
3171071;5798;2
3171105;3911;1
3171154;4905;1
3171204;122365;6
3171303;78381;5
3171402;3741;1
3171501;3342;1
3171600;14043;3
3171709;8870;2
3171808;10793;3
3171907;5613;2
3172004;41932;4
3172103;5315;2
3172202;2615;1
3200102;32361;4
3200136;10085;3
3200169;11893;3
3200201;32146;4
3200300;15082;3
3200359;8022;2
3200409;28546;4
3200508;7932;2
3200607;98393;5
3200706;11804;3
3200805;31794;4
3200904;45283;4
3201001;15460;3
3201100;10254;3
3201159;12838;3
3201209;211649;6
3201308;387368;6
3201407;38304;4
3201506;124525;6
3201605;31574;4
3201704;12944;3
3201803;4612;1
3201902;34757;4
3202009;6949;2
3202108;24217;4
3202207;20757;4
3202256;12600;3
3202306;31201;4
3202405;123166;6
3202454;25882;4
3202504;12581;3
3202553;9373;2
3202603;14016;3
3202652;13380;3
3202702;14815;3
3202801;34628;4
3202900;11231;3
3203007;29896;4
3203056;29642;4
3203106;12036;3
3203130;17168;3
3203163;11457;3
3203205;169048;6
3203304;15419;3
3203320;38670;4
3203346;16545;3
3203353;12602;3
3203403;27388;4
3203502;19391;3
3203601;5861;2
3203700;18745;3
3203809;15806;3
3203908;50991;5
3204005;23697;4
3204054;26537;4
3204104;27130;4
3204203;21336;4
3204252;7901;2
3204302;11742;3
3204351;19457;3
3204401;12095;3
3204500;12889;3
3204559;39928;4
3204609;24025;4
3204658;8818;2
3204708;37375;4
3204807;11036;3
3204906;128449;6
3204955;12579;3
3205002;502618;7
3205010;29038;4
3205036;21584;4
3205069;24575;4
3205101;76776;5
3205150;9459;2
3205176;14697;3
3205200;486388;6
3205309;363140;6
3300100;194619;6
3300159;11292;3
3300209;126742;6
3300225;12143;3
3300233;32260;4
3300258;29304;4
3300308;97460;5
3300407;179451;6
3300456;495783;6
3300506;26566;4
3300605;36068;4
3300704;216030;6
3300803;57048;5
3300902;15124;3
3300936;15568;3
3300951;8336;2
3301009;490288;6
3301108;19697;3
3301157;12519;3
3301207;18264;3
3301306;41999;4
3301405;22461;4
3301504;21250;4
3301603;11169;3
3301702;890997;7
3301801;13576;3
3301850;57921;5
3301876;26936;4
3301900;232394;6
3302007;122369;6
3302056;14723;3
3302106;22694;4
3302205;99997;5
3302254;30703;4
3302270;101237;6
3302304;7217;2
3302403;244139;6
3302452;5434;2
3302502;237420;6
3302601;42415;4
3302700;153008;6
3302809;18123;3
3302858;171280;6
3302908;24871;4
3303005;26551;4
3303104;14960;3
3303203;158329;6
3303302;499028;6
3303401;185381;6
3303500;798647;7
3303609;50447;5
3303708;42922;4
3303807;41454;4
3303856;26991;4
3303906;298235;6
3303955;24282;4
3304003;28222;4
3304102;18248;3
3304110;18829;3
3304128;13785;3
3304144;145386;6
3304151;23535;4
3304201;126923;6
3304300;58272;5
3304409;17988;3
3304508;8984;2
3304524;141117;6
3304557;6520266;7
3304607;10172;3
3304706;41312;4
3304755;41191;4
3304805;37689;4
3304904;1049826;7
3305000;35174;4
3305109;460461;6
3305133;6953;2
3305158;21114;4
3305208;99906;5
3305307;9094;2
3305406;17765;3
3305505;85175;5
3305554;84416;5
3305604;21253;4
3305703;15191;3
3305752;32970;4
3305802;176060;6
3305901;10352;3
3306008;79402;5
3306107;74237;5
3306156;10597;3
3306206;35768;4
3306305;265201;6
3500105;35139;4
3500204;3609;1
3500303;35508;4
3500402;8104;2
3500501;18509;3
3500550;6009;2
3500600;3268;1
3500709;36880;4
3500758;5754;2
3500808;4135;1
3500907;4109;1
3501004;16219;3
3501103;4154;1
3501152;18324;3
3501202;3795;1
3501301;24813;4
3501400;5119;2
3501509;3196;1
3501608;233868;6
3501707;39189;4
3501806;5967;2
3501905;71193;5
3502002;4845;1
3502101;57350;5
3502200;24634;4
3502309;6484;2
3502408;4053;1
3502507;36279;4
3502606;4329;1
3502705;24945;4
3502754;21038;4
3502804;194874;6
3502903;32495;4
3503000;5552;2
3503109;6368;2
3503158;2509;1
3503208;230770;6
3503307;131282;6
3503356;1856;1
3503406;8452;2
3503505;3879;1
3503604;11107;3
3503703;9451;2
3503802;51986;5
3503901;86430;5
3503950;1842;1
3504008;102924;6
3504107;139683;6
3504206;15085;3
3504305;5337;2
3504404;13112;3
3504503;89479;5
3504602;16843;3
3504701;5188;2
3504800;8908;2
3504909;10867;3
3505005;3406;1
3505104;7251;2
3505203;34602;4
3505302;36331;4
3505351;5653;2
3505401;7781;2
3505500;120638;6
3505609;31921;4
3505708;267534;6
3505807;21073;4
3505906;61480;5
3506003;371690;6
3506102;77761;5
3506201;2925;1
3506300;11180;3
3506359;59297;5
3506409;7837;2
3506508;120692;6
3506607;31793;4
3506706;14727;3
3506805;12040;3
3506904;11236;3
3507001;57910;5
3507100;24023;4
3507159;3888;1
3507209;839;1
3507308;4717;1
3507407;15791;3
3507456;2577;1
3507506;142546;6
3507605;164163;6
3507704;5557;2
3507753;2812;1
3507803;24092;4
3507902;23858;4
3508009;19737;3
3508108;16841;3
3508207;4408;1
3508306;4352;1
3508405;47877;4
3508504;92587;5
3508603;32773;4
3508702;19025;3
3508801;17645;3
3508900;4211;1
3509007;98223;5
3509106;5695;2
3509205;73921;5
3509254;28870;4
3509304;10444;3
3509403;25655;4
3509452;5963;2
3509502;1182429;7
3509601;82520;5
3509700;51454;5
3509809;4900;1
3509908;12609;3
3509957;4975;1
3510005;31263;4
3510104;2792;1
3510153;5025;2
3510203;47463;4
3510302;20005;4
3510401;54298;5
3510500;116786;6
3510609;396587;6
3510708;12328;3
3510807;30144;4
3510906;2591;1
3511003;20362;4
3511102;120691;6
3511201;7700;2
3511300;8971;2
3511409;19495;3
3511508;46733;4
3511607;17587;3
3511706;16772;3
3511904;8254;2
3512001;18376;3
3512100;6225;2
3512209;27554;4
3512308;17638;3
3512407;23793;4
3512506;5885;2
3512605;4840;1
3512704;4054;1
3512803;69086;5
3512902;7374;2
3513009;237750;6
3513108;34651;4
3513207;8424;2
3513306;2161;1
3513405;81724;5
3513504;128748;6
3513603;21929;4
3513702;33346;4
3513801;417869;6
3513850;1785;1
3513900;11384;3
3514007;8744;2
3514106;26891;4
3514205;2136;1
3514304;8909;2
3514403;46324;4
3514502;12549;3
3514601;9468;2
3514700;6247;2
3514809;15436;3
3514908;17393;3
3514924;3537;1
3514957;2476;1
3515004;267054;6
3515103;68270;5
3515129;3197;1
3515152;19497;3
3515186;44170;4
3515194;4713;1
3515202;8466;2
3515301;2769;1
3515350;9559;2
3515400;16028;3
3515509;68670;5
3515608;5782;2
3515657;1691;1
3515707;188868;6
3515806;1571;1
3515905;2982;1
3516002;14282;3
3516101;2758;1
3516200;347237;6
3516309;171602;6
3516408;149502;6
3516507;2791;1
3516606;6776;2
3516705;44582;4
3516804;4683;1
3516853;4739;1
3516903;10951;3
3517000;11362;3
3517109;4800;1
3517208;11869;3
3517307;5737;2
3517406;40287;4
3517505;20637;4
3517604;17640;3
3517703;21081;4
3517802;8466;2
3517901;10964;3
3518008;2017;1
3518107;6672;2
3518206;32654;4
3518305;28978;4
3518404;120417;6
3518503;17551;3
3518602;39216;4
3518701;315563;6
3518800;1349113;7
3518859;7546;2
3518909;5179;2
3519006;9397;2
3519055;14012;3
3519071;222186;6
3519105;11343;3
3519204;6434;2
3519253;8484;2
3519303;34226;4
3519402;12096;3
3519501;7540;2
3519600;58715;5
3519709;77566;5
3519808;8112;2
3519907;8103;2
3520004;24596;4
3520103;30073;4
3520202;9443;2
3520301;30644;4
3520400;33354;4
3520426;10656;3
3520442;26540;4
3520509;239602;6
3520608;4931;1
3520707;3951;1
3520806;3933;1
3520905;14766;3
3521002;34913;4
3521101;7177;2
3521150;5178;2
3521200;4299;1
3521309;15932;3
3521408;23264;4
3521507;7878;2
3521606;8248;2
3521705;17879;3
3521804;26526;4
3521903;15246;3
3522000;3703;1
3522109;98629;5
3522158;3341;1
3522208;170927;6
3522307;160070;6
3522406;93570;5
3522505;229502;6
3522604;73844;5
3522653;4186;1
3522703;42747;4
3522802;15165;3
3522901;13618;3
3523008;4802;1
3523107;360657;6
3523206;50379;5
3523305;17062;3
3523404;116503;6
3523503;20158;4
3523602;17589;3
3523701;6405;2
3523800;7853;2
3523909;170157;6
3524006;57031;5
3524105;41414;4
3524204;6917;2
3524303;76563;5
3524402;229851;6
3524501;6728;2
3524600;17900;3
3524709;54204;5
3524808;49110;4
3524907;6305;2
3525003;121492;6
3525102;42904;4
3525201;28540;4
3525300;146338;6
3525409;3202;1
3525508;12947;3
3525607;4468;1
3525706;36198;4
3525805;4733;1
3525854;3237;1
3525904;409497;6
3526001;20353;4
3526100;19192;3
3526209;31027;4
3526308;4943;1
3526407;27890;4
3526506;11156;3
3526605;7150;2
3526704;101184;6
3526803;67185;5
3526902;300911;6
3527009;7695;2
3527108;77021;5
3527207;87980;5
3527256;2270;1
3527306;45922;4
3527405;21461;4
3527504;2381;1
3527603;14021;3
3527702;5633;2
3527801;4573;1
3527900;2705;1
3528007;17111;3
3528106;8086;2
3528205;3736;1
3528304;3185;1
3528403;46567;4
3528502;95601;5
3528601;9714;2
3528700;5611;2
3528809;13981;3
3528858;2949;1
3528908;4087;1
3529005;235234;6
3529104;2140;1
3529203;26123;4
3529302;82307;5
3529401;462005;6
3529500;5302;2
3529609;3892;1
3529658;1926;1
3529708;21973;4
3529807;12812;3
3529906;20288;4
3530003;3045;1
3530102;29315;4
3530201;18130;3
3530300;58760;5
3530409;4758;1
3530508;68994;5
3530607;433901;6
3530706;149396;6
3530805;92365;5
3530904;3470;1
3531001;2249;1
3531100;54257;5
3531209;7871;2
3531308;49979;4
3531407;24393;4
3531506;19234;3
3531605;4190;1
3531704;4549;1
3531803;57240;5
3531902;32220;4
3532009;13232;3
3532058;4676;1
3532108;4453;1
3532157;3049;1
3532207;4746;1
3532306;6754;2
3532405;18121;3
3532504;8999;2
3532603;11398;3
3532702;4994;1
3532801;6733;2
3532827;9504;2
3532843;1978;1
3532868;1239;1
3532900;10755;3
3533007;21071;4
3533106;2304;1
3533205;3745;1
3533254;5527;2
3533304;3953;1
3533403;58227;5
3533502;40225;4
3533601;7341;2
3533700;4308;1
3533809;2583;1
3533908;54037;5
3534005;4286;1
3534104;6473;2
3534203;6731;2
3534302;43306;4
3534401;697886;7
3534500;2616;1
3534609;32709;4
3534708;111813;6
3534757;9897;2
3534807;8440;2
3534906;14086;3
3535002;12542;3
3535101;12730;3
3535200;9496;2
3535309;22196;4
3535408;15619;3
3535507;45255;4
3535606;18206;3
3535705;6369;2
3535804;19730;3
3535903;4051;1
3536000;11073;3
3536109;6259;2
3536208;19537;3
3536257;2150;1
3536307;14351;3
3536406;7147;2
3536505;102499;6
3536570;1841;1
3536604;8953;2
3536703;45708;4
3536802;6078;2
3536901;2547;1
3537008;16645;3
3537107;46598;4
3537156;3087;1
3537206;11136;3
3537305;62738;5
3537404;25790;4
3537503;8410;2
3537602;66572;5
3537701;5846;2
3537800;55092;5
3537909;28718;4
3538006;164000;6
3538105;16656;3
3538204;14763;3
3538303;3693;1
3538501;13976;3
3538600;26991;4
3538709;397322;6
3538808;29790;4
3538907;24973;4
3539004;11323;3
3539103;18174;3
3539202;27021;4
3539301;75474;5
3539400;13335;3
3539509;38889;4
3539608;5067;2
3539707;3488;1
3539806;115488;6
3539905;5935;2
3540002;21674;4
3540101;3480;1
3540200;47638;4
3540259;4519;1
3540309;2594;1
3540408;4240;1
3540507;9565;2
3540606;52507;5
3540705;55432;5
3540754;23360;4
3540804;17002;3
3540853;3768;1
3540903;20516;4
3541000;310024;6
3541059;5126;2
3541109;4155;1
3541208;13420;3
3541307;43897;4
3541406;225271;6
3541505;39544;4
3541604;39506;4
3541653;3680;1
3541703;13893;3
3541802;3267;1
3541901;12949;3
3542008;6530;2
3542107;9054;2
3542206;29821;4
3542305;3908;1
3542404;19985;3
3542503;9042;2
3542602;56430;5
3542701;7384;2
3542800;3390;1
3542909;13060;3
3543006;17220;3
3543105;4644;1
3543204;4571;1
3543238;2243;1
3543253;7697;2
3543303;121848;6
3543402;682302;7
3543501;5792;2
3543600;3618;1
3543709;10823;3
3543808;10098;3
3543907;202952;6
3544004;33935;4
3544103;49408;4
3544202;12086;3
3544251;17795;3
3544301;10512;3
3544400;3046;1
3544509;3102;1
3544608;5549;2
3544707;2453;1
3544806;6144;2
3544905;11641;3
3545001;16903;3
3545100;5222;2
3545159;8019;2
3545209;116191;6
3545308;44397;4
3545407;9287;2
3545506;4174;1
3545605;15331;3
3545704;5999;2
3545803;191889;6
3546009;14667;3
3546108;2134;1
3546207;4409;1
3546256;2110;1
3546306;33455;4
3546405;47148;4
3546504;5662;2
3546603;31802;4
3546702;25637;4
3546801;56014;5
3546900;8758;2
3547007;6021;2
3547106;2945;1
3547205;1555;1
3547304;131887;6
3547403;2544;1
3547502;27590;4
3547601;26067;4
3547650;1536;1
3547700;21030;4
3547809;715231;7
3547908;6829;2
3548005;22801;4
3548054;8285;2
3548104;6029;2
3548203;6800;2
3548302;3057;1
3548401;4687;1
3548500;434742;6
3548609;10895;3
3548708;827437;7
3548807;159608;6
3548906;246088;6
3549003;2850;1
3549102;90089;5
3549201;2601;1
3549250;1904;1
3549300;2132;1
3549409;50921;5
3549508;8885;2
3549607;4181;1
3549706;54734;5
3549805;450657;6
3549904;703219;7
3549953;15465;3
3550001;10740;3
3550100;40692;4
3550209;32910;4
3550308;12106920;7
3550407;34898;4
3550506;7624;2
3550605;88473;5
3550704;85538;5
3550803;12317;3
3550902;15225;3
3551009;360380;6
3551108;10034;3
3551207;3681;1
3551306;3411;1
3551405;13810;3
3551504;43790;4
3551603;28742;4
3551702;122643;6
3551801;13053;3
3551900;17115;3
3552007;6228;2
3552106;40220;4
3552205;659871;7
3552304;7733;2
3552403;273007;6
3552502;290769;6
3552551;3836;1
3552601;12251;3
3552700;16159;3
3552809;279634;6
3552908;6193;2
3553005;13111;3
3553104;6255;2
3553203;5603;2
3553302;23267;4
3553401;25723;4
3553500;7973;2
3553609;13062;3
3553658;2823;1
3553708;56951;5
3553807;23240;4
3553856;5715;2
3553906;7302;2
3553955;14547;3
3554003;118939;6
3554102;307953;6
3554201;4677;1
3554300;22914;4
3554409;9227;2
3554508;41022;4
3554607;2690;1
3554656;2395;1
3554706;9934;2
3554755;1691;1
3554805;45904;4
3554904;5767;2
3554953;6689;2
3555000;65758;5
3555109;15321;3
3555208;2016;1
3555307;1827;1
3555356;6080;2
3555406;88313;5
3555505;4734;1
3555604;10047;3
3555703;1793;1
3555802;9148;2
3555901;1207;1
3556008;13655;3
3556107;12800;3
3556206;124024;6
3556305;25632;4
3556354;10143;3
3556404;42310;4
3556453;50346;5
3556503;118917;6
3556602;10963;3
3556701;75129;5
3556800;18654;3
3556909;8335;2
3556958;1833;1
3557006;119898;6
3557105;92768;5
3557154;2636;1
3557204;12487;3
3557303;11067;3
4100103;7768;2
4100202;6254;2
4100301;9161;2
4100400;115364;6
4100459;2948;1
4100509;21988;4
4100608;14693;3
4100707;10222;3
4100806;11237;3
4100905;6084;2
4101002;18886;3
4101051;2901;1
4101101;20769;4
4101150;2974;1
4101200;19420;3
4101309;7587;2
4101408;132691;6
4101507;118477;6
4101606;27906;4
4101655;3343;1
4101705;14098;3
4101804;137452;6
4101853;2301;1
4101903;15999;3
4102000;34064;4
4102109;26196;4
4102208;3999;1
4102307;12602;3
4102406;32486;4
4102505;12300;3
4102604;10314;3
4102703;2828;1
4102752;3774;1
4102802;15656;3
4102901;16627;3
4103008;4392;1
4103024;2671;1
4103040;6665;2
4103057;7911;2
4103107;12477;3
4103156;3733;1
4103206;7019;2
4103222;3358;1
4103305;7280;2
4103354;5687;2
4103370;2943;1
4103404;2911;1
4103453;17175;3
4103479;4245;1
4103503;8583;2
4103602;25401;4
4103701;105347;6
4103800;7808;2
4103909;15042;3
4103958;4062;1
4104006;42547;4
4104055;4162;1
4104105;7829;2
4104204;127309;6
4104253;28244;4
4104303;94153;5
4104402;16059;3
4104428;15978;3
4104451;13505;3
4104501;19364;3
4104600;15850;3
4104659;22282;4
4104709;14431;3
4104808;319608;6
4104907;71501;5
4105003;10451;3
4105102;11246;3
4105201;17885;3
4105300;11764;3
4105409;19911;3
4105508;79571;5
4105607;12326;3
4105706;17250;3
4105805;237402;6
4105904;23941;4
4106001;8821;2
4106100;3866;1
4106209;17961;3
4106308;17193;3
4106407;48677;4
4106456;7547;2
4106506;21666;4
4106555;3617;1
4106571;4369;1
4106605;21237;4
4106704;4619;1
4106803;18907;3
4106852;3110;1
4106902;1908359;7
4107009;15004;3
4107108;5389;2
4107124;3555;1
4107157;5294;2
4107207;39856;4
4107256;8439;2
4107306;6069;2
4107405;6168;2
4107504;14314;3
4107520;1852;1
4107538;4406;1
4107546;4447;1
4107553;3323;1
4107603;17306;3
4107652;95225;5
4107702;4898;1
4107736;5904;2
4107751;8177;2
4107801;5103;2
4107850;4782;1
4107900;6603;2
4108007;11087;3
4108106;2697;1
4108205;7133;2
4108304;264044;6
4108320;6350;2
4108403;88465;5
4108452;5079;2
4108502;14038;3
4108551;3178;1
4108601;29664;4
4108650;7448;2
4108700;6167;2
4108809;32974;4
4108908;6591;2
4108957;8619;2
4109005;3934;1
4109104;2292;1
4109203;5492;2
4109302;13641;3
4109401;180364;6
4109500;7923;2
4109609;35986;4
4109658;5643;2
4109708;31095;4
4109757;6396;2
4109807;53356;5
4109906;8482;2
4110003;4343;1
4110052;2304;1
4110078;12697;3
4110102;31719;4
4110201;11331;3
4110300;3137;1
4110409;4504;1
4110508;15139;3
4110607;14704;3
4110656;2462;1
4110706;60425;5
4110805;10608;3
4110904;4620;1
4110953;10587;3
4111001;6819;2
4111100;6210;2
4111209;11685;3
4111258;27500;4
4111308;3229;1
4111407;13797;3
4111506;32720;4
4111555;8120;2
4111605;3240;1
4111704;5255;2
4111803;40263;4
4111902;13398;3
4112009;34822;4
4112108;21341;4
4112207;5897;2
4112306;5084;2
4112405;9307;2
4112504;12019;3
4112603;1396;1
4112702;12615;3
4112751;8861;2
4112801;11731;3
4112900;3430;1
4112959;7650;2
4113007;7026;2
4113106;4368;1
4113205;48067;4
4113254;6205;2
4113304;32379;4
4113403;4131;1
4113429;3662;1
4113452;5071;2
4113502;22903;4
4113601;4751;1
4113700;558439;7
4113734;7455;2
4113759;5063;2
4113809;4911;1
4113908;13738;3
4114005;13798;3
4114104;22164;4
4114203;34559;4
4114302;25662;4
4114351;2861;1
4114401;17269;3
4114500;13708;3
4114609;51795;5
4114708;5932;2
4114807;34955;4
4114906;9068;2
4115002;7166;2
4115101;10555;3
4115200;406693;6
4115309;6638;2
4115358;5776;2
4115408;14539;3
4115457;4725;1
4115507;4765;1
4115606;17640;3
4115705;33450;4
4115739;3576;1
4115754;10039;3
4115804;45586;4
4115853;5476;2
4115903;2314;1
4116000;1875;1
4116059;10879;3
4116109;12621;3
4116208;16540;3
4116307;3958;1
4116406;4075;1
4116505;1536;1
4116604;3545;1
4116703;11300;3
4116802;6295;2
4116901;28084;4
4116950;5194;2
4117008;8356;2
4117057;11927;3
4117107;13486;3
4117206;5829;2
4117214;4217;1
4117222;8186;2
4117255;10745;3
4117271;6498;2
4117297;2908;1
4117305;23200;4
4117404;3494;1
4117453;6023;2
4117503;40156;4
4117602;48990;4
4117701;34023;4
4117800;14189;3
4117909;31366;4
4118006;13345;3
4118105;11265;3
4118204;152975;6
4118303;3117;1
4118402;87850;5
4118451;5432;2
4118501;80710;5
4118600;5842;2
4118709;7360;2
4118808;14198;3
4118857;6105;2
4118907;11101;3
4119004;6674;2
4119103;12455;3
4119152;129445;6
4119202;6440;2
4119251;2757;1
4119301;32322;4
4119400;25277;4
4119509;107751;6
4119608;32015;4
4119657;3140;1
4119707;4303;1
4119806;13889;3
4119905;344332;6
4119954;25393;4
4120002;13754;3
4120101;4835;1
4120150;3491;1
4120200;2611;1
4120309;4148;1
4120333;3718;1
4120358;5477;2
4120408;5227;2
4120507;11286;3
4120606;52125;5
4120655;4764;1
4120705;7472;2
4120804;22651;4
4120853;4031;1
4120903;33543;4
4121000;12320;3
4121109;4897;1
4121208;18733;3
4121257;4435;1
4121307;3963;1
4121356;2800;1
4121406;17111;3
4121505;14981;3
4121604;6979;2
4121703;26763;4
4121752;7927;2
4121802;10941;3
4121901;13557;3
4122008;15125;3
4122107;3337;1
4122156;13552;3
4122172;4119;1
4122206;32504;4
4122305;33857;4
4122404;64726;5
4122503;10779;3
4122602;9581;2
4122651;5231;2
4122701;6702;2
4122800;4003;1
4122909;5158;2
4123006;14713;3
4123105;3603;1
4123204;3544;1
4123303;8113;2
4123402;11691;3
4123501;25911;4
4123600;1727;1
4123709;8858;2
4123808;14411;3
4123824;3955;1
4123857;10716;3
4123907;12307;3
4123956;3915;1
4124004;5222;2
4124020;10471;3
4124053;22992;4
4124103;45819;4
4124202;2741;1
4124301;2281;1
4124400;20158;4
4124509;5506;2
4124608;6839;2
4124707;11519;3
4124806;10644;3
4124905;6025;2
4125001;11005;3
4125100;14927;3
4125209;9291;2
4125308;5676;2
4125357;5946;2
4125407;6485;2
4125456;3816;1
4125506;307530;6
4125555;2189;1
4125605;45398;4
4125704;27461;4
4125753;6286;2
4125803;10928;3
4125902;2443;1
4126009;8985;2
4126108;5715;2
4126207;6905;2
4126256;94181;5
4126272;5448;2
4126306;19443;3
4126355;4637;1
4126405;5633;2
4126504;16485;3
4126603;20508;4
4126652;3222;1
4126678;14143;3
4126702;5064;2
4126801;15962;3
4126900;5798;2
4127007;11834;3
4127106;77276;5
4127205;16991;3
4127304;16578;3
4127403;17627;3
4127502;20562;4
4127601;16348;3
4127700;135538;6
4127809;8470;2
4127858;12256;3
4127882;7971;2
4127908;8833;2
4127957;8277;2
4127965;13640;3
4128005;21762;4
4128104;109955;6
4128203;57027;5
4128302;2614;1
4128401;11662;3
4128500;19856;3
4128534;11407;3
4128559;8918;2
4128609;7692;2
4128625;2998;1
4128633;5781;2
4128658;4095;1
4128708;6878;2
4128807;5957;2
4200051;2604;1
4200101;17847;3
4200200;10581;3
4200309;5437;2
4200408;7154;2
4200507;6445;2
4200556;2387;1
4200606;6298;2
4200705;9960;2
4200754;1967;1
4200804;5832;2
4200903;4943;1
4201000;7537;2
4201109;3248;1
4201208;8327;2
4201257;10542;3
4201273;4281;1
4201307;35268;4
4201406;67110;5
4201505;8520;2
4201604;3564;1
4201653;2261;1
4201703;7877;2
4201802;3254;1
4201901;5688;2
4201950;12344;3
4202008;135268;6
4202057;10317;3
4202073;10413;3
4202081;2751;1
4202099;1739;1
4202107;27781;4
4202131;6304;2
4202156;2709;1
4202206;11425;3
4202305;66558;5
4202404;348513;6
4202438;3456;1
4202453;18623;3
4202503;4694;1
4202537;2919;1
4202578;2151;1
4202602;9796;2
4202701;5100;2
4202800;32648;4
4202859;3709;1
4202875;2539;1
4202909;128818;6
4203006;77323;5
4203105;6213;2
4203154;3380;1
4203204;78731;5
4203253;2597;1
4203303;12012;3
4203402;7177;2
4203501;8787;2
4203600;35710;4
4203709;11944;3
4203808;54403;5
4203907;22524;4
4203956;24298;4
4204004;10632;3
4204103;3850;1
4204152;2760;1
4204178;3254;1
4204194;2953;1
4204202;213279;6
4204251;16446;3
4204301;73766;5
4204350;4321;1
4204400;10130;3
4204459;2548;1
4204509;15541;3
4204558;13358;3
4204608;211369;6
4204707;11057;3
4204756;1955;1
4204806;39566;4
4204905;8399;2
4205001;15450;3
4205100;4081;1
4205159;4043;1
4205175;3183;1
4205191;2076;1
4205209;4480;1
4205308;10745;3
4205357;1594;1
4205407;485838;6
4205431;2549;1
4205456;25988;4
4205506;36261;4
4205555;2146;1
4205605;3058;1
4205704;22082;4
4205803;17479;3
4205902;67392;5
4206009;14229;3
4206108;6537;2
4206207;11394;3
4206306;22732;4
4206405;10259;3
4206504;42872;4
4206603;5139;2
4206652;4733;1
4206702;22443;4
4206751;1967;1
4206801;3268;1
4206900;18721;3
4207007;54845;5
4207106;13857;3
4207205;10571;3
4207304;44076;4
4207403;6133;2
4207502;66497;5
4207577;2917;1
4207601;4562;1
4207650;8930;2
4207684;7400;2
4207700;7561;2
4207759;4067;1
4207809;10285;3
4207858;1984;1
4207908;11133;3
4208005;6275;2
4208104;21506;4
4208203;212615;6
4208302;61187;5
4208401;16683;3
4208450;19355;3
4208500;24622;4
4208609;3990;1
4208708;10539;3
4208807;19527;3
4208906;170835;6
4208955;1625;1
4209003;29608;4
4209102;577077;7
4209151;4887;1
4209177;2127;1
4209201;2251;1
4209300;158508;6
4209409;45311;4
4209458;1453;1
4209508;6790;2
4209607;15149;3
4209706;12133;3
4209805;3140;1
4209854;4615;1
4209904;11774;3
4210001;12413;3
4210035;5705;2
4210050;1799;1
4210100;55907;5
4210209;3429;1
4210308;8015;2
4210407;7139;2
4210506;25076;4
4210555;1906;1
4210605;16455;3
4210704;2614;1
4210803;7047;2
4210852;2374;1
4210902;4192;1
4211009;11496;3
4211058;9785;2
4211108;8471;2
4211207;17532;3
4211256;2915;1
4211306;77137;5
4211405;4879;1
4211454;4339;1
4211504;14099;3
4211603;14837;3
4211652;2532;1
4211702;22723;4
4211751;18313;3
4211801;7363;2
4211850;2245;1
4211876;1577;1
4211892;2376;1
4211900;164926;6
4212007;7558;2
4212056;2586;1
4212106;16253;3
4212205;19015;3
4212239;3613;1
4212254;8370;2
4212270;4243;1
4212304;7360;2
4212403;4026;1
4212502;31025;4
4212601;2855;1
4212650;9980;2
4212700;6021;2
4212809;21884;4
4212908;19511;3
4213005;3480;1
4213104;4102;1
4213153;2844;1
4213203;32334;4
4213302;4767;1
4213351;3413;1
4213401;11545;3
4213500;20294;4
4213609;35207;4
4213708;16957;3
4213807;7364;2
4213906;1610;1
4214003;16996;3
4214102;2304;1
4214151;2906;1
4214201;10044;3
4214300;2871;1
4214409;6246;2
4214508;6043;2
4214607;7463;2
4214706;11431;3
4214805;69188;5
4214904;4606;1
4215000;42029;4
4215059;2489;1
4215075;4670;1
4215109;11488;3
4215208;5022;2
4215307;7634;2
4215356;3847;1
4215406;4655;1
4215455;12233;3
4215505;16701;3
4215554;2266;1
4215604;2139;1
4215653;8356;2
4215679;8846;2
4215687;2557;1
4215695;1317;1
4215703;22609;4
4215752;2449;1
4215802;82842;5
4215901;2899;1
4216008;11132;3
4216057;5464;2
4216107;9502;2
4216206;50701;5
4216255;6309;2
4216305;35065;4
4216354;3690;1
4216404;7268;2
4216503;26646;4
4216602;239718;6
4216701;13897;3
4216800;8588;2
4216909;23698;4
4217006;12934;3
4217105;3210;1
4217154;1848;1
4217204;39793;4
4217253;5602;2
4217303;9664;2
4217402;20095;4
4217501;17526;3
4217550;3301;1
4217600;13870;3
4217709;29710;4
4217758;2551;1
4217808;18261;3
4217907;8738;2
4217956;1695;1
4218004;36931;4
4218103;5377;2
4218202;42801;4
4218251;7767;2
4218301;19146;3
4218350;3863;1
4218400;7098;2
4218509;7545;2
4218608;7211;2
4218707;104457;6
4218756;4597;1
4218806;12746;3
4218855;2600;1
4218905;11191;3
4218954;2487;1
4219002;21177;4
4219101;3590;1
4219150;2543;1
4219176;4597;1
4219200;6356;2
4219309;52066;5
4219358;5056;2
4219408;3912;1
4219507;49738;4
4219606;4012;1
4219705;28210;4
4219853;3300;1
4220000;12403;3
4300034;4759;1
4300059;3841;1
4300109;17085;3
4300208;7358;2
4300307;6736;2
4300406;78003;5
4300455;4037;1
4300471;2079;1
4300505;7433;2
4300554;1803;1
4300570;3040;1
4300604;208177;6
4300638;6854;2
4300646;7576;2
4300661;1306;1
4300703;6210;2
4300802;13306;3
4300851;3748;1
4300877;5395;2
4300901;6601;2
4301008;20272;4
4301057;9050;2
4301073;2906;1
4301107;14255;3
4301206;13388;3
4301305;18922;3
4301404;10614;3
4301503;7091;2
4301552;3718;1
4301602;122209;6
4301636;12671;3
4301651;6109;2
4301701;6763;2
4301750;7440;2
4301800;5474;2
4301859;3253;1
4301875;4223;1
4301909;13365;3
4301925;1915;1
4301958;2516;1
4302006;11486;3
4302055;2227;1
4302105;115069;6
4302154;2167;1
4302204;6829;2
4302220;2526;1
4302238;2579;1
4302253;2859;1
4302303;11773;3
4302352;13189;3
4302378;2216;1
4302402;12204;3
4302451;7914;2
4302501;6801;2
4302584;2228;1
4302600;3647;1
4302659;4996;1
4302709;21247;4
4302808;34634;4
4302907;13552;3
4303004;85495;5
4303103;127318;6
4303202;5100;2
4303301;5042;2
4303400;5064;2
4303509;66215;5
4303558;2733;1
4303608;6680;2
4303673;3407;1
4303707;5994;2
4303806;5641;2
4303905;64914;5
4304002;5161;2
4304101;3514;1
4304200;31603;4
4304309;6567;2
4304358;9406;2
4304408;43062;4
4304507;56103;5
4304606;343853;6
4304614;1817;1
4304622;1758;1
4304630;48401;4
4304655;3449;1
4304663;25495;4
4304671;4362;1
4304689;11455;3
4304697;2769;1
4304705;62339;5
4304713;7971;2
4304804;28091;4
4304853;1547;1
4304903;9079;2
4304952;3185;1
4305009;9335;2
4305108;483377;6
4305116;3016;1
4305124;6443;2
4305132;4694;1
4305157;2437;1
4305173;11486;3
4305207;14069;3
4305306;9597;2
4305355;38899;4
4305371;3482;1
4305405;4026;1
4305439;6456;2
4305447;5319;2
4305454;14710;3
4305504;4983;1
4305587;2499;1
4305603;3478;1
4305702;6836;2
4305801;10109;3
4305835;1559;1
4305850;2458;1
4305871;2559;1
4305900;7776;2
4305934;1728;1
4305959;4000;1
4305975;2876;1
4306007;14195;3
4306056;7831;2
4306072;2918;1
4306106;63463;5
4306130;2059;1
4306205;12258;3
4306304;4844;1
4306320;3102;1
4306353;2744;1
4306379;3130;1
4306403;30753;4
4306429;2158;1
4306452;3430;1
4306502;15279;3
4306551;2617;1
4306601;39822;4
4306700;3331;1
4306734;5110;2
4306759;2071;1
4306767;38581;4
4306809;22128;4
4306908;25872;4
4306924;1340;1
4306932;8981;2
4306957;3035;1
4306973;3066;1
4307005;103437;6
4307054;3215;1
4307104;6980;2
4307203;5170;2
4307302;7660;2
4307401;3313;1
4307450;3204;1
4307500;15843;3
4307559;6161;2
4307609;47287;4
4307708;84237;5
4307807;33140;4
4307815;3745;1
4307831;2699;1
4307864;2724;1
4307906;69542;5
4308003;6867;2
4308052;2523;1
4308078;4194;1
4308102;13273;3
4308201;29603;4
4308250;1958;1
4308300;10836;3
4308409;7053;2
4308433;2519;1
4308458;4588;1
4308508;30832;4
4308607;33624;4
4308656;3182;1
4308706;5878;2
4308805;8663;2
4308854;1705;1
4308904;16648;3
4309001;17069;3
4309050;7654;2
4309100;35047;4
4309126;2247;1
4309159;4251;1
4309209;275146;6
4309258;1600;1
4309308;99334;5
4309407;24836;4
4309506;8080;2
4309555;4664;1
4309571;3070;1
4309605;19338;3
4309654;6561;2
4309704;4988;1
4309753;4519;1
4309803;4846;1
4309902;7458;2
4309951;4155;1
4310009;20355;4
4310108;34903;4
4310207;83330;5
4310306;4202;1
4310330;20578;4
4310363;3157;1
4310405;6598;2
4310413;2312;1
4310439;6482;2
4310462;1975;1
4310504;7921;2
4310538;5384;2
4310553;3552;1
4310579;2295;1
4310603;39012;4
4310652;2583;1
4310702;3896;1
4310751;2104;1
4310801;22514;4
4310850;4082;1
4310876;2666;1
4310900;3704;1
4311007;28156;4
4311106;11514;3
4311122;4083;1
4311130;3645;1
4311155;8679;2
4311205;20012;4
4311239;2852;1
4311254;6516;2
4311270;1650;1
4311304;28454;4
4311403;79819;5
4311429;2596;1
4311502;7807;2
4311601;5686;2
4311627;5765;2
4311643;1712;1
4311700;5640;2
4311718;4804;1
4311734;3079;1
4311759;7383;2
4311775;7016;2
4311791;2677;1
4311809;41059;4
4311908;4941;1
4311981;3932;1
4312005;2190;1
4312054;4159;1
4312104;5124;2
4312138;2574;1
4312153;4276;1
4312179;1780;1
4312203;4804;1
4312252;8059;2
4312302;4975;1
4312351;1545;1
4312377;3249;1
4312385;2689;1
4312401;63868;5
4312427;2986;1
4312443;3166;1
4312450;6566;2
4312476;6183;2
4312500;12794;3
4312609;5006;2
4312617;3156;1
4312625;1903;1
4312658;17185;3
4312674;1752;1
4312708;12247;3
4312757;3481;1
4312807;4471;1
4312906;9599;2
4312955;1932;1
4313003;3344;1
4313011;2807;1
4313037;5125;2
4313060;20405;4
4313086;2568;1
4313102;6605;2
4313201;20675;4
4313300;25559;4
4313334;2417;1
4313359;3603;1
4313375;26450;4
4313391;4125;1
4313409;249508;6
4313425;3757;1
4313441;2312;1
4313466;1790;1
4313490;4181;1
4313508;44468;4
4313607;4172;1
4313656;11449;3
4313706;34844;4
4313805;7184;2
4313904;41781;4
4313953;9845;2
4314001;7404;2
4314027;7677;2
4314035;3760;1
4314050;56277;5
4314068;5554;2
4314076;6430;2
4314100;198799;6
4314134;2308;1
4314159;8485;2
4314175;2168;1
4314209;7999;2
4314308;4043;1
4314407;344385;6
4314423;5595;2
4314456;2616;1
4314464;2104;1
4314472;4544;1
4314498;4803;1
4314506;12913;3
4314548;2868;1
4314555;2625;1
4314605;20799;4
4314704;10623;3
4314753;2112;1
4314779;3990;1
4314787;1706;1
4314803;34692;4
4314902;1484941;7
4315008;5227;2
4315057;2536;1
4315073;1676;1
4315107;10718;3
4315131;1819;1
4315149;2752;1
4315156;6379;2
4315172;2034;1
4315206;4159;1
4315305;23532;4
4315313;1856;1
4315321;2824;1
4315354;3826;1
4315404;11187;3
4315453;2187;1
4315503;16315;3
4315552;3317;1
4315602;209378;6
4315701;39000;4
4315750;4607;1
4315800;11101;3
4315909;5967;2
4315958;2515;1
4316006;20920;4
4316105;10695;3
4316204;5497;2
4316303;7245;2
4316402;40727;4
4316428;2676;1
4316436;2849;1
4316451;12490;3
4316477;2776;1
4316501;7434;2
4316600;16237;3
4316709;8694;2
4316733;1695;1
4316758;6285;2
4316808;127429;6
4316907;278445;6
4316956;6358;2
4316972;2519;1
4317004;8414;2
4317103;82312;5
4317202;72753;5
4317251;1780;1
4317301;31274;4
4317400;50658;5
4317509;79101;5
4317558;2196;1
4317608;42333;4
4317707;11051;3
4317756;2059;1
4317806;14334;3
4317905;14738;3
4317954;2468;1
4318002;62808;5
4318051;3080;1
4318101;19382;3
4318200;21679;4
4318309;62957;5
4318408;23763;4
4318424;4831;1
4318432;2646;1
4318440;2842;1
4318457;2714;1
4318465;2158;1
4318481;4543;1
4318499;2205;1
4318507;27206;4
4318606;7117;2
4318614;2298;1
4318622;3496;1
4318705;230914;6
4318804;44580;4
4318903;35057;4
4319000;21364;4
4319109;5779;2
4319125;3309;1
4319158;7754;2
4319208;5677;2
4319307;6280;2
4319356;3639;1
4319364;1998;1
4319372;2991;1
4319406;16763;3
4319505;24967;4
4319604;24403;4
4319703;3581;1
4319711;2265;1
4319737;2760;1
4319752;2154;1
4319802;8817;2
4319901;80311;5
4320008;139476;6
4320107;23398;4
4320206;11144;3
4320230;3050;1
4320263;7428;2
4320305;5152;2
4320321;2880;1
4320354;5528;2
4320404;16184;3
4320453;2198;1
4320503;6065;2
4320552;6317;2
4320578;2114;1
4320602;3868;1
4320651;2481;1
4320677;10408;3
4320701;15018;3
4320800;31361;4
4320859;4526;1
4320909;22077;4
4321006;10814;3
4321105;17425;3
4321204;57544;5
4321303;27207;4
4321329;3101;1
4321352;5567;2
4321402;14008;3
4321436;10783;3
4321451;30846;4
4321469;2946;1
4321477;6294;2
4321493;2970;1
4321501;37564;4
4321600;47521;4
4321626;2391;1
4321634;2851;1
4321667;10904;3
4321709;26589;4
4321808;24497;4
4321832;2898;1
4321857;4457;1
4321907;24632;4
4321956;5961;2
4322004;28289;4
4322103;5965;2
4322152;4604;1
4322186;1573;1
4322202;23705;4
4322251;4472;1
4322301;8494;2
4322327;3585;1
4322343;2232;1
4322350;1374;1
4322376;2467;1
4322400;129784;6
4322509;65397;5
4322525;3461;1
4322533;11727;3
4322541;5638;2
4322558;2101;1
4322608;70481;5
4322707;26024;4
4322806;25073;4
4322855;1956;1
4322905;5205;2
4323002;253717;6
4323101;5152;2
4323200;3051;1
4323309;3382;1
4323358;2185;1
4323408;4407;1
4323457;4370;1
4323507;2877;1
4323606;1611;1
4323705;2882;1
4323754;3422;1
4323770;2977;1
4323804;14650;3
5000203;14992;3
5000252;5188;2
5000609;38465;4
5000708;24954;4
5000807;8927;2
5000856;10458;3
5000906;8808;2
5001003;25072;4
5001102;47482;4
5001243;11771;3
5001508;6795;2
5001904;22389;4
5002001;11248;3
5002100;24331;4
5002159;7820;2
5002209;21483;4
5002308;11864;3
5002407;29292;4
5002605;13694;3
5002704;874210;7
5002803;5972;2
5002902;21748;4
5002951;23940;4
5003108;5730;2
5003157;15016;3
5003207;109899;6
5003256;20159;4
5003306;33323;4
5003454;12773;3
5003488;11132;3
5003504;5827;2
5003702;218069;6
5003751;12224;3
5003801;19181;3
5003900;3027;1
5004007;9960;2
5004106;9991;2
5004304;15838;3
5004403;7618;2
5004502;23539;4
5004601;20637;4
5004700;23021;4
5004809;8836;2
5004908;7019;2
5005004;25758;4
5005103;4025;1
5005152;6553;2
5005202;22590;4
5005251;7177;2
5005400;44994;4
5005608;27525;4
5005681;18103;3
5005707;53188;5
5005806;14092;3
5006002;20772;4
5006200;52625;5
5006259;4041;1
5006275;5350;2
5006309;41755;4
5006358;13852;3
5006408;7683;2
5006606;89592;5
5006903;16879;3
5007109;23881;4
5007208;36144;4
5007307;4834;1
5007406;19569;3
5007505;5346;2
5007554;7732;2
5007695;25898;4
5007703;10790;3
5007802;6482;2
5007901;54575;5
5007935;18393;3
5007950;11284;3
5007976;3570;1
5008008;20855;4
5008305;117477;6
5008404;6041;2
5100102;5269;2
5100201;24501;4
5100250;50189;5
5100300;18164;3
5100359;6466;2
5100409;11532;3
5100508;10921;3
5100607;10246;3
5100805;9694;2
5101001;3036;1
5101209;931;1
5101258;16223;3
5101308;9455;2
5101407;21357;4
5101605;7872;2
5101704;33644;4
5101803;58974;5
5101852;6266;2
5101902;18688;3
5102504;91271;5
5102603;15386;3
5102637;33551;4
5102678;39933;4
5102686;6512;2
5102694;4630;1
5102702;20707;4
5102793;10136;3
5102850;8454;2
5103007;19049;3
5103056;11716;3
5103106;5535;2
5103205;32298;4
5103254;36161;4
5103304;19932;3
5103353;29471;4
5103361;3860;1
5103379;18689;3
5103403;590118;7
5103437;5049;2
5103452;9115;2
5103502;21294;4
5103601;7977;2
5103700;13451;3
5103809;3444;1
5103858;7296;2
5103908;5333;2
5103957;2964;1
5104104;34500;4
5104203;14615;3
5104500;2648;1
5104526;7171;2
5104542;6396;2
5104559;3800;1
5104609;12789;3
5104807;26633;4
5104906;7996;2
5105002;8776;2
5105101;33851;4
5105150;39779;4
5105176;14913;3
5105200;10971;3
5105234;5887;2
5105259;61515;5
5105309;2043;1
5105507;15534;3
5105580;10422;3
5105606;15870;3
5105622;26768;4
5105903;14917;3
5106000;5895;2
5106109;12484;3
5106158;14473;3
5106174;3655;1
5106182;6338;2
5106190;3596;1
5106208;3827;1
5106216;12388;3
5106224;42607;4
5106232;19465;3
5106240;11352;3
5106257;20639;4
5106265;8730;2
5106273;3876;1
5106281;5066;2
5106299;10884;3
5106307;21612;4
5106315;2498;1
5106372;16965;3
5106422;33630;4
5106455;2604;1
5106505;32241;4
5106653;6387;2
5106703;1560;1
5106752;43832;4
5106778;11995;3
5106802;5283;2
5106828;11603;3
5106851;2973;1
5107008;15985;3
5107040;59293;5
5107065;16512;3
5107107;18452;3
5107156;2646;1
5107180;9796;2
5107198;2320;1
5107206;5019;2
5107248;4360;1
5107263;3050;1
5107297;3908;1
5107305;19728;3
5107354;5416;2
5107404;4541;1
5107578;3854;1
5107602;222316;6
5107701;16908;3
5107743;2421;1
5107750;3347;1
5107768;3231;1
5107776;8049;2
5107792;4875;1
5107800;18392;3
5107859;11290;3
5107875;24305;4
5107883;1575;1
5107909;135874;6
5107925;85223;5
5107941;9309;2
5107958;98828;5
5108006;12967;3
5108055;9606;2
5108105;3682;1
5108204;3576;1
5108303;3468;1
5108352;3041;1
5108402;274013;6
5108501;10901;3
5108600;24835;4
5108808;4457;1
5108857;3159;1
5108907;8182;2
5108956;8822;2
5200050;8207;2
5200100;18775;3
5200134;22076;4
5200159;2564;1
5200175;5613;2
5200209;1967;1
5200258;195810;6
5200308;26770;4
5200506;2071;1
5200555;5784;2
5200605;7514;2
5200803;8645;2
5200829;3754;1
5200852;6018;2
5200902;3408;1
5201108;375142;6
5201207;1126;1
5201306;21746;4
5201405;542090;7
5201454;2517;1
5201504;4143;1
5201603;3731;1
5201702;19884;3
5201801;9765;2
5202155;7862;2
5202353;2957;1
5202502;9138;2
5202601;3422;1
5202809;2494;1
5203104;4677;1
5203203;10435;3
5203302;28514;4
5203401;8896;2
5203500;23998;4
5203559;9052;2
5203575;4143;1
5203609;3604;1
5203807;5817;2
5203906;9535;2
5203939;2583;1
5203962;3389;1
5204003;7935;2
5204102;12002;3
5204201;1414;1
5204250;8355;2
5204300;15287;3
5204409;18505;3
5204508;84900;5
5204557;3703;1
5204607;3622;1
5204656;3740;1
5204706;12321;3
5204805;7149;2
5204854;7345;2
5204904;19786;3
5204953;3399;1
5205000;9862;2
5205059;3610;1
5205109;102393;6
5205208;5041;2
5205307;9829;2
5205406;22155;4
5205455;8386;2
5205471;9110;2
5205497;66777;5
5205513;19583;3
5205521;3529;1
5205703;2514;1
5205802;11086;3
5205901;9332;2
5206206;55347;5
5206305;3029;1
5206404;16893;3
5206503;3606;1
5206602;2975;1
5206701;3389;1
5206800;2935;1
5206909;2133;1
5207105;2547;1
5207253;7750;2
5207352;3809;1
5207402;12231;3
5207501;3379;1
5207535;6947;2
5207600;6070;2
5207808;12923;3
5207907;15111;3
5208004;115789;6
5208103;4623;1
5208152;3777;1
5208301;4995;1
5208400;11471;3
5208509;5605;2
5208608;67507;5
5208707;1466105;7
5208806;41169;4
5208905;24103;4
5209101;34312;4
5209150;5656;2
5209200;14482;3
5209291;2206;1
5209408;4145;1
5209457;2052;1
5209606;3757;1
5209705;20472;4
5209804;3852;1
5209903;13675;3
5209937;6148;2
5209952;15213;3
5210000;52311;5
5210109;26747;4
5210158;2948;1
5210208;32242;4
5210307;2910;1
5210406;40872;4
5210562;4730;1
5210604;5456;2
5210802;4876;1
5210901;21691;4
5211008;6312;2
5211206;26586;4
5211305;6998;2
5211404;9019;2
5211503;102513;6
5211602;2554;1
5211701;6254;2
5211800;48216;4
5211909;98128;5
5212006;3004;1
5212055;2476;1
5212105;7468;2
5212204;19239;3
5212253;1490;1
5212303;7773;2
5212501;199615;6
5212600;2432;1
5212709;8271;2
5212808;10228;3
5212907;2226;1
5212956;4490;1
5213004;13379;3
5213053;2702;1
5213087;30696;4
5213103;62750;5
5213400;1666;1
5213509;8464;2
5213707;8236;2
5213756;12566;3
5213772;4447;1
5213806;45382;4
5213855;2351;1
5213905;4700;1
5214002;15125;3
5214051;5661;2
5214101;3906;1
5214408;8850;2
5214507;28271;4
5214606;45913;4
5214705;2373;1
5214804;2206;1
5214838;12810;3
5214861;8521;2
5214879;2961;1
5214903;3437;1
5215009;9389;2
5215207;3242;1
5215231;110096;6
5215256;4387;1
5215306;15472;3
5215405;3971;1
5215504;6340;2
5215603;32148;4
5215652;3514;1
5215702;27304;4
5215801;2424;1
5215900;3667;1
5216007;2712;1
5216304;9919;2
5216403;11221;3
5216452;3135;1
5216809;10548;3
5216908;2529;1
5217104;24885;4
5217203;11022;3
5217302;24761;4
5217401;31151;4
5217609;88863;5
5217708;17991;3
5218003;45305;4
5218052;3758;1
5218102;4044;1
5218300;35574;4
5218391;3360;1
5218508;48508;4
5218607;11036;3
5218706;4828;1
5218789;4112;1
5218805;217048;6
5218904;19994;3
5219001;7798;2
5219100;6393;2
5219209;3048;1
5219258;5309;2
5219308;38743;4
5219357;3857;1
5219407;8218;2
5219456;3359;1
5219506;2626;1
5219605;3710;1
5219704;9622;2
5219712;4780;1
5219738;5787;2
5219753;71887;5
5219803;12585;3
5219902;6366;2
5220009;12643;3
5220058;1547;1
5220108;33118;4
5220157;5071;2
5220207;22684;4
5220264;4037;1
5220280;2070;1
5220405;19697;3
5220454;105459;6
5220504;8323;2
5220603;20478;4
5220686;6891;2
5220702;2998;1
5221007;3625;1
5221080;3363;1
5221197;7634;2
5221304;2900;1
5221403;121266;6
5221452;3571;1
5221502;4818;1
5221551;5050;2
5221577;2961;1
5221601;40082;4
5221700;14195;3
5221809;3154;1
5221858;159500;6
5221908;3856;1
5222005;13675;3
5222054;8397;2
5222203;5731;2
5222302;5690;2
5300108;3039444;7
